registry_row_id,evidence_family_id,hypothesis_component,block_experiment,use_classification,record_role,condition_id,comparison_id,metric_name,metric_definition,observed_numerator,observed_denominator,observed_value,value_unit,value_status,dataset_id,dataset_sha256,n_series,n_dam,analysis_unit,dependency_group,source_path,source_git_blob,source_sha256,source_commit_binding,case_level_source_path,case_level_source_git_blob,estimand_id,estimand_text,expected_direction,future_analysis_status,multiplicity_family,paired_by,cluster_rule,frozen_exclusions,limitations,missing_reason
G3F02-0001,HE2_A_HISTORICAL_VS_NORMATIVE_FLAT_ATTEMPT06,HE2_A early-ranking superiority,Group 1 historical retrieval vs 0B-05C Attempt06 corrected EV03 flat,ELIGIBLE,PRIMARY_TARGET,HISTORICAL_H100,HE2_A_HISTORICAL_VS_NORMATIVE_FLAT_ATTEMPT06,Top-1,proportion of EVAL series with reference NANDINA at rank <= 1,538,1056,0.509469696969697,proportion,MATERIALIZED_FROZEN_VALUE,EVAL_V02_CHAPTER_87,3ddb7a0e80d8bfa20b985655f03d6ab65470b40f0738093413909b6584aee941,1056,67,SERIE,DAM / DECLARACIÓN,outputs/evaluation/historical_retrieval_data_aduanas_clase87_v0.2/historical_metrics.json,a43893eca3dd756a1ff11935a9cf55afb728e8f4,5334e64ab2b3f812f939b652fe1ee8ad8db24b673ebb48fd4d7b1ddb0dd444fa,main=366bf529c29cb999bfd043db33674a510ba184c7; main=a33fc7e10b5bc25a053e982f0ff24ff60eda042f; Attempt06 authorization=a9b06b8748316d7f3c403eaa9d55b735e12d96c3,outputs/evaluation/historical_retrieval_data_aduanas_clase87_v0.2/historical_case_summary.csv,63ec745aa30f1165cb42112c1362f0ecc7a93a68,HE2_A_HISTORICAL_VS_NORMATIVE_FLAT_ATTEMPT06:Top-1,series-weighted mean of paired per-series historical-minus-flat contributions; binary hit difference for Top-k and reciprocal-rank@100 difference for MRR@100,historical-minus-flat > 0,INFERENTIAL_ELIGIBLE,HE2_A_HISTORICAL_VS_NORMATIVE_FLAT_ATTEMPT06:TOP1_TOP3_TOP5_TOP10_MRR100,"case_id,id_unico; same EVAL cases","paired DAM-cluster bootstrap; sample 67 DAM with replacement, carry all series, identical sampled cases for both strategies, recompute series-weighted estimand; B=10000; seed=20263001; two-sided percentile intervals",superseded flat outputs | split 3000/1006 | Top-50 as primary | result-dependent metric selection,offline internal Chapter 87 benchmark; no external-population claim,
G3F02-0002,HE2_A_HISTORICAL_VS_NORMATIVE_FLAT_ATTEMPT06,HE2_A early-ranking superiority,Group 1 historical retrieval vs 0B-05C Attempt06 corrected EV03 flat,ELIGIBLE,PRIMARY_TARGET,FLAT_DECISION906,HE2_A_HISTORICAL_VS_NORMATIVE_FLAT_ATTEMPT06,Top-1,proportion of EVAL series with reference NANDINA at rank <= 1,29,1056,0.027462121212121212,proportion,MATERIALIZED_FROZEN_VALUE,EVAL_V02_CHAPTER_87,3ddb7a0e80d8bfa20b985655f03d6ab65470b40f0738093413909b6584aee941,1056,67,SERIE,DAM / DECLARACIÓN,outputs/evaluation/normative_bm25_flat_corrective_decision906_v0.5/normative_flat_metrics.json,922ecbee8316ee36cd8a53d3ac52f79fac4cd3ed,09d8622d1eeaee9dbb23a1fd0657e4a7738ae7aff46bba04ae4347dbdb5affe6,main=366bf529c29cb999bfd043db33674a510ba184c7; main=a33fc7e10b5bc25a053e982f0ff24ff60eda042f; Attempt06 authorization=a9b06b8748316d7f3c403eaa9d55b735e12d96c3,outputs/evaluation/normative_bm25_flat_corrective_decision906_v0.5/normative_flat_case_summary.csv,cbcabd9d29495d8b2ae43b84b24103debc68cd82,HE2_A_HISTORICAL_VS_NORMATIVE_FLAT_ATTEMPT06:Top-1,series-weighted mean of paired per-series historical-minus-flat contributions; binary hit difference for Top-k and reciprocal-rank@100 difference for MRR@100,historical-minus-flat > 0,INFERENTIAL_ELIGIBLE,HE2_A_HISTORICAL_VS_NORMATIVE_FLAT_ATTEMPT06:TOP1_TOP3_TOP5_TOP10_MRR100,"case_id,id_unico; same EVAL cases","paired DAM-cluster bootstrap; sample 67 DAM with replacement, carry all series, identical sampled cases for both strategies, recompute series-weighted estimand; B=10000; seed=20263001; two-sided percentile intervals",superseded flat outputs | split 3000/1006 | Top-50 as primary | result-dependent metric selection,offline internal Chapter 87 benchmark; no external-population claim,
G3F02-0003,HE2_A_HISTORICAL_VS_NORMATIVE_FLAT_ATTEMPT06,HE2_A early-ranking superiority,Group 1 historical retrieval vs 0B-05C Attempt06 corrected EV03 flat,ELIGIBLE,PRIMARY_TARGET,HISTORICAL_H100,HE2_A_HISTORICAL_VS_NORMATIVE_FLAT_ATTEMPT06,Top-3,proportion of EVAL series with reference NANDINA at rank <= 3,709,1056,0.6714015151515151,proportion,MATERIALIZED_FROZEN_VALUE,EVAL_V02_CHAPTER_87,3ddb7a0e80d8bfa20b985655f03d6ab65470b40f0738093413909b6584aee941,1056,67,SERIE,DAM / DECLARACIÓN,outputs/evaluation/historical_retrieval_data_aduanas_clase87_v0.2/historical_metrics.json,a43893eca3dd756a1ff11935a9cf55afb728e8f4,5334e64ab2b3f812f939b652fe1ee8ad8db24b673ebb48fd4d7b1ddb0dd444fa,main=366bf529c29cb999bfd043db33674a510ba184c7; main=a33fc7e10b5bc25a053e982f0ff24ff60eda042f; Attempt06 authorization=a9b06b8748316d7f3c403eaa9d55b735e12d96c3,outputs/evaluation/historical_retrieval_data_aduanas_clase87_v0.2/historical_case_summary.csv,63ec745aa30f1165cb42112c1362f0ecc7a93a68,HE2_A_HISTORICAL_VS_NORMATIVE_FLAT_ATTEMPT06:Top-3,series-weighted mean of paired per-series historical-minus-flat contributions; binary hit difference for Top-k and reciprocal-rank@100 difference for MRR@100,historical-minus-flat > 0,INFERENTIAL_ELIGIBLE,HE2_A_HISTORICAL_VS_NORMATIVE_FLAT_ATTEMPT06:TOP1_TOP3_TOP5_TOP10_MRR100,"case_id,id_unico; same EVAL cases","paired DAM-cluster bootstrap; sample 67 DAM with replacement, carry all series, identical sampled cases for both strategies, recompute series-weighted estimand; B=10000; seed=20263001; two-sided percentile intervals",superseded flat outputs | split 3000/1006 | Top-50 as primary | result-dependent metric selection,offline internal Chapter 87 benchmark; no external-population claim,
G3F02-0004,HE2_A_HISTORICAL_VS_NORMATIVE_FLAT_ATTEMPT06,HE2_A early-ranking superiority,Group 1 historical retrieval vs 0B-05C Attempt06 corrected EV03 flat,ELIGIBLE,PRIMARY_TARGET,FLAT_DECISION906,HE2_A_HISTORICAL_VS_NORMATIVE_FLAT_ATTEMPT06,Top-3,proportion of EVAL series with reference NANDINA at rank <= 3,54,1056,0.05113636363636364,proportion,MATERIALIZED_FROZEN_VALUE,EVAL_V02_CHAPTER_87,3ddb7a0e80d8bfa20b985655f03d6ab65470b40f0738093413909b6584aee941,1056,67,SERIE,DAM / DECLARACIÓN,outputs/evaluation/normative_bm25_flat_corrective_decision906_v0.5/normative_flat_metrics.json,922ecbee8316ee36cd8a53d3ac52f79fac4cd3ed,09d8622d1eeaee9dbb23a1fd0657e4a7738ae7aff46bba04ae4347dbdb5affe6,main=366bf529c29cb999bfd043db33674a510ba184c7; main=a33fc7e10b5bc25a053e982f0ff24ff60eda042f; Attempt06 authorization=a9b06b8748316d7f3c403eaa9d55b735e12d96c3,outputs/evaluation/normative_bm25_flat_corrective_decision906_v0.5/normative_flat_case_summary.csv,cbcabd9d29495d8b2ae43b84b24103debc68cd82,HE2_A_HISTORICAL_VS_NORMATIVE_FLAT_ATTEMPT06:Top-3,series-weighted mean of paired per-series historical-minus-flat contributions; binary hit difference for Top-k and reciprocal-rank@100 difference for MRR@100,historical-minus-flat > 0,INFERENTIAL_ELIGIBLE,HE2_A_HISTORICAL_VS_NORMATIVE_FLAT_ATTEMPT06:TOP1_TOP3_TOP5_TOP10_MRR100,"case_id,id_unico; same EVAL cases","paired DAM-cluster bootstrap; sample 67 DAM with replacement, carry all series, identical sampled cases for both strategies, recompute series-weighted estimand; B=10000; seed=20263001; two-sided percentile intervals",superseded flat outputs | split 3000/1006 | Top-50 as primary | result-dependent metric selection,offline internal Chapter 87 benchmark; no external-population claim,
G3F02-0005,HE2_A_HISTORICAL_VS_NORMATIVE_FLAT_ATTEMPT06,HE2_A early-ranking superiority,Group 1 historical retrieval vs 0B-05C Attempt06 corrected EV03 flat,ELIGIBLE,PRIMARY_TARGET,HISTORICAL_H100,HE2_A_HISTORICAL_VS_NORMATIVE_FLAT_ATTEMPT06,Top-5,proportion of EVAL series with reference NANDINA at rank <= 5,806,1056,0.7632575757575758,proportion,MATERIALIZED_FROZEN_VALUE,EVAL_V02_CHAPTER_87,3ddb7a0e80d8bfa20b985655f03d6ab65470b40f0738093413909b6584aee941,1056,67,SERIE,DAM / DECLARACIÓN,outputs/evaluation/historical_retrieval_data_aduanas_clase87_v0.2/historical_metrics.json,a43893eca3dd756a1ff11935a9cf55afb728e8f4,5334e64ab2b3f812f939b652fe1ee8ad8db24b673ebb48fd4d7b1ddb0dd444fa,main=366bf529c29cb999bfd043db33674a510ba184c7; main=a33fc7e10b5bc25a053e982f0ff24ff60eda042f; Attempt06 authorization=a9b06b8748316d7f3c403eaa9d55b735e12d96c3,outputs/evaluation/historical_retrieval_data_aduanas_clase87_v0.2/historical_case_summary.csv,63ec745aa30f1165cb42112c1362f0ecc7a93a68,HE2_A_HISTORICAL_VS_NORMATIVE_FLAT_ATTEMPT06:Top-5,series-weighted mean of paired per-series historical-minus-flat contributions; binary hit difference for Top-k and reciprocal-rank@100 difference for MRR@100,historical-minus-flat > 0,INFERENTIAL_ELIGIBLE,HE2_A_HISTORICAL_VS_NORMATIVE_FLAT_ATTEMPT06:TOP1_TOP3_TOP5_TOP10_MRR100,"case_id,id_unico; same EVAL cases","paired DAM-cluster bootstrap; sample 67 DAM with replacement, carry all series, identical sampled cases for both strategies, recompute series-weighted estimand; B=10000; seed=20263001; two-sided percentile intervals",superseded flat outputs | split 3000/1006 | Top-50 as primary | result-dependent metric selection,offline internal Chapter 87 benchmark; no external-population claim,
G3F02-0006,HE2_A_HISTORICAL_VS_NORMATIVE_FLAT_ATTEMPT06,HE2_A early-ranking superiority,Group 1 historical retrieval vs 0B-05C Attempt06 corrected EV03 flat,ELIGIBLE,PRIMARY_TARGET,FLAT_DECISION906,HE2_A_HISTORICAL_VS_NORMATIVE_FLAT_ATTEMPT06,Top-5,proportion of EVAL series with reference NANDINA at rank <= 5,65,1056,0.061553030303030304,proportion,MATERIALIZED_FROZEN_VALUE,EVAL_V02_CHAPTER_87,3ddb7a0e80d8bfa20b985655f03d6ab65470b40f0738093413909b6584aee941,1056,67,SERIE,DAM / DECLARACIÓN,outputs/evaluation/normative_bm25_flat_corrective_decision906_v0.5/normative_flat_metrics.json,922ecbee8316ee36cd8a53d3ac52f79fac4cd3ed,09d8622d1eeaee9dbb23a1fd0657e4a7738ae7aff46bba04ae4347dbdb5affe6,main=366bf529c29cb999bfd043db33674a510ba184c7; main=a33fc7e10b5bc25a053e982f0ff24ff60eda042f; Attempt06 authorization=a9b06b8748316d7f3c403eaa9d55b735e12d96c3,outputs/evaluation/normative_bm25_flat_corrective_decision906_v0.5/normative_flat_case_summary.csv,cbcabd9d29495d8b2ae43b84b24103debc68cd82,HE2_A_HISTORICAL_VS_NORMATIVE_FLAT_ATTEMPT06:Top-5,series-weighted mean of paired per-series historical-minus-flat contributions; binary hit difference for Top-k and reciprocal-rank@100 difference for MRR@100,historical-minus-flat > 0,INFERENTIAL_ELIGIBLE,HE2_A_HISTORICAL_VS_NORMATIVE_FLAT_ATTEMPT06:TOP1_TOP3_TOP5_TOP10_MRR100,"case_id,id_unico; same EVAL cases","paired DAM-cluster bootstrap; sample 67 DAM with replacement, carry all series, identical sampled cases for both strategies, recompute series-weighted estimand; B=10000; seed=20263001; two-sided percentile intervals",superseded flat outputs | split 3000/1006 | Top-50 as primary | result-dependent metric selection,offline internal Chapter 87 benchmark; no external-population claim,
G3F02-0007,HE2_A_HISTORICAL_VS_NORMATIVE_FLAT_ATTEMPT06,HE2_A early-ranking superiority,Group 1 historical retrieval vs 0B-05C Attempt06 corrected EV03 flat,ELIGIBLE,PRIMARY_TARGET,HISTORICAL_H100,HE2_A_HISTORICAL_VS_NORMATIVE_FLAT_ATTEMPT06,Top-10,proportion of EVAL series with reference NANDINA at rank <= 10,941,1056,0.8910984848484849,proportion,MATERIALIZED_FROZEN_VALUE,EVAL_V02_CHAPTER_87,3ddb7a0e80d8bfa20b985655f03d6ab65470b40f0738093413909b6584aee941,1056,67,SERIE,DAM / DECLARACIÓN,outputs/evaluation/historical_retrieval_data_aduanas_clase87_v0.2/historical_metrics.json,a43893eca3dd756a1ff11935a9cf55afb728e8f4,5334e64ab2b3f812f939b652fe1ee8ad8db24b673ebb48fd4d7b1ddb0dd444fa,main=366bf529c29cb999bfd043db33674a510ba184c7; main=a33fc7e10b5bc25a053e982f0ff24ff60eda042f; Attempt06 authorization=a9b06b8748316d7f3c403eaa9d55b735e12d96c3,outputs/evaluation/historical_retrieval_data_aduanas_clase87_v0.2/historical_case_summary.csv,63ec745aa30f1165cb42112c1362f0ecc7a93a68,HE2_A_HISTORICAL_VS_NORMATIVE_FLAT_ATTEMPT06:Top-10,series-weighted mean of paired per-series historical-minus-flat contributions; binary hit difference for Top-k and reciprocal-rank@100 difference for MRR@100,historical-minus-flat > 0,INFERENTIAL_ELIGIBLE,HE2_A_HISTORICAL_VS_NORMATIVE_FLAT_ATTEMPT06:TOP1_TOP3_TOP5_TOP10_MRR100,"case_id,id_unico; same EVAL cases","paired DAM-cluster bootstrap; sample 67 DAM with replacement, carry all series, identical sampled cases for both strategies, recompute series-weighted estimand; B=10000; seed=20263001; two-sided percentile intervals",superseded flat outputs | split 3000/1006 | Top-50 as primary | result-dependent metric selection,offline internal Chapter 87 benchmark; no external-population claim,
G3F02-0008,HE2_A_HISTORICAL_VS_NORMATIVE_FLAT_ATTEMPT06,HE2_A early-ranking superiority,Group 1 historical retrieval vs 0B-05C Attempt06 corrected EV03 flat,ELIGIBLE,PRIMARY_TARGET,FLAT_DECISION906,HE2_A_HISTORICAL_VS_NORMATIVE_FLAT_ATTEMPT06,Top-10,proportion of EVAL series with reference NANDINA at rank <= 10,69,1056,0.06534090909090909,proportion,MATERIALIZED_FROZEN_VALUE,EVAL_V02_CHAPTER_87,3ddb7a0e80d8bfa20b985655f03d6ab65470b40f0738093413909b6584aee941,1056,67,SERIE,DAM / DECLARACIÓN,outputs/evaluation/normative_bm25_flat_corrective_decision906_v0.5/normative_flat_metrics.json,922ecbee8316ee36cd8a53d3ac52f79fac4cd3ed,09d8622d1eeaee9dbb23a1fd0657e4a7738ae7aff46bba04ae4347dbdb5affe6,main=366bf529c29cb999bfd043db33674a510ba184c7; main=a33fc7e10b5bc25a053e982f0ff24ff60eda042f; Attempt06 authorization=a9b06b8748316d7f3c403eaa9d55b735e12d96c3,outputs/evaluation/normative_bm25_flat_corrective_decision906_v0.5/normative_flat_case_summary.csv,cbcabd9d29495d8b2ae43b84b24103debc68cd82,HE2_A_HISTORICAL_VS_NORMATIVE_FLAT_ATTEMPT06:Top-10,series-weighted mean of paired per-series historical-minus-flat contributions; binary hit difference for Top-k and reciprocal-rank@100 difference for MRR@100,historical-minus-flat > 0,INFERENTIAL_ELIGIBLE,HE2_A_HISTORICAL_VS_NORMATIVE_FLAT_ATTEMPT06:TOP1_TOP3_TOP5_TOP10_MRR100,"case_id,id_unico; same EVAL cases","paired DAM-cluster bootstrap; sample 67 DAM with replacement, carry all series, identical sampled cases for both strategies, recompute series-weighted estimand; B=10000; seed=20263001; two-sided percentile intervals",superseded flat outputs | split 3000/1006 | Top-50 as primary | result-dependent metric selection,offline internal Chapter 87 benchmark; no external-population claim,
G3F02-0009,HE2_A_HISTORICAL_VS_NORMATIVE_FLAT_ATTEMPT06,HE2_A early-ranking superiority,Group 1 historical retrieval vs 0B-05C Attempt06 corrected EV03 flat,ELIGIBLE,PRIMARY_TARGET,HISTORICAL_H100,HE2_A_HISTORICAL_VS_NORMATIVE_FLAT_ATTEMPT06,MRR@100,mean reciprocal rank truncated at depth 100; historical MRR is operationally MRR@100 because frozen ranking depth is 100,664.9713833162234,1056,0.6297077493524843,mean_reciprocal_rank,MATERIALIZED_FROZEN_VALUE,EVAL_V02_CHAPTER_87,3ddb7a0e80d8bfa20b985655f03d6ab65470b40f0738093413909b6584aee941,1056,67,SERIE,DAM / DECLARACIÓN,outputs/evaluation/historical_retrieval_data_aduanas_clase87_v0.2/historical_metrics.json,a43893eca3dd756a1ff11935a9cf55afb728e8f4,5334e64ab2b3f812f939b652fe1ee8ad8db24b673ebb48fd4d7b1ddb0dd444fa,main=366bf529c29cb999bfd043db33674a510ba184c7; main=a33fc7e10b5bc25a053e982f0ff24ff60eda042f; Attempt06 authorization=a9b06b8748316d7f3c403eaa9d55b735e12d96c3,outputs/evaluation/historical_retrieval_data_aduanas_clase87_v0.2/historical_case_summary.csv,63ec745aa30f1165cb42112c1362f0ecc7a93a68,HE2_A_HISTORICAL_VS_NORMATIVE_FLAT_ATTEMPT06:MRR@100,series-weighted mean of paired per-series historical-minus-flat contributions; binary hit difference for Top-k and reciprocal-rank@100 difference for MRR@100,historical-minus-flat > 0,INFERENTIAL_ELIGIBLE,HE2_A_HISTORICAL_VS_NORMATIVE_FLAT_ATTEMPT06:TOP1_TOP3_TOP5_TOP10_MRR100,"case_id,id_unico; same EVAL cases","paired DAM-cluster bootstrap; sample 67 DAM with replacement, carry all series, identical sampled cases for both strategies, recompute series-weighted estimand; B=10000; seed=20263001; two-sided percentile intervals",superseded flat outputs | split 3000/1006 | Top-50 as primary | result-dependent metric selection,offline internal Chapter 87 benchmark; no external-population claim,
G3F02-0010,HE2_A_HISTORICAL_VS_NORMATIVE_FLAT_ATTEMPT06,HE2_A early-ranking superiority,Group 1 historical retrieval vs 0B-05C Attempt06 corrected EV03 flat,ELIGIBLE,PRIMARY_TARGET,FLAT_DECISION906,HE2_A_HISTORICAL_VS_NORMATIVE_FLAT_ATTEMPT06,MRR@100,mean reciprocal rank truncated at depth 100; historical MRR is operationally MRR@100 because frozen ranking depth is 100,44.66596703438809,1056,0.04229731726741296,mean_reciprocal_rank,MATERIALIZED_FROZEN_VALUE,EVAL_V02_CHAPTER_87,3ddb7a0e80d8bfa20b985655f03d6ab65470b40f0738093413909b6584aee941,1056,67,SERIE,DAM / DECLARACIÓN,outputs/evaluation/normative_bm25_flat_corrective_decision906_v0.5/normative_flat_metrics.json,922ecbee8316ee36cd8a53d3ac52f79fac4cd3ed,09d8622d1eeaee9dbb23a1fd0657e4a7738ae7aff46bba04ae4347dbdb5affe6,main=366bf529c29cb999bfd043db33674a510ba184c7; main=a33fc7e10b5bc25a053e982f0ff24ff60eda042f; Attempt06 authorization=a9b06b8748316d7f3c403eaa9d55b735e12d96c3,outputs/evaluation/normative_bm25_flat_corrective_decision906_v0.5/normative_flat_case_summary.csv,cbcabd9d29495d8b2ae43b84b24103debc68cd82,HE2_A_HISTORICAL_VS_NORMATIVE_FLAT_ATTEMPT06:MRR@100,series-weighted mean of paired per-series historical-minus-flat contributions; binary hit difference for Top-k and reciprocal-rank@100 difference for MRR@100,historical-minus-flat > 0,INFERENTIAL_ELIGIBLE,HE2_A_HISTORICAL_VS_NORMATIVE_FLAT_ATTEMPT06:TOP1_TOP3_TOP5_TOP10_MRR100,"case_id,id_unico; same EVAL cases","paired DAM-cluster bootstrap; sample 67 DAM with replacement, carry all series, identical sampled cases for both strategies, recompute series-weighted estimand; B=10000; seed=20263001; two-sided percentile intervals",superseded flat outputs | split 3000/1006 | Top-50 as primary | result-dependent metric selection,offline internal Chapter 87 benchmark; no external-population claim,
G3F02-0011,HE2_A_HISTORICAL_VS_NORMATIVE_FLAT_ATTEMPT06,HE2_A early-ranking superiority,Group 1 historical retrieval vs 0B-05C Attempt06 corrected EV03 flat,ELIGIBLE,SUPPLEMENTARY,HISTORICAL_H100,HE2_A_HISTORICAL_VS_NORMATIVE_FLAT_ATTEMPT06,Top-50,proportion of EVAL series with reference NANDINA at rank <= 50,1047,1056,0.9914772727272727,proportion,MATERIALIZED_FROZEN_VALUE,EVAL_V02_CHAPTER_87,3ddb7a0e80d8bfa20b985655f03d6ab65470b40f0738093413909b6584aee941,1056,67,SERIE,DAM / DECLARACIÓN,outputs/evaluation/historical_retrieval_data_aduanas_clase87_v0.2/historical_metrics.json,a43893eca3dd756a1ff11935a9cf55afb728e8f4,5334e64ab2b3f812f939b652fe1ee8ad8db24b673ebb48fd4d7b1ddb0dd444fa,main=366bf529c29cb999bfd043db33674a510ba184c7; main=a33fc7e10b5bc25a053e982f0ff24ff60eda042f; Attempt06 authorization=a9b06b8748316d7f3c403eaa9d55b735e12d96c3,outputs/evaluation/historical_retrieval_data_aduanas_clase87_v0.2/historical_case_summary.csv,63ec745aa30f1165cb42112c1362f0ecc7a93a68,HE2_A_HISTORICAL_VS_NORMATIVE_FLAT_ATTEMPT06:Top-50,series-weighted mean of paired per-series historical-minus-flat contributions; binary hit difference for Top-k and reciprocal-rank@100 difference for MRR@100,historical-minus-flat > 0,INFERENTIAL_ELIGIBLE,HE2_A_HISTORICAL_VS_NORMATIVE_FLAT_ATTEMPT06:TOP1_TOP3_TOP5_TOP10_MRR100,"case_id,id_unico; same EVAL cases","paired DAM-cluster bootstrap; sample 67 DAM with replacement, carry all series, identical sampled cases for both strategies, recompute series-weighted estimand; B=10000; seed=20263001; two-sided percentile intervals",superseded flat outputs | split 3000/1006 | Top-50 as primary | result-dependent metric selection,offline internal Chapter 87 benchmark; no external-population claim,
G3F02-0012,HE2_A_HISTORICAL_VS_NORMATIVE_FLAT_ATTEMPT06,HE2_A early-ranking superiority,Group 1 historical retrieval vs 0B-05C Attempt06 corrected EV03 flat,ELIGIBLE,SUPPLEMENTARY,FLAT_DECISION906,HE2_A_HISTORICAL_VS_NORMATIVE_FLAT_ATTEMPT06,Top-50,proportion of EVAL series with reference NANDINA at rank <= 50,74,1056,0.07007575757575757,proportion,MATERIALIZED_FROZEN_VALUE,EVAL_V02_CHAPTER_87,3ddb7a0e80d8bfa20b985655f03d6ab65470b40f0738093413909b6584aee941,1056,67,SERIE,DAM / DECLARACIÓN,outputs/evaluation/normative_bm25_flat_corrective_decision906_v0.5/normative_flat_metrics.json,922ecbee8316ee36cd8a53d3ac52f79fac4cd3ed,09d8622d1eeaee9dbb23a1fd0657e4a7738ae7aff46bba04ae4347dbdb5affe6,main=366bf529c29cb999bfd043db33674a510ba184c7; main=a33fc7e10b5bc25a053e982f0ff24ff60eda042f; Attempt06 authorization=a9b06b8748316d7f3c403eaa9d55b735e12d96c3,outputs/evaluation/normative_bm25_flat_corrective_decision906_v0.5/normative_flat_case_summary.csv,cbcabd9d29495d8b2ae43b84b24103debc68cd82,HE2_A_HISTORICAL_VS_NORMATIVE_FLAT_ATTEMPT06:Top-50,series-weighted mean of paired per-series historical-minus-flat contributions; binary hit difference for Top-k and reciprocal-rank@100 difference for MRR@100,historical-minus-flat > 0,INFERENTIAL_ELIGIBLE,HE2_A_HISTORICAL_VS_NORMATIVE_FLAT_ATTEMPT06:TOP1_TOP3_TOP5_TOP10_MRR100,"case_id,id_unico; same EVAL cases","paired DAM-cluster bootstrap; sample 67 DAM with replacement, carry all series, identical sampled cases for both strategies, recompute series-weighted estimand; B=10000; seed=20263001; two-sided percentile intervals",superseded flat outputs | split 3000/1006 | Top-50 as primary | result-dependent metric selection,offline internal Chapter 87 benchmark; no external-population claim,
G3F02-0013,HE2_A_HISTORICAL_VS_NORMATIVE_HIERARCHICAL_ATTEMPT06,HE2_A early-ranking superiority,Group 1 historical retrieval vs 0B-05C Attempt06 corrected EV04 hierarchical,ELIGIBLE,PRIMARY_TARGET,HISTORICAL_H100,HE2_A_HISTORICAL_VS_NORMATIVE_HIERARCHICAL_ATTEMPT06,Top-1,proportion of EVAL series with reference NANDINA at rank <= 1,538,1056,0.509469696969697,proportion,MATERIALIZED_FROZEN_VALUE,EVAL_V02_CHAPTER_87,3ddb7a0e80d8bfa20b985655f03d6ab65470b40f0738093413909b6584aee941,1056,67,SERIE,DAM / DECLARACIÓN,outputs/evaluation/historical_retrieval_data_aduanas_clase87_v0.2/historical_metrics.json,a43893eca3dd756a1ff11935a9cf55afb728e8f4,5334e64ab2b3f812f939b652fe1ee8ad8db24b673ebb48fd4d7b1ddb0dd444fa,main=366bf529c29cb999bfd043db33674a510ba184c7; main=a33fc7e10b5bc25a053e982f0ff24ff60eda042f; Attempt06 authorization=a9b06b8748316d7f3c403eaa9d55b735e12d96c3,outputs/evaluation/historical_retrieval_data_aduanas_clase87_v0.2/historical_case_summary.csv,63ec745aa30f1165cb42112c1362f0ecc7a93a68,HE2_A_HISTORICAL_VS_NORMATIVE_HIERARCHICAL_ATTEMPT06:Top-1,series-weighted mean of paired per-series historical-minus-hierarchical contributions; binary hit difference for Top-k and reciprocal-rank@100 difference for MRR@100,historical-minus-hierarchical > 0,INFERENTIAL_ELIGIBLE,HE2_A_HISTORICAL_VS_NORMATIVE_HIERARCHICAL_ATTEMPT06:TOP1_TOP3_TOP5_TOP10_MRR100,"case_id,id_unico; same EVAL cases","paired DAM-cluster bootstrap; sample 67 DAM with replacement, carry all series, identical sampled cases for both strategies, recompute series-weighted estimand; B=10000; seed=20263001; two-sided percentile intervals",superseded hierarchical outputs | MRR@200 as early-ranking primary | split 3000/1006 | result-dependent metric selection,offline internal Chapter 87 benchmark; MRR@100 is the common early-ranking cutoff,
G3F02-0014,HE2_A_HISTORICAL_VS_NORMATIVE_HIERARCHICAL_ATTEMPT06,HE2_A early-ranking superiority,Group 1 historical retrieval vs 0B-05C Attempt06 corrected EV04 hierarchical,ELIGIBLE,PRIMARY_TARGET,HIERARCHICAL_DECISION906,HE2_A_HISTORICAL_VS_NORMATIVE_HIERARCHICAL_ATTEMPT06,Top-1,proportion of EVAL series with reference NANDINA at rank <= 1,28,1056,0.026515151515151516,proportion,MATERIALIZED_FROZEN_VALUE,EVAL_V02_CHAPTER_87,3ddb7a0e80d8bfa20b985655f03d6ab65470b40f0738093413909b6584aee941,1056,67,SERIE,DAM / DECLARACIÓN,outputs/evaluation/normative_bm25_hierarchical_corrective_decision906_v0.5/normative_hierarchical_metrics.json,780a005130d1ad68867b290b832c394f8f488a23,bcb7e3e458e68ad36741389334bb9917956a5288c0479a530606fb73cf9e7a16,main=366bf529c29cb999bfd043db33674a510ba184c7; main=a33fc7e10b5bc25a053e982f0ff24ff60eda042f; Attempt06 authorization=a9b06b8748316d7f3c403eaa9d55b735e12d96c3,outputs/evaluation/normative_bm25_hierarchical_corrective_decision906_v0.5/normative_hierarchical_case_summary.csv,4aa7b7210db2199290ad9108e19574aec4382811,HE2_A_HISTORICAL_VS_NORMATIVE_HIERARCHICAL_ATTEMPT06:Top-1,series-weighted mean of paired per-series historical-minus-hierarchical contributions; binary hit difference for Top-k and reciprocal-rank@100 difference for MRR@100,historical-minus-hierarchical > 0,INFERENTIAL_ELIGIBLE,HE2_A_HISTORICAL_VS_NORMATIVE_HIERARCHICAL_ATTEMPT06:TOP1_TOP3_TOP5_TOP10_MRR100,"case_id,id_unico; same EVAL cases","paired DAM-cluster bootstrap; sample 67 DAM with replacement, carry all series, identical sampled cases for both strategies, recompute series-weighted estimand; B=10000; seed=20263001; two-sided percentile intervals",superseded hierarchical outputs | MRR@200 as early-ranking primary | split 3000/1006 | result-dependent metric selection,offline internal Chapter 87 benchmark; MRR@100 is the common early-ranking cutoff,
G3F02-0015,HE2_A_HISTORICAL_VS_NORMATIVE_HIERARCHICAL_ATTEMPT06,HE2_A early-ranking superiority,Group 1 historical retrieval vs 0B-05C Attempt06 corrected EV04 hierarchical,ELIGIBLE,PRIMARY_TARGET,HISTORICAL_H100,HE2_A_HISTORICAL_VS_NORMATIVE_HIERARCHICAL_ATTEMPT06,Top-3,proportion of EVAL series with reference NANDINA at rank <= 3,709,1056,0.6714015151515151,proportion,MATERIALIZED_FROZEN_VALUE,EVAL_V02_CHAPTER_87,3ddb7a0e80d8bfa20b985655f03d6ab65470b40f0738093413909b6584aee941,1056,67,SERIE,DAM / DECLARACIÓN,outputs/evaluation/historical_retrieval_data_aduanas_clase87_v0.2/historical_metrics.json,a43893eca3dd756a1ff11935a9cf55afb728e8f4,5334e64ab2b3f812f939b652fe1ee8ad8db24b673ebb48fd4d7b1ddb0dd444fa,main=366bf529c29cb999bfd043db33674a510ba184c7; main=a33fc7e10b5bc25a053e982f0ff24ff60eda042f; Attempt06 authorization=a9b06b8748316d7f3c403eaa9d55b735e12d96c3,outputs/evaluation/historical_retrieval_data_aduanas_clase87_v0.2/historical_case_summary.csv,63ec745aa30f1165cb42112c1362f0ecc7a93a68,HE2_A_HISTORICAL_VS_NORMATIVE_HIERARCHICAL_ATTEMPT06:Top-3,series-weighted mean of paired per-series historical-minus-hierarchical contributions; binary hit difference for Top-k and reciprocal-rank@100 difference for MRR@100,historical-minus-hierarchical > 0,INFERENTIAL_ELIGIBLE,HE2_A_HISTORICAL_VS_NORMATIVE_HIERARCHICAL_ATTEMPT06:TOP1_TOP3_TOP5_TOP10_MRR100,"case_id,id_unico; same EVAL cases","paired DAM-cluster bootstrap; sample 67 DAM with replacement, carry all series, identical sampled cases for both strategies, recompute series-weighted estimand; B=10000; seed=20263001; two-sided percentile intervals",superseded hierarchical outputs | MRR@200 as early-ranking primary | split 3000/1006 | result-dependent metric selection,offline internal Chapter 87 benchmark; MRR@100 is the common early-ranking cutoff,
G3F02-0016,HE2_A_HISTORICAL_VS_NORMATIVE_HIERARCHICAL_ATTEMPT06,HE2_A early-ranking superiority,Group 1 historical retrieval vs 0B-05C Attempt06 corrected EV04 hierarchical,ELIGIBLE,PRIMARY_TARGET,HIERARCHICAL_DECISION906,HE2_A_HISTORICAL_VS_NORMATIVE_HIERARCHICAL_ATTEMPT06,Top-3,proportion of EVAL series with reference NANDINA at rank <= 3,55,1056,0.052083333333333336,proportion,MATERIALIZED_FROZEN_VALUE,EVAL_V02_CHAPTER_87,3ddb7a0e80d8bfa20b985655f03d6ab65470b40f0738093413909b6584aee941,1056,67,SERIE,DAM / DECLARACIÓN,outputs/evaluation/normative_bm25_hierarchical_corrective_decision906_v0.5/normative_hierarchical_metrics.json,780a005130d1ad68867b290b832c394f8f488a23,bcb7e3e458e68ad36741389334bb9917956a5288c0479a530606fb73cf9e7a16,main=366bf529c29cb999bfd043db33674a510ba184c7; main=a33fc7e10b5bc25a053e982f0ff24ff60eda042f; Attempt06 authorization=a9b06b8748316d7f3c403eaa9d55b735e12d96c3,outputs/evaluation/normative_bm25_hierarchical_corrective_decision906_v0.5/normative_hierarchical_case_summary.csv,4aa7b7210db2199290ad9108e19574aec4382811,HE2_A_HISTORICAL_VS_NORMATIVE_HIERARCHICAL_ATTEMPT06:Top-3,series-weighted mean of paired per-series historical-minus-hierarchical contributions; binary hit difference for Top-k and reciprocal-rank@100 difference for MRR@100,historical-minus-hierarchical > 0,INFERENTIAL_ELIGIBLE,HE2_A_HISTORICAL_VS_NORMATIVE_HIERARCHICAL_ATTEMPT06:TOP1_TOP3_TOP5_TOP10_MRR100,"case_id,id_unico; same EVAL cases","paired DAM-cluster bootstrap; sample 67 DAM with replacement, carry all series, identical sampled cases for both strategies, recompute series-weighted estimand; B=10000; seed=20263001; two-sided percentile intervals",superseded hierarchical outputs | MRR@200 as early-ranking primary | split 3000/1006 | result-dependent metric selection,offline internal Chapter 87 benchmark; MRR@100 is the common early-ranking cutoff,
G3F02-0017,HE2_A_HISTORICAL_VS_NORMATIVE_HIERARCHICAL_ATTEMPT06,HE2_A early-ranking superiority,Group 1 historical retrieval vs 0B-05C Attempt06 corrected EV04 hierarchical,ELIGIBLE,PRIMARY_TARGET,HISTORICAL_H100,HE2_A_HISTORICAL_VS_NORMATIVE_HIERARCHICAL_ATTEMPT06,Top-5,proportion of EVAL series with reference NANDINA at rank <= 5,806,1056,0.7632575757575758,proportion,MATERIALIZED_FROZEN_VALUE,EVAL_V02_CHAPTER_87,3ddb7a0e80d8bfa20b985655f03d6ab65470b40f0738093413909b6584aee941,1056,67,SERIE,DAM / DECLARACIÓN,outputs/evaluation/historical_retrieval_data_aduanas_clase87_v0.2/historical_metrics.json,a43893eca3dd756a1ff11935a9cf55afb728e8f4,5334e64ab2b3f812f939b652fe1ee8ad8db24b673ebb48fd4d7b1ddb0dd444fa,main=366bf529c29cb999bfd043db33674a510ba184c7; main=a33fc7e10b5bc25a053e982f0ff24ff60eda042f; Attempt06 authorization=a9b06b8748316d7f3c403eaa9d55b735e12d96c3,outputs/evaluation/historical_retrieval_data_aduanas_clase87_v0.2/historical_case_summary.csv,63ec745aa30f1165cb42112c1362f0ecc7a93a68,HE2_A_HISTORICAL_VS_NORMATIVE_HIERARCHICAL_ATTEMPT06:Top-5,series-weighted mean of paired per-series historical-minus-hierarchical contributions; binary hit difference for Top-k and reciprocal-rank@100 difference for MRR@100,historical-minus-hierarchical > 0,INFERENTIAL_ELIGIBLE,HE2_A_HISTORICAL_VS_NORMATIVE_HIERARCHICAL_ATTEMPT06:TOP1_TOP3_TOP5_TOP10_MRR100,"case_id,id_unico; same EVAL cases","paired DAM-cluster bootstrap; sample 67 DAM with replacement, carry all series, identical sampled cases for both strategies, recompute series-weighted estimand; B=10000; seed=20263001; two-sided percentile intervals",superseded hierarchical outputs | MRR@200 as early-ranking primary | split 3000/1006 | result-dependent metric selection,offline internal Chapter 87 benchmark; MRR@100 is the common early-ranking cutoff,
G3F02-0018,HE2_A_HISTORICAL_VS_NORMATIVE_HIERARCHICAL_ATTEMPT06,HE2_A early-ranking superiority,Group 1 historical retrieval vs 0B-05C Attempt06 corrected EV04 hierarchical,ELIGIBLE,PRIMARY_TARGET,HIERARCHICAL_DECISION906,HE2_A_HISTORICAL_VS_NORMATIVE_HIERARCHICAL_ATTEMPT06,Top-5,proportion of EVAL series with reference NANDINA at rank <= 5,66,1056,0.0625,proportion,MATERIALIZED_FROZEN_VALUE,EVAL_V02_CHAPTER_87,3ddb7a0e80d8bfa20b985655f03d6ab65470b40f0738093413909b6584aee941,1056,67,SERIE,DAM / DECLARACIÓN,outputs/evaluation/normative_bm25_hierarchical_corrective_decision906_v0.5/normative_hierarchical_metrics.json,780a005130d1ad68867b290b832c394f8f488a23,bcb7e3e458e68ad36741389334bb9917956a5288c0479a530606fb73cf9e7a16,main=366bf529c29cb999bfd043db33674a510ba184c7; main=a33fc7e10b5bc25a053e982f0ff24ff60eda042f; Attempt06 authorization=a9b06b8748316d7f3c403eaa9d55b735e12d96c3,outputs/evaluation/normative_bm25_hierarchical_corrective_decision906_v0.5/normative_hierarchical_case_summary.csv,4aa7b7210db2199290ad9108e19574aec4382811,HE2_A_HISTORICAL_VS_NORMATIVE_HIERARCHICAL_ATTEMPT06:Top-5,series-weighted mean of paired per-series historical-minus-hierarchical contributions; binary hit difference for Top-k and reciprocal-rank@100 difference for MRR@100,historical-minus-hierarchical > 0,INFERENTIAL_ELIGIBLE,HE2_A_HISTORICAL_VS_NORMATIVE_HIERARCHICAL_ATTEMPT06:TOP1_TOP3_TOP5_TOP10_MRR100,"case_id,id_unico; same EVAL cases","paired DAM-cluster bootstrap; sample 67 DAM with replacement, carry all series, identical sampled cases for both strategies, recompute series-weighted estimand; B=10000; seed=20263001; two-sided percentile intervals",superseded hierarchical outputs | MRR@200 as early-ranking primary | split 3000/1006 | result-dependent metric selection,offline internal Chapter 87 benchmark; MRR@100 is the common early-ranking cutoff,
G3F02-0019,HE2_A_HISTORICAL_VS_NORMATIVE_HIERARCHICAL_ATTEMPT06,HE2_A early-ranking superiority,Group 1 historical retrieval vs 0B-05C Attempt06 corrected EV04 hierarchical,ELIGIBLE,PRIMARY_TARGET,HISTORICAL_H100,HE2_A_HISTORICAL_VS_NORMATIVE_HIERARCHICAL_ATTEMPT06,Top-10,proportion of EVAL series with reference NANDINA at rank <= 10,941,1056,0.8910984848484849,proportion,MATERIALIZED_FROZEN_VALUE,EVAL_V02_CHAPTER_87,3ddb7a0e80d8bfa20b985655f03d6ab65470b40f0738093413909b6584aee941,1056,67,SERIE,DAM / DECLARACIÓN,outputs/evaluation/historical_retrieval_data_aduanas_clase87_v0.2/historical_metrics.json,a43893eca3dd756a1ff11935a9cf55afb728e8f4,5334e64ab2b3f812f939b652fe1ee8ad8db24b673ebb48fd4d7b1ddb0dd444fa,main=366bf529c29cb999bfd043db33674a510ba184c7; main=a33fc7e10b5bc25a053e982f0ff24ff60eda042f; Attempt06 authorization=a9b06b8748316d7f3c403eaa9d55b735e12d96c3,outputs/evaluation/historical_retrieval_data_aduanas_clase87_v0.2/historical_case_summary.csv,63ec745aa30f1165cb42112c1362f0ecc7a93a68,HE2_A_HISTORICAL_VS_NORMATIVE_HIERARCHICAL_ATTEMPT06:Top-10,series-weighted mean of paired per-series historical-minus-hierarchical contributions; binary hit difference for Top-k and reciprocal-rank@100 difference for MRR@100,historical-minus-hierarchical > 0,INFERENTIAL_ELIGIBLE,HE2_A_HISTORICAL_VS_NORMATIVE_HIERARCHICAL_ATTEMPT06:TOP1_TOP3_TOP5_TOP10_MRR100,"case_id,id_unico; same EVAL cases","paired DAM-cluster bootstrap; sample 67 DAM with replacement, carry all series, identical sampled cases for both strategies, recompute series-weighted estimand; B=10000; seed=20263001; two-sided percentile intervals",superseded hierarchical outputs | MRR@200 as early-ranking primary | split 3000/1006 | result-dependent metric selection,offline internal Chapter 87 benchmark; MRR@100 is the common early-ranking cutoff,
G3F02-0020,HE2_A_HISTORICAL_VS_NORMATIVE_HIERARCHICAL_ATTEMPT06,HE2_A early-ranking superiority,Group 1 historical retrieval vs 0B-05C Attempt06 corrected EV04 hierarchical,ELIGIBLE,PRIMARY_TARGET,HIERARCHICAL_DECISION906,HE2_A_HISTORICAL_VS_NORMATIVE_HIERARCHICAL_ATTEMPT06,Top-10,proportion of EVAL series with reference NANDINA at rank <= 10,69,1056,0.06534090909090909,proportion,MATERIALIZED_FROZEN_VALUE,EVAL_V02_CHAPTER_87,3ddb7a0e80d8bfa20b985655f03d6ab65470b40f0738093413909b6584aee941,1056,67,SERIE,DAM / DECLARACIÓN,outputs/evaluation/normative_bm25_hierarchical_corrective_decision906_v0.5/normative_hierarchical_metrics.json,780a005130d1ad68867b290b832c394f8f488a23,bcb7e3e458e68ad36741389334bb9917956a5288c0479a530606fb73cf9e7a16,main=366bf529c29cb999bfd043db33674a510ba184c7; main=a33fc7e10b5bc25a053e982f0ff24ff60eda042f; Attempt06 authorization=a9b06b8748316d7f3c403eaa9d55b735e12d96c3,outputs/evaluation/normative_bm25_hierarchical_corrective_decision906_v0.5/normative_hierarchical_case_summary.csv,4aa7b7210db2199290ad9108e19574aec4382811,HE2_A_HISTORICAL_VS_NORMATIVE_HIERARCHICAL_ATTEMPT06:Top-10,series-weighted mean of paired per-series historical-minus-hierarchical contributions; binary hit difference for Top-k and reciprocal-rank@100 difference for MRR@100,historical-minus-hierarchical > 0,INFERENTIAL_ELIGIBLE,HE2_A_HISTORICAL_VS_NORMATIVE_HIERARCHICAL_ATTEMPT06:TOP1_TOP3_TOP5_TOP10_MRR100,"case_id,id_unico; same EVAL cases","paired DAM-cluster bootstrap; sample 67 DAM with replacement, carry all series, identical sampled cases for both strategies, recompute series-weighted estimand; B=10000; seed=20263001; two-sided percentile intervals",superseded hierarchical outputs | MRR@200 as early-ranking primary | split 3000/1006 | result-dependent metric selection,offline internal Chapter 87 benchmark; MRR@100 is the common early-ranking cutoff,
G3F02-0021,HE2_A_HISTORICAL_VS_NORMATIVE_HIERARCHICAL_ATTEMPT06,HE2_A early-ranking superiority,Group 1 historical retrieval vs 0B-05C Attempt06 corrected EV04 hierarchical,ELIGIBLE,PRIMARY_TARGET,HISTORICAL_H100,HE2_A_HISTORICAL_VS_NORMATIVE_HIERARCHICAL_ATTEMPT06,MRR@100,mean reciprocal rank truncated at depth 100; historical MRR is operationally MRR@100 because frozen ranking depth is 100,664.9713833162234,1056,0.6297077493524843,mean_reciprocal_rank,MATERIALIZED_FROZEN_VALUE,EVAL_V02_CHAPTER_87,3ddb7a0e80d8bfa20b985655f03d6ab65470b40f0738093413909b6584aee941,1056,67,SERIE,DAM / DECLARACIÓN,outputs/evaluation/historical_retrieval_data_aduanas_clase87_v0.2/historical_metrics.json,a43893eca3dd756a1ff11935a9cf55afb728e8f4,5334e64ab2b3f812f939b652fe1ee8ad8db24b673ebb48fd4d7b1ddb0dd444fa,main=366bf529c29cb999bfd043db33674a510ba184c7; main=a33fc7e10b5bc25a053e982f0ff24ff60eda042f; Attempt06 authorization=a9b06b8748316d7f3c403eaa9d55b735e12d96c3,outputs/evaluation/historical_retrieval_data_aduanas_clase87_v0.2/historical_case_summary.csv,63ec745aa30f1165cb42112c1362f0ecc7a93a68,HE2_A_HISTORICAL_VS_NORMATIVE_HIERARCHICAL_ATTEMPT06:MRR@100,series-weighted mean of paired per-series historical-minus-hierarchical contributions; binary hit difference for Top-k and reciprocal-rank@100 difference for MRR@100,historical-minus-hierarchical > 0,INFERENTIAL_ELIGIBLE,HE2_A_HISTORICAL_VS_NORMATIVE_HIERARCHICAL_ATTEMPT06:TOP1_TOP3_TOP5_TOP10_MRR100,"case_id,id_unico; same EVAL cases","paired DAM-cluster bootstrap; sample 67 DAM with replacement, carry all series, identical sampled cases for both strategies, recompute series-weighted estimand; B=10000; seed=20263001; two-sided percentile intervals",superseded hierarchical outputs | MRR@200 as early-ranking primary | split 3000/1006 | result-dependent metric selection,offline internal Chapter 87 benchmark; MRR@100 is the common early-ranking cutoff,
G3F02-0022,HE2_A_HISTORICAL_VS_NORMATIVE_HIERARCHICAL_ATTEMPT06,HE2_A early-ranking superiority,Group 1 historical retrieval vs 0B-05C Attempt06 corrected EV04 hierarchical,ELIGIBLE,PRIMARY_TARGET,HIERARCHICAL_DECISION906,HE2_A_HISTORICAL_VS_NORMATIVE_HIERARCHICAL_ATTEMPT06,MRR@100,mean reciprocal rank truncated at depth 100; historical MRR is operationally MRR@100 because frozen ranking depth is 100,44.32220308711575,1056,0.041971783226435376,mean_reciprocal_rank,MATERIALIZED_FROZEN_VALUE,EVAL_V02_CHAPTER_87,3ddb7a0e80d8bfa20b985655f03d6ab65470b40f0738093413909b6584aee941,1056,67,SERIE,DAM / DECLARACIÓN,outputs/evaluation/normative_bm25_hierarchical_corrective_decision906_v0.5/normative_hierarchical_metrics.json,780a005130d1ad68867b290b832c394f8f488a23,bcb7e3e458e68ad36741389334bb9917956a5288c0479a530606fb73cf9e7a16,main=366bf529c29cb999bfd043db33674a510ba184c7; main=a33fc7e10b5bc25a053e982f0ff24ff60eda042f; Attempt06 authorization=a9b06b8748316d7f3c403eaa9d55b735e12d96c3,outputs/evaluation/normative_bm25_hierarchical_corrective_decision906_v0.5/normative_hierarchical_case_summary.csv,4aa7b7210db2199290ad9108e19574aec4382811,HE2_A_HISTORICAL_VS_NORMATIVE_HIERARCHICAL_ATTEMPT06:MRR@100,series-weighted mean of paired per-series historical-minus-hierarchical contributions; binary hit difference for Top-k and reciprocal-rank@100 difference for MRR@100,historical-minus-hierarchical > 0,INFERENTIAL_ELIGIBLE,HE2_A_HISTORICAL_VS_NORMATIVE_HIERARCHICAL_ATTEMPT06:TOP1_TOP3_TOP5_TOP10_MRR100,"case_id,id_unico; same EVAL cases","paired DAM-cluster bootstrap; sample 67 DAM with replacement, carry all series, identical sampled cases for both strategies, recompute series-weighted estimand; B=10000; seed=20263001; two-sided percentile intervals",superseded hierarchical outputs | MRR@200 as early-ranking primary | split 3000/1006 | result-dependent metric selection,offline internal Chapter 87 benchmark; MRR@100 is the common early-ranking cutoff,
G3F02-0023,HE2_A_HISTORICAL_VS_NORMATIVE_HIERARCHICAL_ATTEMPT06,HE2_A early-ranking superiority,Group 1 historical retrieval vs 0B-05C Attempt06 corrected EV04 hierarchical,ELIGIBLE,SUPPLEMENTARY,HISTORICAL_H100,HE2_A_HISTORICAL_VS_NORMATIVE_HIERARCHICAL_ATTEMPT06,Top-50,proportion of EVAL series with reference NANDINA at rank <= 50,1047,1056,0.9914772727272727,proportion,MATERIALIZED_FROZEN_VALUE,EVAL_V02_CHAPTER_87,3ddb7a0e80d8bfa20b985655f03d6ab65470b40f0738093413909b6584aee941,1056,67,SERIE,DAM / DECLARACIÓN,outputs/evaluation/historical_retrieval_data_aduanas_clase87_v0.2/historical_metrics.json,a43893eca3dd756a1ff11935a9cf55afb728e8f4,5334e64ab2b3f812f939b652fe1ee8ad8db24b673ebb48fd4d7b1ddb0dd444fa,main=366bf529c29cb999bfd043db33674a510ba184c7; main=a33fc7e10b5bc25a053e982f0ff24ff60eda042f; Attempt06 authorization=a9b06b8748316d7f3c403eaa9d55b735e12d96c3,outputs/evaluation/historical_retrieval_data_aduanas_clase87_v0.2/historical_case_summary.csv,63ec745aa30f1165cb42112c1362f0ecc7a93a68,HE2_A_HISTORICAL_VS_NORMATIVE_HIERARCHICAL_ATTEMPT06:Top-50,series-weighted mean of paired per-series historical-minus-hierarchical contributions; binary hit difference for Top-k and reciprocal-rank@100 difference for MRR@100,historical-minus-hierarchical > 0,INFERENTIAL_ELIGIBLE,HE2_A_HISTORICAL_VS_NORMATIVE_HIERARCHICAL_ATTEMPT06:TOP1_TOP3_TOP5_TOP10_MRR100,"case_id,id_unico; same EVAL cases","paired DAM-cluster bootstrap; sample 67 DAM with replacement, carry all series, identical sampled cases for both strategies, recompute series-weighted estimand; B=10000; seed=20263001; two-sided percentile intervals",superseded hierarchical outputs | MRR@200 as early-ranking primary | split 3000/1006 | result-dependent metric selection,offline internal Chapter 87 benchmark; MRR@100 is the common early-ranking cutoff,
G3F02-0024,HE2_A_HISTORICAL_VS_NORMATIVE_HIERARCHICAL_ATTEMPT06,HE2_A early-ranking superiority,Group 1 historical retrieval vs 0B-05C Attempt06 corrected EV04 hierarchical,ELIGIBLE,SUPPLEMENTARY,HIERARCHICAL_DECISION906,HE2_A_HISTORICAL_VS_NORMATIVE_HIERARCHICAL_ATTEMPT06,Top-50,proportion of EVAL series with reference NANDINA at rank <= 50,96,1056,0.09090909090909091,proportion,MATERIALIZED_FROZEN_VALUE,EVAL_V02_CHAPTER_87,3ddb7a0e80d8bfa20b985655f03d6ab65470b40f0738093413909b6584aee941,1056,67,SERIE,DAM / DECLARACIÓN,outputs/evaluation/normative_bm25_hierarchical_corrective_decision906_v0.5/normative_hierarchical_metrics.json,780a005130d1ad68867b290b832c394f8f488a23,bcb7e3e458e68ad36741389334bb9917956a5288c0479a530606fb73cf9e7a16,main=366bf529c29cb999bfd043db33674a510ba184c7; main=a33fc7e10b5bc25a053e982f0ff24ff60eda042f; Attempt06 authorization=a9b06b8748316d7f3c403eaa9d55b735e12d96c3,outputs/evaluation/normative_bm25_hierarchical_corrective_decision906_v0.5/normative_hierarchical_case_summary.csv,4aa7b7210db2199290ad9108e19574aec4382811,HE2_A_HISTORICAL_VS_NORMATIVE_HIERARCHICAL_ATTEMPT06:Top-50,series-weighted mean of paired per-series historical-minus-hierarchical contributions; binary hit difference for Top-k and reciprocal-rank@100 difference for MRR@100,historical-minus-hierarchical > 0,INFERENTIAL_ELIGIBLE,HE2_A_HISTORICAL_VS_NORMATIVE_HIERARCHICAL_ATTEMPT06:TOP1_TOP3_TOP5_TOP10_MRR100,"case_id,id_unico; same EVAL cases","paired DAM-cluster bootstrap; sample 67 DAM with replacement, carry all series, identical sampled cases for both strategies, recompute series-weighted estimand; B=10000; seed=20263001; two-sided percentile intervals",superseded hierarchical outputs | MRR@200 as early-ranking primary | split 3000/1006 | result-dependent metric selection,offline internal Chapter 87 benchmark; MRR@100 is the common early-ranking cutoff,
G3F02-0025,HE2_A_HISTORICAL_VS_D1A_ATTEMPT06,HE2_A early-ranking superiority,Group 1 historical retrieval vs 0B-05C Attempt06 corrected D1a dense retrieval,ELIGIBLE,PRIMARY_TARGET,HISTORICAL_H100,HE2_A_HISTORICAL_VS_D1A_ATTEMPT06,Top-1,proportion of EVAL series with reference NANDINA at rank <= 1,538,1056,0.509469696969697,proportion,MATERIALIZED_FROZEN_VALUE,EVAL_V02_CHAPTER_87,3ddb7a0e80d8bfa20b985655f03d6ab65470b40f0738093413909b6584aee941,1056,67,SERIE,DAM / DECLARACIÓN obtained by exact frozen case join,outputs/evaluation/historical_retrieval_data_aduanas_clase87_v0.2/historical_metrics.json,a43893eca3dd756a1ff11935a9cf55afb728e8f4,5334e64ab2b3f812f939b652fe1ee8ad8db24b673ebb48fd4d7b1ddb0dd444fa,main=366bf529c29cb999bfd043db33674a510ba184c7; main=a33fc7e10b5bc25a053e982f0ff24ff60eda042f; Attempt06 authorization=a9b06b8748316d7f3c403eaa9d55b735e12d96c3,outputs/evaluation/historical_retrieval_data_aduanas_clase87_v0.2/historical_case_summary.csv,63ec745aa30f1165cb42112c1362f0ecc7a93a68,HE2_A_HISTORICAL_VS_D1A_ATTEMPT06:Top-1,series-weighted mean of paired per-series historical-minus-D1a contributions; binary hit difference for Top-k and reciprocal-rank@100 difference for MRR@100,historical-minus-D1a > 0,INFERENTIAL_ELIGIBLE,HE2_A_HISTORICAL_VS_D1A_ATTEMPT06:TOP1_TOP3_TOP5_TOP10_MRR100,"case_id,id_unico; same EVAL cases","paired DAM-cluster bootstrap after exact case join; sample 67 DAM with replacement, carry all series, identical sampled cases for both strategies, recompute series-weighted estimand; B=10000; seed=20263001; two-sided percentile intervals",superseded D1a outputs | MRR@200 as early-ranking primary | split 3000/1006 | result-dependent metric selection,"D1a summary lacks native DAM/SERIE columns, so the frozen exact-key join is mandatory",
G3F02-0026,HE2_A_HISTORICAL_VS_D1A_ATTEMPT06,HE2_A early-ranking superiority,Group 1 historical retrieval vs 0B-05C Attempt06 corrected D1a dense retrieval,ELIGIBLE,PRIMARY_TARGET,D1A_DECISION906,HE2_A_HISTORICAL_VS_D1A_ATTEMPT06,Top-1,proportion of EVAL series with reference NANDINA at rank <= 1,1,1056,0.000946969696969697,proportion,MATERIALIZED_FROZEN_VALUE,EVAL_V02_CHAPTER_87,3ddb7a0e80d8bfa20b985655f03d6ab65470b40f0738093413909b6584aee941,1056,67,SERIE,DAM / DECLARACIÓN obtained by exact frozen case join,outputs/evaluation/d1a_corrective_0b05c_v0.5/d1a_metrics.json,73e062b927d059a9f4e52caab7b785eafb6f2e01,d40941697d92863ebc4f3baa3f84ab339f30f32620209aa0f17a0c7f3bc58ca5,main=366bf529c29cb999bfd043db33674a510ba184c7; main=a33fc7e10b5bc25a053e982f0ff24ff60eda042f; Attempt06 authorization=a9b06b8748316d7f3c403eaa9d55b735e12d96c3,outputs/evaluation/d1a_corrective_0b05c_v0.5/d1a_case_summary.csv,95c2befc6c06aa759364aba8d3898c5b267a2290,HE2_A_HISTORICAL_VS_D1A_ATTEMPT06:Top-1,series-weighted mean of paired per-series historical-minus-D1a contributions; binary hit difference for Top-k and reciprocal-rank@100 difference for MRR@100,historical-minus-D1a > 0,INFERENTIAL_ELIGIBLE,HE2_A_HISTORICAL_VS_D1A_ATTEMPT06:TOP1_TOP3_TOP5_TOP10_MRR100,"case_id,id_unico; DAM/SERIE exact frozen join","paired DAM-cluster bootstrap after exact case join; sample 67 DAM with replacement, carry all series, identical sampled cases for both strategies, recompute series-weighted estimand; B=10000; seed=20263001; two-sided percentile intervals",superseded D1a outputs | MRR@200 as early-ranking primary | split 3000/1006 | result-dependent metric selection,"D1a summary lacks native DAM/SERIE columns, so the frozen exact-key join is mandatory",
G3F02-0027,HE2_A_HISTORICAL_VS_D1A_ATTEMPT06,HE2_A early-ranking superiority,Group 1 historical retrieval vs 0B-05C Attempt06 corrected D1a dense retrieval,ELIGIBLE,PRIMARY_TARGET,HISTORICAL_H100,HE2_A_HISTORICAL_VS_D1A_ATTEMPT06,Top-3,proportion of EVAL series with reference NANDINA at rank <= 3,709,1056,0.6714015151515151,proportion,MATERIALIZED_FROZEN_VALUE,EVAL_V02_CHAPTER_87,3ddb7a0e80d8bfa20b985655f03d6ab65470b40f0738093413909b6584aee941,1056,67,SERIE,DAM / DECLARACIÓN obtained by exact frozen case join,outputs/evaluation/historical_retrieval_data_aduanas_clase87_v0.2/historical_metrics.json,a43893eca3dd756a1ff11935a9cf55afb728e8f4,5334e64ab2b3f812f939b652fe1ee8ad8db24b673ebb48fd4d7b1ddb0dd444fa,main=366bf529c29cb999bfd043db33674a510ba184c7; main=a33fc7e10b5bc25a053e982f0ff24ff60eda042f; Attempt06 authorization=a9b06b8748316d7f3c403eaa9d55b735e12d96c3,outputs/evaluation/historical_retrieval_data_aduanas_clase87_v0.2/historical_case_summary.csv,63ec745aa30f1165cb42112c1362f0ecc7a93a68,HE2_A_HISTORICAL_VS_D1A_ATTEMPT06:Top-3,series-weighted mean of paired per-series historical-minus-D1a contributions; binary hit difference for Top-k and reciprocal-rank@100 difference for MRR@100,historical-minus-D1a > 0,INFERENTIAL_ELIGIBLE,HE2_A_HISTORICAL_VS_D1A_ATTEMPT06:TOP1_TOP3_TOP5_TOP10_MRR100,"case_id,id_unico; same EVAL cases","paired DAM-cluster bootstrap after exact case join; sample 67 DAM with replacement, carry all series, identical sampled cases for both strategies, recompute series-weighted estimand; B=10000; seed=20263001; two-sided percentile intervals",superseded D1a outputs | MRR@200 as early-ranking primary | split 3000/1006 | result-dependent metric selection,"D1a summary lacks native DAM/SERIE columns, so the frozen exact-key join is mandatory",
G3F02-0028,HE2_A_HISTORICAL_VS_D1A_ATTEMPT06,HE2_A early-ranking superiority,Group 1 historical retrieval vs 0B-05C Attempt06 corrected D1a dense retrieval,ELIGIBLE,PRIMARY_TARGET,D1A_DECISION906,HE2_A_HISTORICAL_VS_D1A_ATTEMPT06,Top-3,proportion of EVAL series with reference NANDINA at rank <= 3,11,1056,0.010416666666666666,proportion,MATERIALIZED_FROZEN_VALUE,EVAL_V02_CHAPTER_87,3ddb7a0e80d8bfa20b985655f03d6ab65470b40f0738093413909b6584aee941,1056,67,SERIE,DAM / DECLARACIÓN obtained by exact frozen case join,outputs/evaluation/d1a_corrective_0b05c_v0.5/d1a_metrics.json,73e062b927d059a9f4e52caab7b785eafb6f2e01,d40941697d92863ebc4f3baa3f84ab339f30f32620209aa0f17a0c7f3bc58ca5,main=366bf529c29cb999bfd043db33674a510ba184c7; main=a33fc7e10b5bc25a053e982f0ff24ff60eda042f; Attempt06 authorization=a9b06b8748316d7f3c403eaa9d55b735e12d96c3,outputs/evaluation/d1a_corrective_0b05c_v0.5/d1a_case_summary.csv,95c2befc6c06aa759364aba8d3898c5b267a2290,HE2_A_HISTORICAL_VS_D1A_ATTEMPT06:Top-3,series-weighted mean of paired per-series historical-minus-D1a contributions; binary hit difference for Top-k and reciprocal-rank@100 difference for MRR@100,historical-minus-D1a > 0,INFERENTIAL_ELIGIBLE,HE2_A_HISTORICAL_VS_D1A_ATTEMPT06:TOP1_TOP3_TOP5_TOP10_MRR100,"case_id,id_unico; DAM/SERIE exact frozen join","paired DAM-cluster bootstrap after exact case join; sample 67 DAM with replacement, carry all series, identical sampled cases for both strategies, recompute series-weighted estimand; B=10000; seed=20263001; two-sided percentile intervals",superseded D1a outputs | MRR@200 as early-ranking primary | split 3000/1006 | result-dependent metric selection,"D1a summary lacks native DAM/SERIE columns, so the frozen exact-key join is mandatory",
G3F02-0029,HE2_A_HISTORICAL_VS_D1A_ATTEMPT06,HE2_A early-ranking superiority,Group 1 historical retrieval vs 0B-05C Attempt06 corrected D1a dense retrieval,ELIGIBLE,PRIMARY_TARGET,HISTORICAL_H100,HE2_A_HISTORICAL_VS_D1A_ATTEMPT06,Top-5,proportion of EVAL series with reference NANDINA at rank <= 5,806,1056,0.7632575757575758,proportion,MATERIALIZED_FROZEN_VALUE,EVAL_V02_CHAPTER_87,3ddb7a0e80d8bfa20b985655f03d6ab65470b40f0738093413909b6584aee941,1056,67,SERIE,DAM / DECLARACIÓN obtained by exact frozen case join,outputs/evaluation/historical_retrieval_data_aduanas_clase87_v0.2/historical_metrics.json,a43893eca3dd756a1ff11935a9cf55afb728e8f4,5334e64ab2b3f812f939b652fe1ee8ad8db24b673ebb48fd4d7b1ddb0dd444fa,main=366bf529c29cb999bfd043db33674a510ba184c7; main=a33fc7e10b5bc25a053e982f0ff24ff60eda042f; Attempt06 authorization=a9b06b8748316d7f3c403eaa9d55b735e12d96c3,outputs/evaluation/historical_retrieval_data_aduanas_clase87_v0.2/historical_case_summary.csv,63ec745aa30f1165cb42112c1362f0ecc7a93a68,HE2_A_HISTORICAL_VS_D1A_ATTEMPT06:Top-5,series-weighted mean of paired per-series historical-minus-D1a contributions; binary hit difference for Top-k and reciprocal-rank@100 difference for MRR@100,historical-minus-D1a > 0,INFERENTIAL_ELIGIBLE,HE2_A_HISTORICAL_VS_D1A_ATTEMPT06:TOP1_TOP3_TOP5_TOP10_MRR100,"case_id,id_unico; same EVAL cases","paired DAM-cluster bootstrap after exact case join; sample 67 DAM with replacement, carry all series, identical sampled cases for both strategies, recompute series-weighted estimand; B=10000; seed=20263001; two-sided percentile intervals",superseded D1a outputs | MRR@200 as early-ranking primary | split 3000/1006 | result-dependent metric selection,"D1a summary lacks native DAM/SERIE columns, so the frozen exact-key join is mandatory",
G3F02-0030,HE2_A_HISTORICAL_VS_D1A_ATTEMPT06,HE2_A early-ranking superiority,Group 1 historical retrieval vs 0B-05C Attempt06 corrected D1a dense retrieval,ELIGIBLE,PRIMARY_TARGET,D1A_DECISION906,HE2_A_HISTORICAL_VS_D1A_ATTEMPT06,Top-5,proportion of EVAL series with reference NANDINA at rank <= 5,54,1056,0.05113636363636364,proportion,MATERIALIZED_FROZEN_VALUE,EVAL_V02_CHAPTER_87,3ddb7a0e80d8bfa20b985655f03d6ab65470b40f0738093413909b6584aee941,1056,67,SERIE,DAM / DECLARACIÓN obtained by exact frozen case join,outputs/evaluation/d1a_corrective_0b05c_v0.5/d1a_metrics.json,73e062b927d059a9f4e52caab7b785eafb6f2e01,d40941697d92863ebc4f3baa3f84ab339f30f32620209aa0f17a0c7f3bc58ca5,main=366bf529c29cb999bfd043db33674a510ba184c7; main=a33fc7e10b5bc25a053e982f0ff24ff60eda042f; Attempt06 authorization=a9b06b8748316d7f3c403eaa9d55b735e12d96c3,outputs/evaluation/d1a_corrective_0b05c_v0.5/d1a_case_summary.csv,95c2befc6c06aa759364aba8d3898c5b267a2290,HE2_A_HISTORICAL_VS_D1A_ATTEMPT06:Top-5,series-weighted mean of paired per-series historical-minus-D1a contributions; binary hit difference for Top-k and reciprocal-rank@100 difference for MRR@100,historical-minus-D1a > 0,INFERENTIAL_ELIGIBLE,HE2_A_HISTORICAL_VS_D1A_ATTEMPT06:TOP1_TOP3_TOP5_TOP10_MRR100,"case_id,id_unico; DAM/SERIE exact frozen join","paired DAM-cluster bootstrap after exact case join; sample 67 DAM with replacement, carry all series, identical sampled cases for both strategies, recompute series-weighted estimand; B=10000; seed=20263001; two-sided percentile intervals",superseded D1a outputs | MRR@200 as early-ranking primary | split 3000/1006 | result-dependent metric selection,"D1a summary lacks native DAM/SERIE columns, so the frozen exact-key join is mandatory",
G3F02-0031,HE2_A_HISTORICAL_VS_D1A_ATTEMPT06,HE2_A early-ranking superiority,Group 1 historical retrieval vs 0B-05C Attempt06 corrected D1a dense retrieval,ELIGIBLE,PRIMARY_TARGET,HISTORICAL_H100,HE2_A_HISTORICAL_VS_D1A_ATTEMPT06,Top-10,proportion of EVAL series with reference NANDINA at rank <= 10,941,1056,0.8910984848484849,proportion,MATERIALIZED_FROZEN_VALUE,EVAL_V02_CHAPTER_87,3ddb7a0e80d8bfa20b985655f03d6ab65470b40f0738093413909b6584aee941,1056,67,SERIE,DAM / DECLARACIÓN obtained by exact frozen case join,outputs/evaluation/historical_retrieval_data_aduanas_clase87_v0.2/historical_metrics.json,a43893eca3dd756a1ff11935a9cf55afb728e8f4,5334e64ab2b3f812f939b652fe1ee8ad8db24b673ebb48fd4d7b1ddb0dd444fa,main=366bf529c29cb999bfd043db33674a510ba184c7; main=a33fc7e10b5bc25a053e982f0ff24ff60eda042f; Attempt06 authorization=a9b06b8748316d7f3c403eaa9d55b735e12d96c3,outputs/evaluation/historical_retrieval_data_aduanas_clase87_v0.2/historical_case_summary.csv,63ec745aa30f1165cb42112c1362f0ecc7a93a68,HE2_A_HISTORICAL_VS_D1A_ATTEMPT06:Top-10,series-weighted mean of paired per-series historical-minus-D1a contributions; binary hit difference for Top-k and reciprocal-rank@100 difference for MRR@100,historical-minus-D1a > 0,INFERENTIAL_ELIGIBLE,HE2_A_HISTORICAL_VS_D1A_ATTEMPT06:TOP1_TOP3_TOP5_TOP10_MRR100,"case_id,id_unico; same EVAL cases","paired DAM-cluster bootstrap after exact case join; sample 67 DAM with replacement, carry all series, identical sampled cases for both strategies, recompute series-weighted estimand; B=10000; seed=20263001; two-sided percentile intervals",superseded D1a outputs | MRR@200 as early-ranking primary | split 3000/1006 | result-dependent metric selection,"D1a summary lacks native DAM/SERIE columns, so the frozen exact-key join is mandatory",
G3F02-0032,HE2_A_HISTORICAL_VS_D1A_ATTEMPT06,HE2_A early-ranking superiority,Group 1 historical retrieval vs 0B-05C Attempt06 corrected D1a dense retrieval,ELIGIBLE,PRIMARY_TARGET,D1A_DECISION906,HE2_A_HISTORICAL_VS_D1A_ATTEMPT06,Top-10,proportion of EVAL series with reference NANDINA at rank <= 10,188,1056,0.17803030303030304,proportion,MATERIALIZED_FROZEN_VALUE,EVAL_V02_CHAPTER_87,3ddb7a0e80d8bfa20b985655f03d6ab65470b40f0738093413909b6584aee941,1056,67,SERIE,DAM / DECLARACIÓN obtained by exact frozen case join,outputs/evaluation/d1a_corrective_0b05c_v0.5/d1a_metrics.json,73e062b927d059a9f4e52caab7b785eafb6f2e01,d40941697d92863ebc4f3baa3f84ab339f30f32620209aa0f17a0c7f3bc58ca5,main=366bf529c29cb999bfd043db33674a510ba184c7; main=a33fc7e10b5bc25a053e982f0ff24ff60eda042f; Attempt06 authorization=a9b06b8748316d7f3c403eaa9d55b735e12d96c3,outputs/evaluation/d1a_corrective_0b05c_v0.5/d1a_case_summary.csv,95c2befc6c06aa759364aba8d3898c5b267a2290,HE2_A_HISTORICAL_VS_D1A_ATTEMPT06:Top-10,series-weighted mean of paired per-series historical-minus-D1a contributions; binary hit difference for Top-k and reciprocal-rank@100 difference for MRR@100,historical-minus-D1a > 0,INFERENTIAL_ELIGIBLE,HE2_A_HISTORICAL_VS_D1A_ATTEMPT06:TOP1_TOP3_TOP5_TOP10_MRR100,"case_id,id_unico; DAM/SERIE exact frozen join","paired DAM-cluster bootstrap after exact case join; sample 67 DAM with replacement, carry all series, identical sampled cases for both strategies, recompute series-weighted estimand; B=10000; seed=20263001; two-sided percentile intervals",superseded D1a outputs | MRR@200 as early-ranking primary | split 3000/1006 | result-dependent metric selection,"D1a summary lacks native DAM/SERIE columns, so the frozen exact-key join is mandatory",
G3F02-0033,HE2_A_HISTORICAL_VS_D1A_ATTEMPT06,HE2_A early-ranking superiority,Group 1 historical retrieval vs 0B-05C Attempt06 corrected D1a dense retrieval,ELIGIBLE,PRIMARY_TARGET,HISTORICAL_H100,HE2_A_HISTORICAL_VS_D1A_ATTEMPT06,MRR@100,mean reciprocal rank truncated at depth 100; historical MRR is operationally MRR@100 because frozen ranking depth is 100,664.9713833162234,1056,0.6297077493524843,mean_reciprocal_rank,MATERIALIZED_FROZEN_VALUE,EVAL_V02_CHAPTER_87,3ddb7a0e80d8bfa20b985655f03d6ab65470b40f0738093413909b6584aee941,1056,67,SERIE,DAM / DECLARACIÓN obtained by exact frozen case join,outputs/evaluation/historical_retrieval_data_aduanas_clase87_v0.2/historical_metrics.json,a43893eca3dd756a1ff11935a9cf55afb728e8f4,5334e64ab2b3f812f939b652fe1ee8ad8db24b673ebb48fd4d7b1ddb0dd444fa,main=366bf529c29cb999bfd043db33674a510ba184c7; main=a33fc7e10b5bc25a053e982f0ff24ff60eda042f; Attempt06 authorization=a9b06b8748316d7f3c403eaa9d55b735e12d96c3,outputs/evaluation/historical_retrieval_data_aduanas_clase87_v0.2/historical_case_summary.csv,63ec745aa30f1165cb42112c1362f0ecc7a93a68,HE2_A_HISTORICAL_VS_D1A_ATTEMPT06:MRR@100,series-weighted mean of paired per-series historical-minus-D1a contributions; binary hit difference for Top-k and reciprocal-rank@100 difference for MRR@100,historical-minus-D1a > 0,INFERENTIAL_ELIGIBLE,HE2_A_HISTORICAL_VS_D1A_ATTEMPT06:TOP1_TOP3_TOP5_TOP10_MRR100,"case_id,id_unico; same EVAL cases","paired DAM-cluster bootstrap after exact case join; sample 67 DAM with replacement, carry all series, identical sampled cases for both strategies, recompute series-weighted estimand; B=10000; seed=20263001; two-sided percentile intervals",superseded D1a outputs | MRR@200 as early-ranking primary | split 3000/1006 | result-dependent metric selection,"D1a summary lacks native DAM/SERIE columns, so the frozen exact-key join is mandatory",
G3F02-0034,HE2_A_HISTORICAL_VS_D1A_ATTEMPT06,HE2_A early-ranking superiority,Group 1 historical retrieval vs 0B-05C Attempt06 corrected D1a dense retrieval,ELIGIBLE,PRIMARY_TARGET,D1A_DECISION906,HE2_A_HISTORICAL_VS_D1A_ATTEMPT06,MRR@100,mean reciprocal rank truncated at depth 100; historical MRR is operationally MRR@100 because frozen ranking depth is 100,40.22001955684377,1056,0.038087139731859634,mean_reciprocal_rank,MATERIALIZED_FROZEN_VALUE,EVAL_V02_CHAPTER_87,3ddb7a0e80d8bfa20b985655f03d6ab65470b40f0738093413909b6584aee941,1056,67,SERIE,DAM / DECLARACIÓN obtained by exact frozen case join,outputs/evaluation/d1a_corrective_0b05c_v0.5/d1a_metrics.json,73e062b927d059a9f4e52caab7b785eafb6f2e01,d40941697d92863ebc4f3baa3f84ab339f30f32620209aa0f17a0c7f3bc58ca5,main=366bf529c29cb999bfd043db33674a510ba184c7; main=a33fc7e10b5bc25a053e982f0ff24ff60eda042f; Attempt06 authorization=a9b06b8748316d7f3c403eaa9d55b735e12d96c3,outputs/evaluation/d1a_corrective_0b05c_v0.5/d1a_case_summary.csv,95c2befc6c06aa759364aba8d3898c5b267a2290,HE2_A_HISTORICAL_VS_D1A_ATTEMPT06:MRR@100,series-weighted mean of paired per-series historical-minus-D1a contributions; binary hit difference for Top-k and reciprocal-rank@100 difference for MRR@100,historical-minus-D1a > 0,INFERENTIAL_ELIGIBLE,HE2_A_HISTORICAL_VS_D1A_ATTEMPT06:TOP1_TOP3_TOP5_TOP10_MRR100,"case_id,id_unico; DAM/SERIE exact frozen join","paired DAM-cluster bootstrap after exact case join; sample 67 DAM with replacement, carry all series, identical sampled cases for both strategies, recompute series-weighted estimand; B=10000; seed=20263001; two-sided percentile intervals",superseded D1a outputs | MRR@200 as early-ranking primary | split 3000/1006 | result-dependent metric selection,"D1a summary lacks native DAM/SERIE columns, so the frozen exact-key join is mandatory",
G3F02-0035,HE2_A_HISTORICAL_VS_D1A_ATTEMPT06,HE2_A early-ranking superiority,Group 1 historical retrieval vs 0B-05C Attempt06 corrected D1a dense retrieval,ELIGIBLE,SUPPLEMENTARY,HISTORICAL_H100,HE2_A_HISTORICAL_VS_D1A_ATTEMPT06,Top-50,proportion of EVAL series with reference NANDINA at rank <= 50,1047,1056,0.9914772727272727,proportion,MATERIALIZED_FROZEN_VALUE,EVAL_V02_CHAPTER_87,3ddb7a0e80d8bfa20b985655f03d6ab65470b40f0738093413909b6584aee941,1056,67,SERIE,DAM / DECLARACIÓN obtained by exact frozen case join,outputs/evaluation/historical_retrieval_data_aduanas_clase87_v0.2/historical_metrics.json,a43893eca3dd756a1ff11935a9cf55afb728e8f4,5334e64ab2b3f812f939b652fe1ee8ad8db24b673ebb48fd4d7b1ddb0dd444fa,main=366bf529c29cb999bfd043db33674a510ba184c7; main=a33fc7e10b5bc25a053e982f0ff24ff60eda042f; Attempt06 authorization=a9b06b8748316d7f3c403eaa9d55b735e12d96c3,outputs/evaluation/historical_retrieval_data_aduanas_clase87_v0.2/historical_case_summary.csv,63ec745aa30f1165cb42112c1362f0ecc7a93a68,HE2_A_HISTORICAL_VS_D1A_ATTEMPT06:Top-50,series-weighted mean of paired per-series historical-minus-D1a contributions; binary hit difference for Top-k and reciprocal-rank@100 difference for MRR@100,historical-minus-D1a > 0,INFERENTIAL_ELIGIBLE,HE2_A_HISTORICAL_VS_D1A_ATTEMPT06:TOP1_TOP3_TOP5_TOP10_MRR100,"case_id,id_unico; same EVAL cases","paired DAM-cluster bootstrap after exact case join; sample 67 DAM with replacement, carry all series, identical sampled cases for both strategies, recompute series-weighted estimand; B=10000; seed=20263001; two-sided percentile intervals",superseded D1a outputs | MRR@200 as early-ranking primary | split 3000/1006 | result-dependent metric selection,"D1a summary lacks native DAM/SERIE columns, so the frozen exact-key join is mandatory",
G3F02-0036,HE2_A_HISTORICAL_VS_D1A_ATTEMPT06,HE2_A early-ranking superiority,Group 1 historical retrieval vs 0B-05C Attempt06 corrected D1a dense retrieval,ELIGIBLE,SUPPLEMENTARY,D1A_DECISION906,HE2_A_HISTORICAL_VS_D1A_ATTEMPT06,Top-50,proportion of EVAL series with reference NANDINA at rank <= 50,331,1056,0.3134469696969697,proportion,MATERIALIZED_FROZEN_VALUE,EVAL_V02_CHAPTER_87,3ddb7a0e80d8bfa20b985655f03d6ab65470b40f0738093413909b6584aee941,1056,67,SERIE,DAM / DECLARACIÓN obtained by exact frozen case join,outputs/evaluation/d1a_corrective_0b05c_v0.5/d1a_metrics.json,73e062b927d059a9f4e52caab7b785eafb6f2e01,d40941697d92863ebc4f3baa3f84ab339f30f32620209aa0f17a0c7f3bc58ca5,main=366bf529c29cb999bfd043db33674a510ba184c7; main=a33fc7e10b5bc25a053e982f0ff24ff60eda042f; Attempt06 authorization=a9b06b8748316d7f3c403eaa9d55b735e12d96c3,outputs/evaluation/d1a_corrective_0b05c_v0.5/d1a_case_summary.csv,95c2befc6c06aa759364aba8d3898c5b267a2290,HE2_A_HISTORICAL_VS_D1A_ATTEMPT06:Top-50,series-weighted mean of paired per-series historical-minus-D1a contributions; binary hit difference for Top-k and reciprocal-rank@100 difference for MRR@100,historical-minus-D1a > 0,INFERENTIAL_ELIGIBLE,HE2_A_HISTORICAL_VS_D1A_ATTEMPT06:TOP1_TOP3_TOP5_TOP10_MRR100,"case_id,id_unico; DAM/SERIE exact frozen join","paired DAM-cluster bootstrap after exact case join; sample 67 DAM with replacement, carry all series, identical sampled cases for both strategies, recompute series-weighted estimand; B=10000; seed=20263001; two-sided percentile intervals",superseded D1a outputs | MRR@200 as early-ranking primary | split 3000/1006 | result-dependent metric selection,"D1a summary lacks native DAM/SERIE columns, so the frozen exact-key join is mandatory",
G3F02-0037,HE2_B_HIERARCHICAL_DEEP_COVERAGE_ATTEMPT06,HE2_B deeper documentary coverage,0B-05C Attempt06 corrected EV04 hierarchical,ELIGIBLE,PRIMARY_TARGET,DEPTH_100,HIERARCHICAL_DEPTH_200_VS_100,Recall@100,exact NANDINA reference coverage at depth 100,107,1056,0.10132575757575757,proportion,MATERIALIZED_FROZEN_VALUE,EVAL_V02_CHAPTER_87,3ddb7a0e80d8bfa20b985655f03d6ab65470b40f0738093413909b6584aee941,1056,67,SERIE,DAM / DECLARACIÓN,outputs/evaluation/normative_bm25_hierarchical_corrective_decision906_v0.5/normative_hierarchical_metrics.json,780a005130d1ad68867b290b832c394f8f488a23,bcb7e3e458e68ad36741389334bb9917956a5288c0479a530606fb73cf9e7a16,main=366bf529c29cb999bfd043db33674a510ba184c7; main=a33fc7e10b5bc25a053e982f0ff24ff60eda042f; Attempt06 authorization=a9b06b8748316d7f3c403eaa9d55b735e12d96c3,outputs/evaluation/normative_bm25_hierarchical_corrective_decision906_v0.5/normative_hierarchical_case_summary.csv,4aa7b7210db2199290ad9108e19574aec4382811,HE2_B_HIERARCHICAL_DEEP_COVERAGE_ATTEMPT06:Recall@100,series-weighted mean of paired per-series hit_recall_200 minus hit_recall_100,Recall@200-minus-Recall@100 > 0,INFERENTIAL_ELIGIBLE,HE2_B_HIERARCHICAL_SINGLE_DEPTH_CONTRAST,case_id; same EVAL cases at depths 100 and 200,"paired DAM-cluster bootstrap; sample 67 DAM with replacement, carry all series, recompute the series-weighted depth difference; B=10000; seed=20263001; two-sided 95% percentile interval",Top-k/MRR interpretation | superseded hierarchical outputs | split 3000/1006,deep coverage is not evidence of early-ranking superiority,
G3F02-0038,HE2_B_HIERARCHICAL_DEEP_COVERAGE_ATTEMPT06,HE2_B deeper documentary coverage,0B-05C Attempt06 corrected EV04 hierarchical,ELIGIBLE,PRIMARY_TARGET,DEPTH_200,HIERARCHICAL_DEPTH_200_VS_100,Recall@200,exact NANDINA reference coverage at depth 200,321,1056,0.3039772727272727,proportion,MATERIALIZED_FROZEN_VALUE,EVAL_V02_CHAPTER_87,3ddb7a0e80d8bfa20b985655f03d6ab65470b40f0738093413909b6584aee941,1056,67,SERIE,DAM / DECLARACIÓN,outputs/evaluation/normative_bm25_hierarchical_corrective_decision906_v0.5/normative_hierarchical_metrics.json,780a005130d1ad68867b290b832c394f8f488a23,bcb7e3e458e68ad36741389334bb9917956a5288c0479a530606fb73cf9e7a16,main=366bf529c29cb999bfd043db33674a510ba184c7; main=a33fc7e10b5bc25a053e982f0ff24ff60eda042f; Attempt06 authorization=a9b06b8748316d7f3c403eaa9d55b735e12d96c3,outputs/evaluation/normative_bm25_hierarchical_corrective_decision906_v0.5/normative_hierarchical_case_summary.csv,4aa7b7210db2199290ad9108e19574aec4382811,HE2_B_HIERARCHICAL_DEEP_COVERAGE_ATTEMPT06:Recall@200,series-weighted mean of paired per-series hit_recall_200 minus hit_recall_100,Recall@200-minus-Recall@100 > 0,INFERENTIAL_ELIGIBLE,HE2_B_HIERARCHICAL_SINGLE_DEPTH_CONTRAST,case_id; same EVAL cases at depths 100 and 200,"paired DAM-cluster bootstrap; sample 67 DAM with replacement, carry all series, recompute the series-weighted depth difference; B=10000; seed=20263001; two-sided 95% percentile interval",Top-k/MRR interpretation | superseded hierarchical outputs | split 3000/1006,deep coverage is not evidence of early-ranking superiority,
G3F02-0039,HE2_B_HIERARCHICAL_DEEP_COVERAGE_ATTEMPT06,HE2_B deeper documentary coverage,0B-05C Attempt06 corrected EV04 hierarchical,ELIGIBLE,PRIMARY_TARGET,POOL_DEPTH_200,HIERARCHICAL_DEPTH_200_VS_100,Pool@200,exact NANDINA reference coverage at pool depth 200,321,1056,0.3039772727272727,proportion,MATERIALIZED_FROZEN_VALUE,EVAL_V02_CHAPTER_87,3ddb7a0e80d8bfa20b985655f03d6ab65470b40f0738093413909b6584aee941,1056,67,SERIE,DAM / DECLARACIÓN,outputs/evaluation/normative_bm25_hierarchical_corrective_decision906_v0.5/normative_hierarchical_metrics.json,780a005130d1ad68867b290b832c394f8f488a23,bcb7e3e458e68ad36741389334bb9917956a5288c0479a530606fb73cf9e7a16,main=366bf529c29cb999bfd043db33674a510ba184c7; main=a33fc7e10b5bc25a053e982f0ff24ff60eda042f; Attempt06 authorization=a9b06b8748316d7f3c403eaa9d55b735e12d96c3,outputs/evaluation/normative_bm25_hierarchical_corrective_decision906_v0.5/normative_hierarchical_case_summary.csv,4aa7b7210db2199290ad9108e19574aec4382811,HE2_B_HIERARCHICAL_DEEP_COVERAGE_ATTEMPT06:Pool@200,series-weighted mean of paired per-series hit_recall_200 minus hit_recall_100,Recall@200-minus-Recall@100 > 0,INFERENTIAL_ELIGIBLE,HE2_B_HIERARCHICAL_SINGLE_DEPTH_CONTRAST,case_id; same EVAL cases at depths 100 and 200,"paired DAM-cluster bootstrap; sample 67 DAM with replacement, carry all series, recompute the series-weighted depth difference; B=10000; seed=20263001; two-sided 95% percentile interval",Top-k/MRR interpretation | superseded hierarchical outputs | split 3000/1006,deep coverage is not evidence of early-ranking superiority,
G3F02-0040,HE2_B_PHASE_E_FROZEN_ROLE_POOLS,HE2_B expanded-candidate deep coverage,Group 1 Phase E candidate pools,DESCRIPTIVE_ONLY,DESCRIPTIVE,hierarchical_only_DEPTH_50,hierarchical_only,Pool@50,exact NANDINA reference contained in candidate pool,96,1056,0.09090909090909091,proportion,MATERIALIZED_FROZEN_VALUE,EVAL_V02_CHAPTER_87,3ddb7a0e80d8bfa20b985655f03d6ab65470b40f0738093413909b6584aee941,1056,67,SERIE,DAM / DECLARACIÓN if any later uncertainty analysis is separately authorized,outputs/evaluation/normative_candidate_pools_data_aduanas_clase87_v0.2/candidate_pool_metrics.json,ee42014a77ab8e318ff967b4db9d06fdafc8dfc7,1c183346a63d69817def2f6b1ef9666023cd32eed53e599d9842ff4d6900122f,main=366bf529c29cb999bfd043db33674a510ba184c7; main=a33fc7e10b5bc25a053e982f0ff24ff60eda042f; Phase E metadata git_commit=36373e4,outputs/evaluation/normative_candidate_pools_data_aduanas_clase87_v0.2/candidate_pool_case_summary.csv,5aac193b589d521ef3c8a294d44313c8b7f5d1d2,HE2_B_PHASE_E_FROZEN_ROLE_POOLS:Pool@50,none inferential; frozen per-variant coverage inventory,not assigned,DESCRIPTIVE_ONLY,not applicable because no inferential decision is authorized,same frozen EVAL case_id across pool variants and depths,tabulate only already frozen Pool@50/100/200 and scope labels; no interval or test under G3-F01,EXP08 as primary source | ranking or MRR claim | 70/30 variant | diagnostic union | split 3000/1006,A_historical_defined permits evaluation in the frozen role but does not itself define a new inferential contrast,
G3F02-0041,HE2_B_PHASE_E_FROZEN_ROLE_POOLS,HE2_B expanded-candidate deep coverage,Group 1 Phase E candidate pools,DESCRIPTIVE_ONLY,SUPPLEMENTARY,hierarchical_only_DEPTH_50,hierarchical_only,HS6-Pool@50,HS6 reference coverage in candidate pool,106,1056,0.10037878787878787,proportion,MATERIALIZED_FROZEN_VALUE,EVAL_V02_CHAPTER_87,3ddb7a0e80d8bfa20b985655f03d6ab65470b40f0738093413909b6584aee941,1056,67,SERIE,DAM / DECLARACIÓN if any later uncertainty analysis is separately authorized,outputs/evaluation/normative_candidate_pools_data_aduanas_clase87_v0.2/candidate_pool_metrics.json,ee42014a77ab8e318ff967b4db9d06fdafc8dfc7,1c183346a63d69817def2f6b1ef9666023cd32eed53e599d9842ff4d6900122f,main=366bf529c29cb999bfd043db33674a510ba184c7; main=a33fc7e10b5bc25a053e982f0ff24ff60eda042f; Phase E metadata git_commit=36373e4,outputs/evaluation/normative_candidate_pools_data_aduanas_clase87_v0.2/candidate_pool_case_summary.csv,5aac193b589d521ef3c8a294d44313c8b7f5d1d2,HE2_B_PHASE_E_FROZEN_ROLE_POOLS:HS6-Pool@50,none inferential; frozen per-variant coverage inventory,not assigned,DESCRIPTIVE_ONLY,not applicable because no inferential decision is authorized,same frozen EVAL case_id across pool variants and depths,tabulate only already frozen Pool@50/100/200 and scope labels; no interval or test under G3-F01,EXP08 as primary source | ranking or MRR claim | 70/30 variant | diagnostic union | split 3000/1006,A_historical_defined permits evaluation in the frozen role but does not itself define a new inferential contrast,
G3F02-0042,HE2_B_PHASE_E_FROZEN_ROLE_POOLS,HE2_B expanded-candidate deep coverage,Group 1 Phase E candidate pools,DESCRIPTIVE_ONLY,SUPPLEMENTARY,hierarchical_only_DEPTH_50,hierarchical_only,HS4-Pool@50,HS4 reference coverage in candidate pool,192,1056,0.18181818181818182,proportion,MATERIALIZED_FROZEN_VALUE,EVAL_V02_CHAPTER_87,3ddb7a0e80d8bfa20b985655f03d6ab65470b40f0738093413909b6584aee941,1056,67,SERIE,DAM / DECLARACIÓN if any later uncertainty analysis is separately authorized,outputs/evaluation/normative_candidate_pools_data_aduanas_clase87_v0.2/candidate_pool_metrics.json,ee42014a77ab8e318ff967b4db9d06fdafc8dfc7,1c183346a63d69817def2f6b1ef9666023cd32eed53e599d9842ff4d6900122f,main=366bf529c29cb999bfd043db33674a510ba184c7; main=a33fc7e10b5bc25a053e982f0ff24ff60eda042f; Phase E metadata git_commit=36373e4,outputs/evaluation/normative_candidate_pools_data_aduanas_clase87_v0.2/candidate_pool_case_summary.csv,5aac193b589d521ef3c8a294d44313c8b7f5d1d2,HE2_B_PHASE_E_FROZEN_ROLE_POOLS:HS4-Pool@50,none inferential; frozen per-variant coverage inventory,not assigned,DESCRIPTIVE_ONLY,not applicable because no inferential decision is authorized,same frozen EVAL case_id across pool variants and depths,tabulate only already frozen Pool@50/100/200 and scope labels; no interval or test under G3-F01,EXP08 as primary source | ranking or MRR claim | 70/30 variant | diagnostic union | split 3000/1006,A_historical_defined permits evaluation in the frozen role but does not itself define a new inferential contrast,
G3F02-0043,HE2_B_PHASE_E_FROZEN_ROLE_POOLS,HE2_B expanded-candidate deep coverage,Group 1 Phase E candidate pools,DESCRIPTIVE_ONLY,SUPPLEMENTARY,hierarchical_only_DEPTH_50,hierarchical_only,Chapter-Pool@50,chapter reference coverage in candidate pool,399,1056,0.3778409090909091,proportion,MATERIALIZED_FROZEN_VALUE,EVAL_V02_CHAPTER_87,3ddb7a0e80d8bfa20b985655f03d6ab65470b40f0738093413909b6584aee941,1056,67,SERIE,DAM / DECLARACIÓN if any later uncertainty analysis is separately authorized,outputs/evaluation/normative_candidate_pools_data_aduanas_clase87_v0.2/candidate_pool_metrics.json,ee42014a77ab8e318ff967b4db9d06fdafc8dfc7,1c183346a63d69817def2f6b1ef9666023cd32eed53e599d9842ff4d6900122f,main=366bf529c29cb999bfd043db33674a510ba184c7; main=a33fc7e10b5bc25a053e982f0ff24ff60eda042f; Phase E metadata git_commit=36373e4,outputs/evaluation/normative_candidate_pools_data_aduanas_clase87_v0.2/candidate_pool_case_summary.csv,5aac193b589d521ef3c8a294d44313c8b7f5d1d2,HE2_B_PHASE_E_FROZEN_ROLE_POOLS:Chapter-Pool@50,none inferential; frozen per-variant coverage inventory,not assigned,DESCRIPTIVE_ONLY,not applicable because no inferential decision is authorized,same frozen EVAL case_id across pool variants and depths,tabulate only already frozen Pool@50/100/200 and scope labels; no interval or test under G3-F01,EXP08 as primary source | ranking or MRR claim | 70/30 variant | diagnostic union | split 3000/1006,A_historical_defined permits evaluation in the frozen role but does not itself define a new inferential contrast,
G3F02-0044,HE2_B_PHASE_E_FROZEN_ROLE_POOLS,HE2_B expanded-candidate deep coverage,Group 1 Phase E candidate pools,DESCRIPTIVE_ONLY,DESCRIPTIVE,hierarchical_only_DEPTH_100,hierarchical_only,Pool@100,exact NANDINA reference contained in candidate pool,107,1056,0.10132575757575757,proportion,MATERIALIZED_FROZEN_VALUE,EVAL_V02_CHAPTER_87,3ddb7a0e80d8bfa20b985655f03d6ab65470b40f0738093413909b6584aee941,1056,67,SERIE,DAM / DECLARACIÓN if any later uncertainty analysis is separately authorized,outputs/evaluation/normative_candidate_pools_data_aduanas_clase87_v0.2/candidate_pool_metrics.json,ee42014a77ab8e318ff967b4db9d06fdafc8dfc7,1c183346a63d69817def2f6b1ef9666023cd32eed53e599d9842ff4d6900122f,main=366bf529c29cb999bfd043db33674a510ba184c7; main=a33fc7e10b5bc25a053e982f0ff24ff60eda042f; Phase E metadata git_commit=36373e4,outputs/evaluation/normative_candidate_pools_data_aduanas_clase87_v0.2/candidate_pool_case_summary.csv,5aac193b589d521ef3c8a294d44313c8b7f5d1d2,HE2_B_PHASE_E_FROZEN_ROLE_POOLS:Pool@100,none inferential; frozen per-variant coverage inventory,not assigned,DESCRIPTIVE_ONLY,not applicable because no inferential decision is authorized,same frozen EVAL case_id across pool variants and depths,tabulate only already frozen Pool@50/100/200 and scope labels; no interval or test under G3-F01,EXP08 as primary source | ranking or MRR claim | 70/30 variant | diagnostic union | split 3000/1006,A_historical_defined permits evaluation in the frozen role but does not itself define a new inferential contrast,
G3F02-0045,HE2_B_PHASE_E_FROZEN_ROLE_POOLS,HE2_B expanded-candidate deep coverage,Group 1 Phase E candidate pools,DESCRIPTIVE_ONLY,SUPPLEMENTARY,hierarchical_only_DEPTH_100,hierarchical_only,HS6-Pool@100,HS6 reference coverage in candidate pool,118,1056,0.11174242424242424,proportion,MATERIALIZED_FROZEN_VALUE,EVAL_V02_CHAPTER_87,3ddb7a0e80d8bfa20b985655f03d6ab65470b40f0738093413909b6584aee941,1056,67,SERIE,DAM / DECLARACIÓN if any later uncertainty analysis is separately authorized,outputs/evaluation/normative_candidate_pools_data_aduanas_clase87_v0.2/candidate_pool_metrics.json,ee42014a77ab8e318ff967b4db9d06fdafc8dfc7,1c183346a63d69817def2f6b1ef9666023cd32eed53e599d9842ff4d6900122f,main=366bf529c29cb999bfd043db33674a510ba184c7; main=a33fc7e10b5bc25a053e982f0ff24ff60eda042f; Phase E metadata git_commit=36373e4,outputs/evaluation/normative_candidate_pools_data_aduanas_clase87_v0.2/candidate_pool_case_summary.csv,5aac193b589d521ef3c8a294d44313c8b7f5d1d2,HE2_B_PHASE_E_FROZEN_ROLE_POOLS:HS6-Pool@100,none inferential; frozen per-variant coverage inventory,not assigned,DESCRIPTIVE_ONLY,not applicable because no inferential decision is authorized,same frozen EVAL case_id across pool variants and depths,tabulate only already frozen Pool@50/100/200 and scope labels; no interval or test under G3-F01,EXP08 as primary source | ranking or MRR claim | 70/30 variant | diagnostic union | split 3000/1006,A_historical_defined permits evaluation in the frozen role but does not itself define a new inferential contrast,
G3F02-0046,HE2_B_PHASE_E_FROZEN_ROLE_POOLS,HE2_B expanded-candidate deep coverage,Group 1 Phase E candidate pools,DESCRIPTIVE_ONLY,SUPPLEMENTARY,hierarchical_only_DEPTH_100,hierarchical_only,HS4-Pool@100,HS4 reference coverage in candidate pool,264,1056,0.25,proportion,MATERIALIZED_FROZEN_VALUE,EVAL_V02_CHAPTER_87,3ddb7a0e80d8bfa20b985655f03d6ab65470b40f0738093413909b6584aee941,1056,67,SERIE,DAM / DECLARACIÓN if any later uncertainty analysis is separately authorized,outputs/evaluation/normative_candidate_pools_data_aduanas_clase87_v0.2/candidate_pool_metrics.json,ee42014a77ab8e318ff967b4db9d06fdafc8dfc7,1c183346a63d69817def2f6b1ef9666023cd32eed53e599d9842ff4d6900122f,main=366bf529c29cb999bfd043db33674a510ba184c7; main=a33fc7e10b5bc25a053e982f0ff24ff60eda042f; Phase E metadata git_commit=36373e4,outputs/evaluation/normative_candidate_pools_data_aduanas_clase87_v0.2/candidate_pool_case_summary.csv,5aac193b589d521ef3c8a294d44313c8b7f5d1d2,HE2_B_PHASE_E_FROZEN_ROLE_POOLS:HS4-Pool@100,none inferential; frozen per-variant coverage inventory,not assigned,DESCRIPTIVE_ONLY,not applicable because no inferential decision is authorized,same frozen EVAL case_id across pool variants and depths,tabulate only already frozen Pool@50/100/200 and scope labels; no interval or test under G3-F01,EXP08 as primary source | ranking or MRR claim | 70/30 variant | diagnostic union | split 3000/1006,A_historical_defined permits evaluation in the frozen role but does not itself define a new inferential contrast,
G3F02-0047,HE2_B_PHASE_E_FROZEN_ROLE_POOLS,HE2_B expanded-candidate deep coverage,Group 1 Phase E candidate pools,DESCRIPTIVE_ONLY,SUPPLEMENTARY,hierarchical_only_DEPTH_100,hierarchical_only,Chapter-Pool@100,chapter reference coverage in candidate pool,538,1056,0.509469696969697,proportion,MATERIALIZED_FROZEN_VALUE,EVAL_V02_CHAPTER_87,3ddb7a0e80d8bfa20b985655f03d6ab65470b40f0738093413909b6584aee941,1056,67,SERIE,DAM / DECLARACIÓN if any later uncertainty analysis is separately authorized,outputs/evaluation/normative_candidate_pools_data_aduanas_clase87_v0.2/candidate_pool_metrics.json,ee42014a77ab8e318ff967b4db9d06fdafc8dfc7,1c183346a63d69817def2f6b1ef9666023cd32eed53e599d9842ff4d6900122f,main=366bf529c29cb999bfd043db33674a510ba184c7; main=a33fc7e10b5bc25a053e982f0ff24ff60eda042f; Phase E metadata git_commit=36373e4,outputs/evaluation/normative_candidate_pools_data_aduanas_clase87_v0.2/candidate_pool_case_summary.csv,5aac193b589d521ef3c8a294d44313c8b7f5d1d2,HE2_B_PHASE_E_FROZEN_ROLE_POOLS:Chapter-Pool@100,none inferential; frozen per-variant coverage inventory,not assigned,DESCRIPTIVE_ONLY,not applicable because no inferential decision is authorized,same frozen EVAL case_id across pool variants and depths,tabulate only already frozen Pool@50/100/200 and scope labels; no interval or test under G3-F01,EXP08 as primary source | ranking or MRR claim | 70/30 variant | diagnostic union | split 3000/1006,A_historical_defined permits evaluation in the frozen role but does not itself define a new inferential contrast,
G3F02-0048,HE2_B_PHASE_E_FROZEN_ROLE_POOLS,HE2_B expanded-candidate deep coverage,Group 1 Phase E candidate pools,DESCRIPTIVE_ONLY,DESCRIPTIVE,hierarchical_only_DEPTH_200,hierarchical_only,Pool@200,exact NANDINA reference contained in candidate pool,321,1056,0.3039772727272727,proportion,MATERIALIZED_FROZEN_VALUE,EVAL_V02_CHAPTER_87,3ddb7a0e80d8bfa20b985655f03d6ab65470b40f0738093413909b6584aee941,1056,67,SERIE,DAM / DECLARACIÓN if any later uncertainty analysis is separately authorized,outputs/evaluation/normative_candidate_pools_data_aduanas_clase87_v0.2/candidate_pool_metrics.json,ee42014a77ab8e318ff967b4db9d06fdafc8dfc7,1c183346a63d69817def2f6b1ef9666023cd32eed53e599d9842ff4d6900122f,main=366bf529c29cb999bfd043db33674a510ba184c7; main=a33fc7e10b5bc25a053e982f0ff24ff60eda042f; Phase E metadata git_commit=36373e4,outputs/evaluation/normative_candidate_pools_data_aduanas_clase87_v0.2/candidate_pool_case_summary.csv,5aac193b589d521ef3c8a294d44313c8b7f5d1d2,HE2_B_PHASE_E_FROZEN_ROLE_POOLS:Pool@200,none inferential; frozen per-variant coverage inventory,not assigned,DESCRIPTIVE_ONLY,not applicable because no inferential decision is authorized,same frozen EVAL case_id across pool variants and depths,tabulate only already frozen Pool@50/100/200 and scope labels; no interval or test under G3-F01,EXP08 as primary source | ranking or MRR claim | 70/30 variant | diagnostic union | split 3000/1006,A_historical_defined permits evaluation in the frozen role but does not itself define a new inferential contrast,
G3F02-0049,HE2_B_PHASE_E_FROZEN_ROLE_POOLS,HE2_B expanded-candidate deep coverage,Group 1 Phase E candidate pools,DESCRIPTIVE_ONLY,SUPPLEMENTARY,hierarchical_only_DEPTH_200,hierarchical_only,HS6-Pool@200,HS6 reference coverage in candidate pool,363,1056,0.34375,proportion,MATERIALIZED_FROZEN_VALUE,EVAL_V02_CHAPTER_87,3ddb7a0e80d8bfa20b985655f03d6ab65470b40f0738093413909b6584aee941,1056,67,SERIE,DAM / DECLARACIÓN if any later uncertainty analysis is separately authorized,outputs/evaluation/normative_candidate_pools_data_aduanas_clase87_v0.2/candidate_pool_metrics.json,ee42014a77ab8e318ff967b4db9d06fdafc8dfc7,1c183346a63d69817def2f6b1ef9666023cd32eed53e599d9842ff4d6900122f,main=366bf529c29cb999bfd043db33674a510ba184c7; main=a33fc7e10b5bc25a053e982f0ff24ff60eda042f; Phase E metadata git_commit=36373e4,outputs/evaluation/normative_candidate_pools_data_aduanas_clase87_v0.2/candidate_pool_case_summary.csv,5aac193b589d521ef3c8a294d44313c8b7f5d1d2,HE2_B_PHASE_E_FROZEN_ROLE_POOLS:HS6-Pool@200,none inferential; frozen per-variant coverage inventory,not assigned,DESCRIPTIVE_ONLY,not applicable because no inferential decision is authorized,same frozen EVAL case_id across pool variants and depths,tabulate only already frozen Pool@50/100/200 and scope labels; no interval or test under G3-F01,EXP08 as primary source | ranking or MRR claim | 70/30 variant | diagnostic union | split 3000/1006,A_historical_defined permits evaluation in the frozen role but does not itself define a new inferential contrast,
G3F02-0050,HE2_B_PHASE_E_FROZEN_ROLE_POOLS,HE2_B expanded-candidate deep coverage,Group 1 Phase E candidate pools,DESCRIPTIVE_ONLY,SUPPLEMENTARY,hierarchical_only_DEPTH_200,hierarchical_only,HS4-Pool@200,HS4 reference coverage in candidate pool,529,1056,0.5009469696969697,proportion,MATERIALIZED_FROZEN_VALUE,EVAL_V02_CHAPTER_87,3ddb7a0e80d8bfa20b985655f03d6ab65470b40f0738093413909b6584aee941,1056,67,SERIE,DAM / DECLARACIÓN if any later uncertainty analysis is separately authorized,outputs/evaluation/normative_candidate_pools_data_aduanas_clase87_v0.2/candidate_pool_metrics.json,ee42014a77ab8e318ff967b4db9d06fdafc8dfc7,1c183346a63d69817def2f6b1ef9666023cd32eed53e599d9842ff4d6900122f,main=366bf529c29cb999bfd043db33674a510ba184c7; main=a33fc7e10b5bc25a053e982f0ff24ff60eda042f; Phase E metadata git_commit=36373e4,outputs/evaluation/normative_candidate_pools_data_aduanas_clase87_v0.2/candidate_pool_case_summary.csv,5aac193b589d521ef3c8a294d44313c8b7f5d1d2,HE2_B_PHASE_E_FROZEN_ROLE_POOLS:HS4-Pool@200,none inferential; frozen per-variant coverage inventory,not assigned,DESCRIPTIVE_ONLY,not applicable because no inferential decision is authorized,same frozen EVAL case_id across pool variants and depths,tabulate only already frozen Pool@50/100/200 and scope labels; no interval or test under G3-F01,EXP08 as primary source | ranking or MRR claim | 70/30 variant | diagnostic union | split 3000/1006,A_historical_defined permits evaluation in the frozen role but does not itself define a new inferential contrast,
G3F02-0051,HE2_B_PHASE_E_FROZEN_ROLE_POOLS,HE2_B expanded-candidate deep coverage,Group 1 Phase E candidate pools,DESCRIPTIVE_ONLY,SUPPLEMENTARY,hierarchical_only_DEPTH_200,hierarchical_only,Chapter-Pool@200,chapter reference coverage in candidate pool,810,1056,0.7670454545454546,proportion,MATERIALIZED_FROZEN_VALUE,EVAL_V02_CHAPTER_87,3ddb7a0e80d8bfa20b985655f03d6ab65470b40f0738093413909b6584aee941,1056,67,SERIE,DAM / DECLARACIÓN if any later uncertainty analysis is separately authorized,outputs/evaluation/normative_candidate_pools_data_aduanas_clase87_v0.2/candidate_pool_metrics.json,ee42014a77ab8e318ff967b4db9d06fdafc8dfc7,1c183346a63d69817def2f6b1ef9666023cd32eed53e599d9842ff4d6900122f,main=366bf529c29cb999bfd043db33674a510ba184c7; main=a33fc7e10b5bc25a053e982f0ff24ff60eda042f; Phase E metadata git_commit=36373e4,outputs/evaluation/normative_candidate_pools_data_aduanas_clase87_v0.2/candidate_pool_case_summary.csv,5aac193b589d521ef3c8a294d44313c8b7f5d1d2,HE2_B_PHASE_E_FROZEN_ROLE_POOLS:Chapter-Pool@200,none inferential; frozen per-variant coverage inventory,not assigned,DESCRIPTIVE_ONLY,not applicable because no inferential decision is authorized,same frozen EVAL case_id across pool variants and depths,tabulate only already frozen Pool@50/100/200 and scope labels; no interval or test under G3-F01,EXP08 as primary source | ranking or MRR claim | 70/30 variant | diagnostic union | split 3000/1006,A_historical_defined permits evaluation in the frozen role but does not itself define a new inferential contrast,
G3F02-0052,HE2_B_PHASE_E_FROZEN_ROLE_POOLS,HE2_B expanded-candidate deep coverage,Group 1 Phase E candidate pools,DESCRIPTIVE_ONLY,DESCRIPTIVE,dual_only_DEPTH_50,dual_only,Pool@50,exact NANDINA reference contained in candidate pool,97,1056,0.09185606060606061,proportion,MATERIALIZED_FROZEN_VALUE,EVAL_V02_CHAPTER_87,3ddb7a0e80d8bfa20b985655f03d6ab65470b40f0738093413909b6584aee941,1056,67,SERIE,DAM / DECLARACIÓN if any later uncertainty analysis is separately authorized,outputs/evaluation/normative_candidate_pools_data_aduanas_clase87_v0.2/candidate_pool_metrics.json,ee42014a77ab8e318ff967b4db9d06fdafc8dfc7,1c183346a63d69817def2f6b1ef9666023cd32eed53e599d9842ff4d6900122f,main=366bf529c29cb999bfd043db33674a510ba184c7; main=a33fc7e10b5bc25a053e982f0ff24ff60eda042f; Phase E metadata git_commit=36373e4,outputs/evaluation/normative_candidate_pools_data_aduanas_clase87_v0.2/candidate_pool_case_summary.csv,5aac193b589d521ef3c8a294d44313c8b7f5d1d2,HE2_B_PHASE_E_FROZEN_ROLE_POOLS:Pool@50,none inferential; frozen per-variant coverage inventory,not assigned,DESCRIPTIVE_ONLY,not applicable because no inferential decision is authorized,same frozen EVAL case_id across pool variants and depths,tabulate only already frozen Pool@50/100/200 and scope labels; no interval or test under G3-F01,EXP08 as primary source | ranking or MRR claim | 70/30 variant | diagnostic union | split 3000/1006,A_historical_defined permits evaluation in the frozen role but does not itself define a new inferential contrast,
G3F02-0053,HE2_B_PHASE_E_FROZEN_ROLE_POOLS,HE2_B expanded-candidate deep coverage,Group 1 Phase E candidate pools,DESCRIPTIVE_ONLY,SUPPLEMENTARY,dual_only_DEPTH_50,dual_only,HS6-Pool@50,HS6 reference coverage in candidate pool,106,1056,0.10037878787878787,proportion,MATERIALIZED_FROZEN_VALUE,EVAL_V02_CHAPTER_87,3ddb7a0e80d8bfa20b985655f03d6ab65470b40f0738093413909b6584aee941,1056,67,SERIE,DAM / DECLARACIÓN if any later uncertainty analysis is separately authorized,outputs/evaluation/normative_candidate_pools_data_aduanas_clase87_v0.2/candidate_pool_metrics.json,ee42014a77ab8e318ff967b4db9d06fdafc8dfc7,1c183346a63d69817def2f6b1ef9666023cd32eed53e599d9842ff4d6900122f,main=366bf529c29cb999bfd043db33674a510ba184c7; main=a33fc7e10b5bc25a053e982f0ff24ff60eda042f; Phase E metadata git_commit=36373e4,outputs/evaluation/normative_candidate_pools_data_aduanas_clase87_v0.2/candidate_pool_case_summary.csv,5aac193b589d521ef3c8a294d44313c8b7f5d1d2,HE2_B_PHASE_E_FROZEN_ROLE_POOLS:HS6-Pool@50,none inferential; frozen per-variant coverage inventory,not assigned,DESCRIPTIVE_ONLY,not applicable because no inferential decision is authorized,same frozen EVAL case_id across pool variants and depths,tabulate only already frozen Pool@50/100/200 and scope labels; no interval or test under G3-F01,EXP08 as primary source | ranking or MRR claim | 70/30 variant | diagnostic union | split 3000/1006,A_historical_defined permits evaluation in the frozen role but does not itself define a new inferential contrast,
G3F02-0054,HE2_B_PHASE_E_FROZEN_ROLE_POOLS,HE2_B expanded-candidate deep coverage,Group 1 Phase E candidate pools,DESCRIPTIVE_ONLY,SUPPLEMENTARY,dual_only_DEPTH_50,dual_only,HS4-Pool@50,HS4 reference coverage in candidate pool,192,1056,0.18181818181818182,proportion,MATERIALIZED_FROZEN_VALUE,EVAL_V02_CHAPTER_87,3ddb7a0e80d8bfa20b985655f03d6ab65470b40f0738093413909b6584aee941,1056,67,SERIE,DAM / DECLARACIÓN if any later uncertainty analysis is separately authorized,outputs/evaluation/normative_candidate_pools_data_aduanas_clase87_v0.2/candidate_pool_metrics.json,ee42014a77ab8e318ff967b4db9d06fdafc8dfc7,1c183346a63d69817def2f6b1ef9666023cd32eed53e599d9842ff4d6900122f,main=366bf529c29cb999bfd043db33674a510ba184c7; main=a33fc7e10b5bc25a053e982f0ff24ff60eda042f; Phase E metadata git_commit=36373e4,outputs/evaluation/normative_candidate_pools_data_aduanas_clase87_v0.2/candidate_pool_case_summary.csv,5aac193b589d521ef3c8a294d44313c8b7f5d1d2,HE2_B_PHASE_E_FROZEN_ROLE_POOLS:HS4-Pool@50,none inferential; frozen per-variant coverage inventory,not assigned,DESCRIPTIVE_ONLY,not applicable because no inferential decision is authorized,same frozen EVAL case_id across pool variants and depths,tabulate only already frozen Pool@50/100/200 and scope labels; no interval or test under G3-F01,EXP08 as primary source | ranking or MRR claim | 70/30 variant | diagnostic union | split 3000/1006,A_historical_defined permits evaluation in the frozen role but does not itself define a new inferential contrast,
G3F02-0055,HE2_B_PHASE_E_FROZEN_ROLE_POOLS,HE2_B expanded-candidate deep coverage,Group 1 Phase E candidate pools,DESCRIPTIVE_ONLY,SUPPLEMENTARY,dual_only_DEPTH_50,dual_only,Chapter-Pool@50,chapter reference coverage in candidate pool,413,1056,0.39109848484848486,proportion,MATERIALIZED_FROZEN_VALUE,EVAL_V02_CHAPTER_87,3ddb7a0e80d8bfa20b985655f03d6ab65470b40f0738093413909b6584aee941,1056,67,SERIE,DAM / DECLARACIÓN if any later uncertainty analysis is separately authorized,outputs/evaluation/normative_candidate_pools_data_aduanas_clase87_v0.2/candidate_pool_metrics.json,ee42014a77ab8e318ff967b4db9d06fdafc8dfc7,1c183346a63d69817def2f6b1ef9666023cd32eed53e599d9842ff4d6900122f,main=366bf529c29cb999bfd043db33674a510ba184c7; main=a33fc7e10b5bc25a053e982f0ff24ff60eda042f; Phase E metadata git_commit=36373e4,outputs/evaluation/normative_candidate_pools_data_aduanas_clase87_v0.2/candidate_pool_case_summary.csv,5aac193b589d521ef3c8a294d44313c8b7f5d1d2,HE2_B_PHASE_E_FROZEN_ROLE_POOLS:Chapter-Pool@50,none inferential; frozen per-variant coverage inventory,not assigned,DESCRIPTIVE_ONLY,not applicable because no inferential decision is authorized,same frozen EVAL case_id across pool variants and depths,tabulate only already frozen Pool@50/100/200 and scope labels; no interval or test under G3-F01,EXP08 as primary source | ranking or MRR claim | 70/30 variant | diagnostic union | split 3000/1006,A_historical_defined permits evaluation in the frozen role but does not itself define a new inferential contrast,
G3F02-0056,HE2_B_PHASE_E_FROZEN_ROLE_POOLS,HE2_B expanded-candidate deep coverage,Group 1 Phase E candidate pools,DESCRIPTIVE_ONLY,DESCRIPTIVE,dual_only_DEPTH_100,dual_only,Pool@100,exact NANDINA reference contained in candidate pool,106,1056,0.10037878787878787,proportion,MATERIALIZED_FROZEN_VALUE,EVAL_V02_CHAPTER_87,3ddb7a0e80d8bfa20b985655f03d6ab65470b40f0738093413909b6584aee941,1056,67,SERIE,DAM / DECLARACIÓN if any later uncertainty analysis is separately authorized,outputs/evaluation/normative_candidate_pools_data_aduanas_clase87_v0.2/candidate_pool_metrics.json,ee42014a77ab8e318ff967b4db9d06fdafc8dfc7,1c183346a63d69817def2f6b1ef9666023cd32eed53e599d9842ff4d6900122f,main=366bf529c29cb999bfd043db33674a510ba184c7; main=a33fc7e10b5bc25a053e982f0ff24ff60eda042f; Phase E metadata git_commit=36373e4,outputs/evaluation/normative_candidate_pools_data_aduanas_clase87_v0.2/candidate_pool_case_summary.csv,5aac193b589d521ef3c8a294d44313c8b7f5d1d2,HE2_B_PHASE_E_FROZEN_ROLE_POOLS:Pool@100,none inferential; frozen per-variant coverage inventory,not assigned,DESCRIPTIVE_ONLY,not applicable because no inferential decision is authorized,same frozen EVAL case_id across pool variants and depths,tabulate only already frozen Pool@50/100/200 and scope labels; no interval or test under G3-F01,EXP08 as primary source | ranking or MRR claim | 70/30 variant | diagnostic union | split 3000/1006,A_historical_defined permits evaluation in the frozen role but does not itself define a new inferential contrast,
G3F02-0057,HE2_B_PHASE_E_FROZEN_ROLE_POOLS,HE2_B expanded-candidate deep coverage,Group 1 Phase E candidate pools,DESCRIPTIVE_ONLY,SUPPLEMENTARY,dual_only_DEPTH_100,dual_only,HS6-Pool@100,HS6 reference coverage in candidate pool,121,1056,0.11458333333333333,proportion,MATERIALIZED_FROZEN_VALUE,EVAL_V02_CHAPTER_87,3ddb7a0e80d8bfa20b985655f03d6ab65470b40f0738093413909b6584aee941,1056,67,SERIE,DAM / DECLARACIÓN if any later uncertainty analysis is separately authorized,outputs/evaluation/normative_candidate_pools_data_aduanas_clase87_v0.2/candidate_pool_metrics.json,ee42014a77ab8e318ff967b4db9d06fdafc8dfc7,1c183346a63d69817def2f6b1ef9666023cd32eed53e599d9842ff4d6900122f,main=366bf529c29cb999bfd043db33674a510ba184c7; main=a33fc7e10b5bc25a053e982f0ff24ff60eda042f; Phase E metadata git_commit=36373e4,outputs/evaluation/normative_candidate_pools_data_aduanas_clase87_v0.2/candidate_pool_case_summary.csv,5aac193b589d521ef3c8a294d44313c8b7f5d1d2,HE2_B_PHASE_E_FROZEN_ROLE_POOLS:HS6-Pool@100,none inferential; frozen per-variant coverage inventory,not assigned,DESCRIPTIVE_ONLY,not applicable because no inferential decision is authorized,same frozen EVAL case_id across pool variants and depths,tabulate only already frozen Pool@50/100/200 and scope labels; no interval or test under G3-F01,EXP08 as primary source | ranking or MRR claim | 70/30 variant | diagnostic union | split 3000/1006,A_historical_defined permits evaluation in the frozen role but does not itself define a new inferential contrast,
G3F02-0058,HE2_B_PHASE_E_FROZEN_ROLE_POOLS,HE2_B expanded-candidate deep coverage,Group 1 Phase E candidate pools,DESCRIPTIVE_ONLY,SUPPLEMENTARY,dual_only_DEPTH_100,dual_only,HS4-Pool@100,HS4 reference coverage in candidate pool,271,1056,0.2566287878787879,proportion,MATERIALIZED_FROZEN_VALUE,EVAL_V02_CHAPTER_87,3ddb7a0e80d8bfa20b985655f03d6ab65470b40f0738093413909b6584aee941,1056,67,SERIE,DAM / DECLARACIÓN if any later uncertainty analysis is separately authorized,outputs/evaluation/normative_candidate_pools_data_aduanas_clase87_v0.2/candidate_pool_metrics.json,ee42014a77ab8e318ff967b4db9d06fdafc8dfc7,1c183346a63d69817def2f6b1ef9666023cd32eed53e599d9842ff4d6900122f,main=366bf529c29cb999bfd043db33674a510ba184c7; main=a33fc7e10b5bc25a053e982f0ff24ff60eda042f; Phase E metadata git_commit=36373e4,outputs/evaluation/normative_candidate_pools_data_aduanas_clase87_v0.2/candidate_pool_case_summary.csv,5aac193b589d521ef3c8a294d44313c8b7f5d1d2,HE2_B_PHASE_E_FROZEN_ROLE_POOLS:HS4-Pool@100,none inferential; frozen per-variant coverage inventory,not assigned,DESCRIPTIVE_ONLY,not applicable because no inferential decision is authorized,same frozen EVAL case_id across pool variants and depths,tabulate only already frozen Pool@50/100/200 and scope labels; no interval or test under G3-F01,EXP08 as primary source | ranking or MRR claim | 70/30 variant | diagnostic union | split 3000/1006,A_historical_defined permits evaluation in the frozen role but does not itself define a new inferential contrast,
G3F02-0059,HE2_B_PHASE_E_FROZEN_ROLE_POOLS,HE2_B expanded-candidate deep coverage,Group 1 Phase E candidate pools,DESCRIPTIVE_ONLY,SUPPLEMENTARY,dual_only_DEPTH_100,dual_only,Chapter-Pool@100,chapter reference coverage in candidate pool,578,1056,0.5473484848484849,proportion,MATERIALIZED_FROZEN_VALUE,EVAL_V02_CHAPTER_87,3ddb7a0e80d8bfa20b985655f03d6ab65470b40f0738093413909b6584aee941,1056,67,SERIE,DAM / DECLARACIÓN if any later uncertainty analysis is separately authorized,outputs/evaluation/normative_candidate_pools_data_aduanas_clase87_v0.2/candidate_pool_metrics.json,ee42014a77ab8e318ff967b4db9d06fdafc8dfc7,1c183346a63d69817def2f6b1ef9666023cd32eed53e599d9842ff4d6900122f,main=366bf529c29cb999bfd043db33674a510ba184c7; main=a33fc7e10b5bc25a053e982f0ff24ff60eda042f; Phase E metadata git_commit=36373e4,outputs/evaluation/normative_candidate_pools_data_aduanas_clase87_v0.2/candidate_pool_case_summary.csv,5aac193b589d521ef3c8a294d44313c8b7f5d1d2,HE2_B_PHASE_E_FROZEN_ROLE_POOLS:Chapter-Pool@100,none inferential; frozen per-variant coverage inventory,not assigned,DESCRIPTIVE_ONLY,not applicable because no inferential decision is authorized,same frozen EVAL case_id across pool variants and depths,tabulate only already frozen Pool@50/100/200 and scope labels; no interval or test under G3-F01,EXP08 as primary source | ranking or MRR claim | 70/30 variant | diagnostic union | split 3000/1006,A_historical_defined permits evaluation in the frozen role but does not itself define a new inferential contrast,
G3F02-0060,HE2_B_PHASE_E_FROZEN_ROLE_POOLS,HE2_B expanded-candidate deep coverage,Group 1 Phase E candidate pools,DESCRIPTIVE_ONLY,DESCRIPTIVE,dual_only_DEPTH_200,dual_only,Pool@200,exact NANDINA reference contained in candidate pool,281,1056,0.26609848484848486,proportion,MATERIALIZED_FROZEN_VALUE,EVAL_V02_CHAPTER_87,3ddb7a0e80d8bfa20b985655f03d6ab65470b40f0738093413909b6584aee941,1056,67,SERIE,DAM / DECLARACIÓN if any later uncertainty analysis is separately authorized,outputs/evaluation/normative_candidate_pools_data_aduanas_clase87_v0.2/candidate_pool_metrics.json,ee42014a77ab8e318ff967b4db9d06fdafc8dfc7,1c183346a63d69817def2f6b1ef9666023cd32eed53e599d9842ff4d6900122f,main=366bf529c29cb999bfd043db33674a510ba184c7; main=a33fc7e10b5bc25a053e982f0ff24ff60eda042f; Phase E metadata git_commit=36373e4,outputs/evaluation/normative_candidate_pools_data_aduanas_clase87_v0.2/candidate_pool_case_summary.csv,5aac193b589d521ef3c8a294d44313c8b7f5d1d2,HE2_B_PHASE_E_FROZEN_ROLE_POOLS:Pool@200,none inferential; frozen per-variant coverage inventory,not assigned,DESCRIPTIVE_ONLY,not applicable because no inferential decision is authorized,same frozen EVAL case_id across pool variants and depths,tabulate only already frozen Pool@50/100/200 and scope labels; no interval or test under G3-F01,EXP08 as primary source | ranking or MRR claim | 70/30 variant | diagnostic union | split 3000/1006,A_historical_defined permits evaluation in the frozen role but does not itself define a new inferential contrast,
G3F02-0061,HE2_B_PHASE_E_FROZEN_ROLE_POOLS,HE2_B expanded-candidate deep coverage,Group 1 Phase E candidate pools,DESCRIPTIVE_ONLY,SUPPLEMENTARY,dual_only_DEPTH_200,dual_only,HS6-Pool@200,HS6 reference coverage in candidate pool,340,1056,0.32196969696969696,proportion,MATERIALIZED_FROZEN_VALUE,EVAL_V02_CHAPTER_87,3ddb7a0e80d8bfa20b985655f03d6ab65470b40f0738093413909b6584aee941,1056,67,SERIE,DAM / DECLARACIÓN if any later uncertainty analysis is separately authorized,outputs/evaluation/normative_candidate_pools_data_aduanas_clase87_v0.2/candidate_pool_metrics.json,ee42014a77ab8e318ff967b4db9d06fdafc8dfc7,1c183346a63d69817def2f6b1ef9666023cd32eed53e599d9842ff4d6900122f,main=366bf529c29cb999bfd043db33674a510ba184c7; main=a33fc7e10b5bc25a053e982f0ff24ff60eda042f; Phase E metadata git_commit=36373e4,outputs/evaluation/normative_candidate_pools_data_aduanas_clase87_v0.2/candidate_pool_case_summary.csv,5aac193b589d521ef3c8a294d44313c8b7f5d1d2,HE2_B_PHASE_E_FROZEN_ROLE_POOLS:HS6-Pool@200,none inferential; frozen per-variant coverage inventory,not assigned,DESCRIPTIVE_ONLY,not applicable because no inferential decision is authorized,same frozen EVAL case_id across pool variants and depths,tabulate only already frozen Pool@50/100/200 and scope labels; no interval or test under G3-F01,EXP08 as primary source | ranking or MRR claim | 70/30 variant | diagnostic union | split 3000/1006,A_historical_defined permits evaluation in the frozen role but does not itself define a new inferential contrast,
G3F02-0062,HE2_B_PHASE_E_FROZEN_ROLE_POOLS,HE2_B expanded-candidate deep coverage,Group 1 Phase E candidate pools,DESCRIPTIVE_ONLY,SUPPLEMENTARY,dual_only_DEPTH_200,dual_only,HS4-Pool@200,HS4 reference coverage in candidate pool,513,1056,0.48579545454545453,proportion,MATERIALIZED_FROZEN_VALUE,EVAL_V02_CHAPTER_87,3ddb7a0e80d8bfa20b985655f03d6ab65470b40f0738093413909b6584aee941,1056,67,SERIE,DAM / DECLARACIÓN if any later uncertainty analysis is separately authorized,outputs/evaluation/normative_candidate_pools_data_aduanas_clase87_v0.2/candidate_pool_metrics.json,ee42014a77ab8e318ff967b4db9d06fdafc8dfc7,1c183346a63d69817def2f6b1ef9666023cd32eed53e599d9842ff4d6900122f,main=366bf529c29cb999bfd043db33674a510ba184c7; main=a33fc7e10b5bc25a053e982f0ff24ff60eda042f; Phase E metadata git_commit=36373e4,outputs/evaluation/normative_candidate_pools_data_aduanas_clase87_v0.2/candidate_pool_case_summary.csv,5aac193b589d521ef3c8a294d44313c8b7f5d1d2,HE2_B_PHASE_E_FROZEN_ROLE_POOLS:HS4-Pool@200,none inferential; frozen per-variant coverage inventory,not assigned,DESCRIPTIVE_ONLY,not applicable because no inferential decision is authorized,same frozen EVAL case_id across pool variants and depths,tabulate only already frozen Pool@50/100/200 and scope labels; no interval or test under G3-F01,EXP08 as primary source | ranking or MRR claim | 70/30 variant | diagnostic union | split 3000/1006,A_historical_defined permits evaluation in the frozen role but does not itself define a new inferential contrast,
G3F02-0063,HE2_B_PHASE_E_FROZEN_ROLE_POOLS,HE2_B expanded-candidate deep coverage,Group 1 Phase E candidate pools,DESCRIPTIVE_ONLY,SUPPLEMENTARY,dual_only_DEPTH_200,dual_only,Chapter-Pool@200,chapter reference coverage in candidate pool,827,1056,0.7831439393939394,proportion,MATERIALIZED_FROZEN_VALUE,EVAL_V02_CHAPTER_87,3ddb7a0e80d8bfa20b985655f03d6ab65470b40f0738093413909b6584aee941,1056,67,SERIE,DAM / DECLARACIÓN if any later uncertainty analysis is separately authorized,outputs/evaluation/normative_candidate_pools_data_aduanas_clase87_v0.2/candidate_pool_metrics.json,ee42014a77ab8e318ff967b4db9d06fdafc8dfc7,1c183346a63d69817def2f6b1ef9666023cd32eed53e599d9842ff4d6900122f,main=366bf529c29cb999bfd043db33674a510ba184c7; main=a33fc7e10b5bc25a053e982f0ff24ff60eda042f; Phase E metadata git_commit=36373e4,outputs/evaluation/normative_candidate_pools_data_aduanas_clase87_v0.2/candidate_pool_case_summary.csv,5aac193b589d521ef3c8a294d44313c8b7f5d1d2,HE2_B_PHASE_E_FROZEN_ROLE_POOLS:Chapter-Pool@200,none inferential; frozen per-variant coverage inventory,not assigned,DESCRIPTIVE_ONLY,not applicable because no inferential decision is authorized,same frozen EVAL case_id across pool variants and depths,tabulate only already frozen Pool@50/100/200 and scope labels; no interval or test under G3-F01,EXP08 as primary source | ranking or MRR claim | 70/30 variant | diagnostic union | split 3000/1006,A_historical_defined permits evaluation in the frozen role but does not itself define a new inferential contrast,
G3F02-0064,HE2_B_PHASE_E_FROZEN_ROLE_POOLS,HE2_B expanded-candidate deep coverage,Group 1 Phase E candidate pools,DESCRIPTIVE_ONLY,DESCRIPTIVE,hierarchical_first_100_DEPTH_50,hierarchical_first_100,Pool@50,exact NANDINA reference contained in candidate pool,96,1056,0.09090909090909091,proportion,MATERIALIZED_FROZEN_VALUE,EVAL_V02_CHAPTER_87,3ddb7a0e80d8bfa20b985655f03d6ab65470b40f0738093413909b6584aee941,1056,67,SERIE,DAM / DECLARACIÓN if any later uncertainty analysis is separately authorized,outputs/evaluation/normative_candidate_pools_data_aduanas_clase87_v0.2/candidate_pool_metrics.json,ee42014a77ab8e318ff967b4db9d06fdafc8dfc7,1c183346a63d69817def2f6b1ef9666023cd32eed53e599d9842ff4d6900122f,main=366bf529c29cb999bfd043db33674a510ba184c7; main=a33fc7e10b5bc25a053e982f0ff24ff60eda042f; Phase E metadata git_commit=36373e4,outputs/evaluation/normative_candidate_pools_data_aduanas_clase87_v0.2/candidate_pool_case_summary.csv,5aac193b589d521ef3c8a294d44313c8b7f5d1d2,HE2_B_PHASE_E_FROZEN_ROLE_POOLS:Pool@50,none inferential; frozen per-variant coverage inventory,not assigned,DESCRIPTIVE_ONLY,not applicable because no inferential decision is authorized,same frozen EVAL case_id across pool variants and depths,tabulate only already frozen Pool@50/100/200 and scope labels; no interval or test under G3-F01,EXP08 as primary source | ranking or MRR claim | 70/30 variant | diagnostic union | split 3000/1006,A_historical_defined permits evaluation in the frozen role but does not itself define a new inferential contrast,
G3F02-0065,HE2_B_PHASE_E_FROZEN_ROLE_POOLS,HE2_B expanded-candidate deep coverage,Group 1 Phase E candidate pools,DESCRIPTIVE_ONLY,SUPPLEMENTARY,hierarchical_first_100_DEPTH_50,hierarchical_first_100,HS6-Pool@50,HS6 reference coverage in candidate pool,106,1056,0.10037878787878787,proportion,MATERIALIZED_FROZEN_VALUE,EVAL_V02_CHAPTER_87,3ddb7a0e80d8bfa20b985655f03d6ab65470b40f0738093413909b6584aee941,1056,67,SERIE,DAM / DECLARACIÓN if any later uncertainty analysis is separately authorized,outputs/evaluation/normative_candidate_pools_data_aduanas_clase87_v0.2/candidate_pool_metrics.json,ee42014a77ab8e318ff967b4db9d06fdafc8dfc7,1c183346a63d69817def2f6b1ef9666023cd32eed53e599d9842ff4d6900122f,main=366bf529c29cb999bfd043db33674a510ba184c7; main=a33fc7e10b5bc25a053e982f0ff24ff60eda042f; Phase E metadata git_commit=36373e4,outputs/evaluation/normative_candidate_pools_data_aduanas_clase87_v0.2/candidate_pool_case_summary.csv,5aac193b589d521ef3c8a294d44313c8b7f5d1d2,HE2_B_PHASE_E_FROZEN_ROLE_POOLS:HS6-Pool@50,none inferential; frozen per-variant coverage inventory,not assigned,DESCRIPTIVE_ONLY,not applicable because no inferential decision is authorized,same frozen EVAL case_id across pool variants and depths,tabulate only already frozen Pool@50/100/200 and scope labels; no interval or test under G3-F01,EXP08 as primary source | ranking or MRR claim | 70/30 variant | diagnostic union | split 3000/1006,A_historical_defined permits evaluation in the frozen role but does not itself define a new inferential contrast,
G3F02-0066,HE2_B_PHASE_E_FROZEN_ROLE_POOLS,HE2_B expanded-candidate deep coverage,Group 1 Phase E candidate pools,DESCRIPTIVE_ONLY,SUPPLEMENTARY,hierarchical_first_100_DEPTH_50,hierarchical_first_100,HS4-Pool@50,HS4 reference coverage in candidate pool,192,1056,0.18181818181818182,proportion,MATERIALIZED_FROZEN_VALUE,EVAL_V02_CHAPTER_87,3ddb7a0e80d8bfa20b985655f03d6ab65470b40f0738093413909b6584aee941,1056,67,SERIE,DAM / DECLARACIÓN if any later uncertainty analysis is separately authorized,outputs/evaluation/normative_candidate_pools_data_aduanas_clase87_v0.2/candidate_pool_metrics.json,ee42014a77ab8e318ff967b4db9d06fdafc8dfc7,1c183346a63d69817def2f6b1ef9666023cd32eed53e599d9842ff4d6900122f,main=366bf529c29cb999bfd043db33674a510ba184c7; main=a33fc7e10b5bc25a053e982f0ff24ff60eda042f; Phase E metadata git_commit=36373e4,outputs/evaluation/normative_candidate_pools_data_aduanas_clase87_v0.2/candidate_pool_case_summary.csv,5aac193b589d521ef3c8a294d44313c8b7f5d1d2,HE2_B_PHASE_E_FROZEN_ROLE_POOLS:HS4-Pool@50,none inferential; frozen per-variant coverage inventory,not assigned,DESCRIPTIVE_ONLY,not applicable because no inferential decision is authorized,same frozen EVAL case_id across pool variants and depths,tabulate only already frozen Pool@50/100/200 and scope labels; no interval or test under G3-F01,EXP08 as primary source | ranking or MRR claim | 70/30 variant | diagnostic union | split 3000/1006,A_historical_defined permits evaluation in the frozen role but does not itself define a new inferential contrast,
G3F02-0067,HE2_B_PHASE_E_FROZEN_ROLE_POOLS,HE2_B expanded-candidate deep coverage,Group 1 Phase E candidate pools,DESCRIPTIVE_ONLY,SUPPLEMENTARY,hierarchical_first_100_DEPTH_50,hierarchical_first_100,Chapter-Pool@50,chapter reference coverage in candidate pool,399,1056,0.3778409090909091,proportion,MATERIALIZED_FROZEN_VALUE,EVAL_V02_CHAPTER_87,3ddb7a0e80d8bfa20b985655f03d6ab65470b40f0738093413909b6584aee941,1056,67,SERIE,DAM / DECLARACIÓN if any later uncertainty analysis is separately authorized,outputs/evaluation/normative_candidate_pools_data_aduanas_clase87_v0.2/candidate_pool_metrics.json,ee42014a77ab8e318ff967b4db9d06fdafc8dfc7,1c183346a63d69817def2f6b1ef9666023cd32eed53e599d9842ff4d6900122f,main=366bf529c29cb999bfd043db33674a510ba184c7; main=a33fc7e10b5bc25a053e982f0ff24ff60eda042f; Phase E metadata git_commit=36373e4,outputs/evaluation/normative_candidate_pools_data_aduanas_clase87_v0.2/candidate_pool_case_summary.csv,5aac193b589d521ef3c8a294d44313c8b7f5d1d2,HE2_B_PHASE_E_FROZEN_ROLE_POOLS:Chapter-Pool@50,none inferential; frozen per-variant coverage inventory,not assigned,DESCRIPTIVE_ONLY,not applicable because no inferential decision is authorized,same frozen EVAL case_id across pool variants and depths,tabulate only already frozen Pool@50/100/200 and scope labels; no interval or test under G3-F01,EXP08 as primary source | ranking or MRR claim | 70/30 variant | diagnostic union | split 3000/1006,A_historical_defined permits evaluation in the frozen role but does not itself define a new inferential contrast,
G3F02-0068,HE2_B_PHASE_E_FROZEN_ROLE_POOLS,HE2_B expanded-candidate deep coverage,Group 1 Phase E candidate pools,DESCRIPTIVE_ONLY,DESCRIPTIVE,hierarchical_first_100_DEPTH_100,hierarchical_first_100,Pool@100,exact NANDINA reference contained in candidate pool,107,1056,0.10132575757575757,proportion,MATERIALIZED_FROZEN_VALUE,EVAL_V02_CHAPTER_87,3ddb7a0e80d8bfa20b985655f03d6ab65470b40f0738093413909b6584aee941,1056,67,SERIE,DAM / DECLARACIÓN if any later uncertainty analysis is separately authorized,outputs/evaluation/normative_candidate_pools_data_aduanas_clase87_v0.2/candidate_pool_metrics.json,ee42014a77ab8e318ff967b4db9d06fdafc8dfc7,1c183346a63d69817def2f6b1ef9666023cd32eed53e599d9842ff4d6900122f,main=366bf529c29cb999bfd043db33674a510ba184c7; main=a33fc7e10b5bc25a053e982f0ff24ff60eda042f; Phase E metadata git_commit=36373e4,outputs/evaluation/normative_candidate_pools_data_aduanas_clase87_v0.2/candidate_pool_case_summary.csv,5aac193b589d521ef3c8a294d44313c8b7f5d1d2,HE2_B_PHASE_E_FROZEN_ROLE_POOLS:Pool@100,none inferential; frozen per-variant coverage inventory,not assigned,DESCRIPTIVE_ONLY,not applicable because no inferential decision is authorized,same frozen EVAL case_id across pool variants and depths,tabulate only already frozen Pool@50/100/200 and scope labels; no interval or test under G3-F01,EXP08 as primary source | ranking or MRR claim | 70/30 variant | diagnostic union | split 3000/1006,A_historical_defined permits evaluation in the frozen role but does not itself define a new inferential contrast,
G3F02-0069,HE2_B_PHASE_E_FROZEN_ROLE_POOLS,HE2_B expanded-candidate deep coverage,Group 1 Phase E candidate pools,DESCRIPTIVE_ONLY,SUPPLEMENTARY,hierarchical_first_100_DEPTH_100,hierarchical_first_100,HS6-Pool@100,HS6 reference coverage in candidate pool,118,1056,0.11174242424242424,proportion,MATERIALIZED_FROZEN_VALUE,EVAL_V02_CHAPTER_87,3ddb7a0e80d8bfa20b985655f03d6ab65470b40f0738093413909b6584aee941,1056,67,SERIE,DAM / DECLARACIÓN if any later uncertainty analysis is separately authorized,outputs/evaluation/normative_candidate_pools_data_aduanas_clase87_v0.2/candidate_pool_metrics.json,ee42014a77ab8e318ff967b4db9d06fdafc8dfc7,1c183346a63d69817def2f6b1ef9666023cd32eed53e599d9842ff4d6900122f,main=366bf529c29cb999bfd043db33674a510ba184c7; main=a33fc7e10b5bc25a053e982f0ff24ff60eda042f; Phase E metadata git_commit=36373e4,outputs/evaluation/normative_candidate_pools_data_aduanas_clase87_v0.2/candidate_pool_case_summary.csv,5aac193b589d521ef3c8a294d44313c8b7f5d1d2,HE2_B_PHASE_E_FROZEN_ROLE_POOLS:HS6-Pool@100,none inferential; frozen per-variant coverage inventory,not assigned,DESCRIPTIVE_ONLY,not applicable because no inferential decision is authorized,same frozen EVAL case_id across pool variants and depths,tabulate only already frozen Pool@50/100/200 and scope labels; no interval or test under G3-F01,EXP08 as primary source | ranking or MRR claim | 70/30 variant | diagnostic union | split 3000/1006,A_historical_defined permits evaluation in the frozen role but does not itself define a new inferential contrast,
G3F02-0070,HE2_B_PHASE_E_FROZEN_ROLE_POOLS,HE2_B expanded-candidate deep coverage,Group 1 Phase E candidate pools,DESCRIPTIVE_ONLY,SUPPLEMENTARY,hierarchical_first_100_DEPTH_100,hierarchical_first_100,HS4-Pool@100,HS4 reference coverage in candidate pool,264,1056,0.25,proportion,MATERIALIZED_FROZEN_VALUE,EVAL_V02_CHAPTER_87,3ddb7a0e80d8bfa20b985655f03d6ab65470b40f0738093413909b6584aee941,1056,67,SERIE,DAM / DECLARACIÓN if any later uncertainty analysis is separately authorized,outputs/evaluation/normative_candidate_pools_data_aduanas_clase87_v0.2/candidate_pool_metrics.json,ee42014a77ab8e318ff967b4db9d06fdafc8dfc7,1c183346a63d69817def2f6b1ef9666023cd32eed53e599d9842ff4d6900122f,main=366bf529c29cb999bfd043db33674a510ba184c7; main=a33fc7e10b5bc25a053e982f0ff24ff60eda042f; Phase E metadata git_commit=36373e4,outputs/evaluation/normative_candidate_pools_data_aduanas_clase87_v0.2/candidate_pool_case_summary.csv,5aac193b589d521ef3c8a294d44313c8b7f5d1d2,HE2_B_PHASE_E_FROZEN_ROLE_POOLS:HS4-Pool@100,none inferential; frozen per-variant coverage inventory,not assigned,DESCRIPTIVE_ONLY,not applicable because no inferential decision is authorized,same frozen EVAL case_id across pool variants and depths,tabulate only already frozen Pool@50/100/200 and scope labels; no interval or test under G3-F01,EXP08 as primary source | ranking or MRR claim | 70/30 variant | diagnostic union | split 3000/1006,A_historical_defined permits evaluation in the frozen role but does not itself define a new inferential contrast,
G3F02-0071,HE2_B_PHASE_E_FROZEN_ROLE_POOLS,HE2_B expanded-candidate deep coverage,Group 1 Phase E candidate pools,DESCRIPTIVE_ONLY,SUPPLEMENTARY,hierarchical_first_100_DEPTH_100,hierarchical_first_100,Chapter-Pool@100,chapter reference coverage in candidate pool,538,1056,0.509469696969697,proportion,MATERIALIZED_FROZEN_VALUE,EVAL_V02_CHAPTER_87,3ddb7a0e80d8bfa20b985655f03d6ab65470b40f0738093413909b6584aee941,1056,67,SERIE,DAM / DECLARACIÓN if any later uncertainty analysis is separately authorized,outputs/evaluation/normative_candidate_pools_data_aduanas_clase87_v0.2/candidate_pool_metrics.json,ee42014a77ab8e318ff967b4db9d06fdafc8dfc7,1c183346a63d69817def2f6b1ef9666023cd32eed53e599d9842ff4d6900122f,main=366bf529c29cb999bfd043db33674a510ba184c7; main=a33fc7e10b5bc25a053e982f0ff24ff60eda042f; Phase E metadata git_commit=36373e4,outputs/evaluation/normative_candidate_pools_data_aduanas_clase87_v0.2/candidate_pool_case_summary.csv,5aac193b589d521ef3c8a294d44313c8b7f5d1d2,HE2_B_PHASE_E_FROZEN_ROLE_POOLS:Chapter-Pool@100,none inferential; frozen per-variant coverage inventory,not assigned,DESCRIPTIVE_ONLY,not applicable because no inferential decision is authorized,same frozen EVAL case_id across pool variants and depths,tabulate only already frozen Pool@50/100/200 and scope labels; no interval or test under G3-F01,EXP08 as primary source | ranking or MRR claim | 70/30 variant | diagnostic union | split 3000/1006,A_historical_defined permits evaluation in the frozen role but does not itself define a new inferential contrast,
G3F02-0072,HE2_B_PHASE_E_FROZEN_ROLE_POOLS,HE2_B expanded-candidate deep coverage,Group 1 Phase E candidate pools,DESCRIPTIVE_ONLY,DESCRIPTIVE,hierarchical_first_100_DEPTH_200,hierarchical_first_100,Pool@200,exact NANDINA reference contained in candidate pool,280,1056,0.26515151515151514,proportion,MATERIALIZED_FROZEN_VALUE,EVAL_V02_CHAPTER_87,3ddb7a0e80d8bfa20b985655f03d6ab65470b40f0738093413909b6584aee941,1056,67,SERIE,DAM / DECLARACIÓN if any later uncertainty analysis is separately authorized,outputs/evaluation/normative_candidate_pools_data_aduanas_clase87_v0.2/candidate_pool_metrics.json,ee42014a77ab8e318ff967b4db9d06fdafc8dfc7,1c183346a63d69817def2f6b1ef9666023cd32eed53e599d9842ff4d6900122f,main=366bf529c29cb999bfd043db33674a510ba184c7; main=a33fc7e10b5bc25a053e982f0ff24ff60eda042f; Phase E metadata git_commit=36373e4,outputs/evaluation/normative_candidate_pools_data_aduanas_clase87_v0.2/candidate_pool_case_summary.csv,5aac193b589d521ef3c8a294d44313c8b7f5d1d2,HE2_B_PHASE_E_FROZEN_ROLE_POOLS:Pool@200,none inferential; frozen per-variant coverage inventory,not assigned,DESCRIPTIVE_ONLY,not applicable because no inferential decision is authorized,same frozen EVAL case_id across pool variants and depths,tabulate only already frozen Pool@50/100/200 and scope labels; no interval or test under G3-F01,EXP08 as primary source | ranking or MRR claim | 70/30 variant | diagnostic union | split 3000/1006,A_historical_defined permits evaluation in the frozen role but does not itself define a new inferential contrast,
G3F02-0073,HE2_B_PHASE_E_FROZEN_ROLE_POOLS,HE2_B expanded-candidate deep coverage,Group 1 Phase E candidate pools,DESCRIPTIVE_ONLY,SUPPLEMENTARY,hierarchical_first_100_DEPTH_200,hierarchical_first_100,HS6-Pool@200,HS6 reference coverage in candidate pool,335,1056,0.3172348484848485,proportion,MATERIALIZED_FROZEN_VALUE,EVAL_V02_CHAPTER_87,3ddb7a0e80d8bfa20b985655f03d6ab65470b40f0738093413909b6584aee941,1056,67,SERIE,DAM / DECLARACIÓN if any later uncertainty analysis is separately authorized,outputs/evaluation/normative_candidate_pools_data_aduanas_clase87_v0.2/candidate_pool_metrics.json,ee42014a77ab8e318ff967b4db9d06fdafc8dfc7,1c183346a63d69817def2f6b1ef9666023cd32eed53e599d9842ff4d6900122f,main=366bf529c29cb999bfd043db33674a510ba184c7; main=a33fc7e10b5bc25a053e982f0ff24ff60eda042f; Phase E metadata git_commit=36373e4,outputs/evaluation/normative_candidate_pools_data_aduanas_clase87_v0.2/candidate_pool_case_summary.csv,5aac193b589d521ef3c8a294d44313c8b7f5d1d2,HE2_B_PHASE_E_FROZEN_ROLE_POOLS:HS6-Pool@200,none inferential; frozen per-variant coverage inventory,not assigned,DESCRIPTIVE_ONLY,not applicable because no inferential decision is authorized,same frozen EVAL case_id across pool variants and depths,tabulate only already frozen Pool@50/100/200 and scope labels; no interval or test under G3-F01,EXP08 as primary source | ranking or MRR claim | 70/30 variant | diagnostic union | split 3000/1006,A_historical_defined permits evaluation in the frozen role but does not itself define a new inferential contrast,
G3F02-0074,HE2_B_PHASE_E_FROZEN_ROLE_POOLS,HE2_B expanded-candidate deep coverage,Group 1 Phase E candidate pools,DESCRIPTIVE_ONLY,SUPPLEMENTARY,hierarchical_first_100_DEPTH_200,hierarchical_first_100,HS4-Pool@200,HS4 reference coverage in candidate pool,510,1056,0.48295454545454547,proportion,MATERIALIZED_FROZEN_VALUE,EVAL_V02_CHAPTER_87,3ddb7a0e80d8bfa20b985655f03d6ab65470b40f0738093413909b6584aee941,1056,67,SERIE,DAM / DECLARACIÓN if any later uncertainty analysis is separately authorized,outputs/evaluation/normative_candidate_pools_data_aduanas_clase87_v0.2/candidate_pool_metrics.json,ee42014a77ab8e318ff967b4db9d06fdafc8dfc7,1c183346a63d69817def2f6b1ef9666023cd32eed53e599d9842ff4d6900122f,main=366bf529c29cb999bfd043db33674a510ba184c7; main=a33fc7e10b5bc25a053e982f0ff24ff60eda042f; Phase E metadata git_commit=36373e4,outputs/evaluation/normative_candidate_pools_data_aduanas_clase87_v0.2/candidate_pool_case_summary.csv,5aac193b589d521ef3c8a294d44313c8b7f5d1d2,HE2_B_PHASE_E_FROZEN_ROLE_POOLS:HS4-Pool@200,none inferential; frozen per-variant coverage inventory,not assigned,DESCRIPTIVE_ONLY,not applicable because no inferential decision is authorized,same frozen EVAL case_id across pool variants and depths,tabulate only already frozen Pool@50/100/200 and scope labels; no interval or test under G3-F01,EXP08 as primary source | ranking or MRR claim | 70/30 variant | diagnostic union | split 3000/1006,A_historical_defined permits evaluation in the frozen role but does not itself define a new inferential contrast,
G3F02-0075,HE2_B_PHASE_E_FROZEN_ROLE_POOLS,HE2_B expanded-candidate deep coverage,Group 1 Phase E candidate pools,DESCRIPTIVE_ONLY,SUPPLEMENTARY,hierarchical_first_100_DEPTH_200,hierarchical_first_100,Chapter-Pool@200,chapter reference coverage in candidate pool,826,1056,0.7821969696969697,proportion,MATERIALIZED_FROZEN_VALUE,EVAL_V02_CHAPTER_87,3ddb7a0e80d8bfa20b985655f03d6ab65470b40f0738093413909b6584aee941,1056,67,SERIE,DAM / DECLARACIÓN if any later uncertainty analysis is separately authorized,outputs/evaluation/normative_candidate_pools_data_aduanas_clase87_v0.2/candidate_pool_metrics.json,ee42014a77ab8e318ff967b4db9d06fdafc8dfc7,1c183346a63d69817def2f6b1ef9666023cd32eed53e599d9842ff4d6900122f,main=366bf529c29cb999bfd043db33674a510ba184c7; main=a33fc7e10b5bc25a053e982f0ff24ff60eda042f; Phase E metadata git_commit=36373e4,outputs/evaluation/normative_candidate_pools_data_aduanas_clase87_v0.2/candidate_pool_case_summary.csv,5aac193b589d521ef3c8a294d44313c8b7f5d1d2,HE2_B_PHASE_E_FROZEN_ROLE_POOLS:Chapter-Pool@200,none inferential; frozen per-variant coverage inventory,not assigned,DESCRIPTIVE_ONLY,not applicable because no inferential decision is authorized,same frozen EVAL case_id across pool variants and depths,tabulate only already frozen Pool@50/100/200 and scope labels; no interval or test under G3-F01,EXP08 as primary source | ranking or MRR claim | 70/30 variant | diagnostic union | split 3000/1006,A_historical_defined permits evaluation in the frozen role but does not itself define a new inferential contrast,
G3F02-0076,HE2_B_PHASE_E_FROZEN_ROLE_POOLS,HE2_B expanded-candidate deep coverage,Group 1 Phase E candidate pools,DESCRIPTIVE_ONLY,DESCRIPTIVE,hierarchical_80_dual_backfill_20_DEPTH_50,hierarchical_80_dual_backfill_20,Pool@50,exact NANDINA reference contained in candidate pool,96,1056,0.09090909090909091,proportion,MATERIALIZED_FROZEN_VALUE,EVAL_V02_CHAPTER_87,3ddb7a0e80d8bfa20b985655f03d6ab65470b40f0738093413909b6584aee941,1056,67,SERIE,DAM / DECLARACIÓN if any later uncertainty analysis is separately authorized,outputs/evaluation/normative_candidate_pools_data_aduanas_clase87_v0.2/candidate_pool_metrics.json,ee42014a77ab8e318ff967b4db9d06fdafc8dfc7,1c183346a63d69817def2f6b1ef9666023cd32eed53e599d9842ff4d6900122f,main=366bf529c29cb999bfd043db33674a510ba184c7; main=a33fc7e10b5bc25a053e982f0ff24ff60eda042f; Phase E metadata git_commit=36373e4,outputs/evaluation/normative_candidate_pools_data_aduanas_clase87_v0.2/candidate_pool_case_summary.csv,5aac193b589d521ef3c8a294d44313c8b7f5d1d2,HE2_B_PHASE_E_FROZEN_ROLE_POOLS:Pool@50,none inferential; frozen per-variant coverage inventory,not assigned,DESCRIPTIVE_ONLY,not applicable because no inferential decision is authorized,same frozen EVAL case_id across pool variants and depths,tabulate only already frozen Pool@50/100/200 and scope labels; no interval or test under G3-F01,EXP08 as primary source | ranking or MRR claim | 70/30 variant | diagnostic union | split 3000/1006,A_historical_defined permits evaluation in the frozen role but does not itself define a new inferential contrast,
G3F02-0077,HE2_B_PHASE_E_FROZEN_ROLE_POOLS,HE2_B expanded-candidate deep coverage,Group 1 Phase E candidate pools,DESCRIPTIVE_ONLY,SUPPLEMENTARY,hierarchical_80_dual_backfill_20_DEPTH_50,hierarchical_80_dual_backfill_20,HS6-Pool@50,HS6 reference coverage in candidate pool,106,1056,0.10037878787878787,proportion,MATERIALIZED_FROZEN_VALUE,EVAL_V02_CHAPTER_87,3ddb7a0e80d8bfa20b985655f03d6ab65470b40f0738093413909b6584aee941,1056,67,SERIE,DAM / DECLARACIÓN if any later uncertainty analysis is separately authorized,outputs/evaluation/normative_candidate_pools_data_aduanas_clase87_v0.2/candidate_pool_metrics.json,ee42014a77ab8e318ff967b4db9d06fdafc8dfc7,1c183346a63d69817def2f6b1ef9666023cd32eed53e599d9842ff4d6900122f,main=366bf529c29cb999bfd043db33674a510ba184c7; main=a33fc7e10b5bc25a053e982f0ff24ff60eda042f; Phase E metadata git_commit=36373e4,outputs/evaluation/normative_candidate_pools_data_aduanas_clase87_v0.2/candidate_pool_case_summary.csv,5aac193b589d521ef3c8a294d44313c8b7f5d1d2,HE2_B_PHASE_E_FROZEN_ROLE_POOLS:HS6-Pool@50,none inferential; frozen per-variant coverage inventory,not assigned,DESCRIPTIVE_ONLY,not applicable because no inferential decision is authorized,same frozen EVAL case_id across pool variants and depths,tabulate only already frozen Pool@50/100/200 and scope labels; no interval or test under G3-F01,EXP08 as primary source | ranking or MRR claim | 70/30 variant | diagnostic union | split 3000/1006,A_historical_defined permits evaluation in the frozen role but does not itself define a new inferential contrast,
G3F02-0078,HE2_B_PHASE_E_FROZEN_ROLE_POOLS,HE2_B expanded-candidate deep coverage,Group 1 Phase E candidate pools,DESCRIPTIVE_ONLY,SUPPLEMENTARY,hierarchical_80_dual_backfill_20_DEPTH_50,hierarchical_80_dual_backfill_20,HS4-Pool@50,HS4 reference coverage in candidate pool,192,1056,0.18181818181818182,proportion,MATERIALIZED_FROZEN_VALUE,EVAL_V02_CHAPTER_87,3ddb7a0e80d8bfa20b985655f03d6ab65470b40f0738093413909b6584aee941,1056,67,SERIE,DAM / DECLARACIÓN if any later uncertainty analysis is separately authorized,outputs/evaluation/normative_candidate_pools_data_aduanas_clase87_v0.2/candidate_pool_metrics.json,ee42014a77ab8e318ff967b4db9d06fdafc8dfc7,1c183346a63d69817def2f6b1ef9666023cd32eed53e599d9842ff4d6900122f,main=366bf529c29cb999bfd043db33674a510ba184c7; main=a33fc7e10b5bc25a053e982f0ff24ff60eda042f; Phase E metadata git_commit=36373e4,outputs/evaluation/normative_candidate_pools_data_aduanas_clase87_v0.2/candidate_pool_case_summary.csv,5aac193b589d521ef3c8a294d44313c8b7f5d1d2,HE2_B_PHASE_E_FROZEN_ROLE_POOLS:HS4-Pool@50,none inferential; frozen per-variant coverage inventory,not assigned,DESCRIPTIVE_ONLY,not applicable because no inferential decision is authorized,same frozen EVAL case_id across pool variants and depths,tabulate only already frozen Pool@50/100/200 and scope labels; no interval or test under G3-F01,EXP08 as primary source | ranking or MRR claim | 70/30 variant | diagnostic union | split 3000/1006,A_historical_defined permits evaluation in the frozen role but does not itself define a new inferential contrast,
G3F02-0079,HE2_B_PHASE_E_FROZEN_ROLE_POOLS,HE2_B expanded-candidate deep coverage,Group 1 Phase E candidate pools,DESCRIPTIVE_ONLY,SUPPLEMENTARY,hierarchical_80_dual_backfill_20_DEPTH_50,hierarchical_80_dual_backfill_20,Chapter-Pool@50,chapter reference coverage in candidate pool,399,1056,0.3778409090909091,proportion,MATERIALIZED_FROZEN_VALUE,EVAL_V02_CHAPTER_87,3ddb7a0e80d8bfa20b985655f03d6ab65470b40f0738093413909b6584aee941,1056,67,SERIE,DAM / DECLARACIÓN if any later uncertainty analysis is separately authorized,outputs/evaluation/normative_candidate_pools_data_aduanas_clase87_v0.2/candidate_pool_metrics.json,ee42014a77ab8e318ff967b4db9d06fdafc8dfc7,1c183346a63d69817def2f6b1ef9666023cd32eed53e599d9842ff4d6900122f,main=366bf529c29cb999bfd043db33674a510ba184c7; main=a33fc7e10b5bc25a053e982f0ff24ff60eda042f; Phase E metadata git_commit=36373e4,outputs/evaluation/normative_candidate_pools_data_aduanas_clase87_v0.2/candidate_pool_case_summary.csv,5aac193b589d521ef3c8a294d44313c8b7f5d1d2,HE2_B_PHASE_E_FROZEN_ROLE_POOLS:Chapter-Pool@50,none inferential; frozen per-variant coverage inventory,not assigned,DESCRIPTIVE_ONLY,not applicable because no inferential decision is authorized,same frozen EVAL case_id across pool variants and depths,tabulate only already frozen Pool@50/100/200 and scope labels; no interval or test under G3-F01,EXP08 as primary source | ranking or MRR claim | 70/30 variant | diagnostic union | split 3000/1006,A_historical_defined permits evaluation in the frozen role but does not itself define a new inferential contrast,
G3F02-0080,HE2_B_PHASE_E_FROZEN_ROLE_POOLS,HE2_B expanded-candidate deep coverage,Group 1 Phase E candidate pools,DESCRIPTIVE_ONLY,DESCRIPTIVE,hierarchical_80_dual_backfill_20_DEPTH_100,hierarchical_80_dual_backfill_20,Pool@100,exact NANDINA reference contained in candidate pool,107,1056,0.10132575757575757,proportion,MATERIALIZED_FROZEN_VALUE,EVAL_V02_CHAPTER_87,3ddb7a0e80d8bfa20b985655f03d6ab65470b40f0738093413909b6584aee941,1056,67,SERIE,DAM / DECLARACIÓN if any later uncertainty analysis is separately authorized,outputs/evaluation/normative_candidate_pools_data_aduanas_clase87_v0.2/candidate_pool_metrics.json,ee42014a77ab8e318ff967b4db9d06fdafc8dfc7,1c183346a63d69817def2f6b1ef9666023cd32eed53e599d9842ff4d6900122f,main=366bf529c29cb999bfd043db33674a510ba184c7; main=a33fc7e10b5bc25a053e982f0ff24ff60eda042f; Phase E metadata git_commit=36373e4,outputs/evaluation/normative_candidate_pools_data_aduanas_clase87_v0.2/candidate_pool_case_summary.csv,5aac193b589d521ef3c8a294d44313c8b7f5d1d2,HE2_B_PHASE_E_FROZEN_ROLE_POOLS:Pool@100,none inferential; frozen per-variant coverage inventory,not assigned,DESCRIPTIVE_ONLY,not applicable because no inferential decision is authorized,same frozen EVAL case_id across pool variants and depths,tabulate only already frozen Pool@50/100/200 and scope labels; no interval or test under G3-F01,EXP08 as primary source | ranking or MRR claim | 70/30 variant | diagnostic union | split 3000/1006,A_historical_defined permits evaluation in the frozen role but does not itself define a new inferential contrast,
G3F02-0081,HE2_B_PHASE_E_FROZEN_ROLE_POOLS,HE2_B expanded-candidate deep coverage,Group 1 Phase E candidate pools,DESCRIPTIVE_ONLY,SUPPLEMENTARY,hierarchical_80_dual_backfill_20_DEPTH_100,hierarchical_80_dual_backfill_20,HS6-Pool@100,HS6 reference coverage in candidate pool,118,1056,0.11174242424242424,proportion,MATERIALIZED_FROZEN_VALUE,EVAL_V02_CHAPTER_87,3ddb7a0e80d8bfa20b985655f03d6ab65470b40f0738093413909b6584aee941,1056,67,SERIE,DAM / DECLARACIÓN if any later uncertainty analysis is separately authorized,outputs/evaluation/normative_candidate_pools_data_aduanas_clase87_v0.2/candidate_pool_metrics.json,ee42014a77ab8e318ff967b4db9d06fdafc8dfc7,1c183346a63d69817def2f6b1ef9666023cd32eed53e599d9842ff4d6900122f,main=366bf529c29cb999bfd043db33674a510ba184c7; main=a33fc7e10b5bc25a053e982f0ff24ff60eda042f; Phase E metadata git_commit=36373e4,outputs/evaluation/normative_candidate_pools_data_aduanas_clase87_v0.2/candidate_pool_case_summary.csv,5aac193b589d521ef3c8a294d44313c8b7f5d1d2,HE2_B_PHASE_E_FROZEN_ROLE_POOLS:HS6-Pool@100,none inferential; frozen per-variant coverage inventory,not assigned,DESCRIPTIVE_ONLY,not applicable because no inferential decision is authorized,same frozen EVAL case_id across pool variants and depths,tabulate only already frozen Pool@50/100/200 and scope labels; no interval or test under G3-F01,EXP08 as primary source | ranking or MRR claim | 70/30 variant | diagnostic union | split 3000/1006,A_historical_defined permits evaluation in the frozen role but does not itself define a new inferential contrast,
G3F02-0082,HE2_B_PHASE_E_FROZEN_ROLE_POOLS,HE2_B expanded-candidate deep coverage,Group 1 Phase E candidate pools,DESCRIPTIVE_ONLY,SUPPLEMENTARY,hierarchical_80_dual_backfill_20_DEPTH_100,hierarchical_80_dual_backfill_20,HS4-Pool@100,HS4 reference coverage in candidate pool,264,1056,0.25,proportion,MATERIALIZED_FROZEN_VALUE,EVAL_V02_CHAPTER_87,3ddb7a0e80d8bfa20b985655f03d6ab65470b40f0738093413909b6584aee941,1056,67,SERIE,DAM / DECLARACIÓN if any later uncertainty analysis is separately authorized,outputs/evaluation/normative_candidate_pools_data_aduanas_clase87_v0.2/candidate_pool_metrics.json,ee42014a77ab8e318ff967b4db9d06fdafc8dfc7,1c183346a63d69817def2f6b1ef9666023cd32eed53e599d9842ff4d6900122f,main=366bf529c29cb999bfd043db33674a510ba184c7; main=a33fc7e10b5bc25a053e982f0ff24ff60eda042f; Phase E metadata git_commit=36373e4,outputs/evaluation/normative_candidate_pools_data_aduanas_clase87_v0.2/candidate_pool_case_summary.csv,5aac193b589d521ef3c8a294d44313c8b7f5d1d2,HE2_B_PHASE_E_FROZEN_ROLE_POOLS:HS4-Pool@100,none inferential; frozen per-variant coverage inventory,not assigned,DESCRIPTIVE_ONLY,not applicable because no inferential decision is authorized,same frozen EVAL case_id across pool variants and depths,tabulate only already frozen Pool@50/100/200 and scope labels; no interval or test under G3-F01,EXP08 as primary source | ranking or MRR claim | 70/30 variant | diagnostic union | split 3000/1006,A_historical_defined permits evaluation in the frozen role but does not itself define a new inferential contrast,
G3F02-0083,HE2_B_PHASE_E_FROZEN_ROLE_POOLS,HE2_B expanded-candidate deep coverage,Group 1 Phase E candidate pools,DESCRIPTIVE_ONLY,SUPPLEMENTARY,hierarchical_80_dual_backfill_20_DEPTH_100,hierarchical_80_dual_backfill_20,Chapter-Pool@100,chapter reference coverage in candidate pool,538,1056,0.509469696969697,proportion,MATERIALIZED_FROZEN_VALUE,EVAL_V02_CHAPTER_87,3ddb7a0e80d8bfa20b985655f03d6ab65470b40f0738093413909b6584aee941,1056,67,SERIE,DAM / DECLARACIÓN if any later uncertainty analysis is separately authorized,outputs/evaluation/normative_candidate_pools_data_aduanas_clase87_v0.2/candidate_pool_metrics.json,ee42014a77ab8e318ff967b4db9d06fdafc8dfc7,1c183346a63d69817def2f6b1ef9666023cd32eed53e599d9842ff4d6900122f,main=366bf529c29cb999bfd043db33674a510ba184c7; main=a33fc7e10b5bc25a053e982f0ff24ff60eda042f; Phase E metadata git_commit=36373e4,outputs/evaluation/normative_candidate_pools_data_aduanas_clase87_v0.2/candidate_pool_case_summary.csv,5aac193b589d521ef3c8a294d44313c8b7f5d1d2,HE2_B_PHASE_E_FROZEN_ROLE_POOLS:Chapter-Pool@100,none inferential; frozen per-variant coverage inventory,not assigned,DESCRIPTIVE_ONLY,not applicable because no inferential decision is authorized,same frozen EVAL case_id across pool variants and depths,tabulate only already frozen Pool@50/100/200 and scope labels; no interval or test under G3-F01,EXP08 as primary source | ranking or MRR claim | 70/30 variant | diagnostic union | split 3000/1006,A_historical_defined permits evaluation in the frozen role but does not itself define a new inferential contrast,
G3F02-0084,HE2_B_PHASE_E_FROZEN_ROLE_POOLS,HE2_B expanded-candidate deep coverage,Group 1 Phase E candidate pools,DESCRIPTIVE_ONLY,DESCRIPTIVE,hierarchical_80_dual_backfill_20_DEPTH_200,hierarchical_80_dual_backfill_20,Pool@200,exact NANDINA reference contained in candidate pool,321,1056,0.3039772727272727,proportion,MATERIALIZED_FROZEN_VALUE,EVAL_V02_CHAPTER_87,3ddb7a0e80d8bfa20b985655f03d6ab65470b40f0738093413909b6584aee941,1056,67,SERIE,DAM / DECLARACIÓN if any later uncertainty analysis is separately authorized,outputs/evaluation/normative_candidate_pools_data_aduanas_clase87_v0.2/candidate_pool_metrics.json,ee42014a77ab8e318ff967b4db9d06fdafc8dfc7,1c183346a63d69817def2f6b1ef9666023cd32eed53e599d9842ff4d6900122f,main=366bf529c29cb999bfd043db33674a510ba184c7; main=a33fc7e10b5bc25a053e982f0ff24ff60eda042f; Phase E metadata git_commit=36373e4,outputs/evaluation/normative_candidate_pools_data_aduanas_clase87_v0.2/candidate_pool_case_summary.csv,5aac193b589d521ef3c8a294d44313c8b7f5d1d2,HE2_B_PHASE_E_FROZEN_ROLE_POOLS:Pool@200,none inferential; frozen per-variant coverage inventory,not assigned,DESCRIPTIVE_ONLY,not applicable because no inferential decision is authorized,same frozen EVAL case_id across pool variants and depths,tabulate only already frozen Pool@50/100/200 and scope labels; no interval or test under G3-F01,EXP08 as primary source | ranking or MRR claim | 70/30 variant | diagnostic union | split 3000/1006,A_historical_defined permits evaluation in the frozen role but does not itself define a new inferential contrast,
G3F02-0085,HE2_B_PHASE_E_FROZEN_ROLE_POOLS,HE2_B expanded-candidate deep coverage,Group 1 Phase E candidate pools,DESCRIPTIVE_ONLY,SUPPLEMENTARY,hierarchical_80_dual_backfill_20_DEPTH_200,hierarchical_80_dual_backfill_20,HS6-Pool@200,HS6 reference coverage in candidate pool,363,1056,0.34375,proportion,MATERIALIZED_FROZEN_VALUE,EVAL_V02_CHAPTER_87,3ddb7a0e80d8bfa20b985655f03d6ab65470b40f0738093413909b6584aee941,1056,67,SERIE,DAM / DECLARACIÓN if any later uncertainty analysis is separately authorized,outputs/evaluation/normative_candidate_pools_data_aduanas_clase87_v0.2/candidate_pool_metrics.json,ee42014a77ab8e318ff967b4db9d06fdafc8dfc7,1c183346a63d69817def2f6b1ef9666023cd32eed53e599d9842ff4d6900122f,main=366bf529c29cb999bfd043db33674a510ba184c7; main=a33fc7e10b5bc25a053e982f0ff24ff60eda042f; Phase E metadata git_commit=36373e4,outputs/evaluation/normative_candidate_pools_data_aduanas_clase87_v0.2/candidate_pool_case_summary.csv,5aac193b589d521ef3c8a294d44313c8b7f5d1d2,HE2_B_PHASE_E_FROZEN_ROLE_POOLS:HS6-Pool@200,none inferential; frozen per-variant coverage inventory,not assigned,DESCRIPTIVE_ONLY,not applicable because no inferential decision is authorized,same frozen EVAL case_id across pool variants and depths,tabulate only already frozen Pool@50/100/200 and scope labels; no interval or test under G3-F01,EXP08 as primary source | ranking or MRR claim | 70/30 variant | diagnostic union | split 3000/1006,A_historical_defined permits evaluation in the frozen role but does not itself define a new inferential contrast,
G3F02-0086,HE2_B_PHASE_E_FROZEN_ROLE_POOLS,HE2_B expanded-candidate deep coverage,Group 1 Phase E candidate pools,DESCRIPTIVE_ONLY,SUPPLEMENTARY,hierarchical_80_dual_backfill_20_DEPTH_200,hierarchical_80_dual_backfill_20,HS4-Pool@200,HS4 reference coverage in candidate pool,529,1056,0.5009469696969697,proportion,MATERIALIZED_FROZEN_VALUE,EVAL_V02_CHAPTER_87,3ddb7a0e80d8bfa20b985655f03d6ab65470b40f0738093413909b6584aee941,1056,67,SERIE,DAM / DECLARACIÓN if any later uncertainty analysis is separately authorized,outputs/evaluation/normative_candidate_pools_data_aduanas_clase87_v0.2/candidate_pool_metrics.json,ee42014a77ab8e318ff967b4db9d06fdafc8dfc7,1c183346a63d69817def2f6b1ef9666023cd32eed53e599d9842ff4d6900122f,main=366bf529c29cb999bfd043db33674a510ba184c7; main=a33fc7e10b5bc25a053e982f0ff24ff60eda042f; Phase E metadata git_commit=36373e4,outputs/evaluation/normative_candidate_pools_data_aduanas_clase87_v0.2/candidate_pool_case_summary.csv,5aac193b589d521ef3c8a294d44313c8b7f5d1d2,HE2_B_PHASE_E_FROZEN_ROLE_POOLS:HS4-Pool@200,none inferential; frozen per-variant coverage inventory,not assigned,DESCRIPTIVE_ONLY,not applicable because no inferential decision is authorized,same frozen EVAL case_id across pool variants and depths,tabulate only already frozen Pool@50/100/200 and scope labels; no interval or test under G3-F01,EXP08 as primary source | ranking or MRR claim | 70/30 variant | diagnostic union | split 3000/1006,A_historical_defined permits evaluation in the frozen role but does not itself define a new inferential contrast,
G3F02-0087,HE2_B_PHASE_E_FROZEN_ROLE_POOLS,HE2_B expanded-candidate deep coverage,Group 1 Phase E candidate pools,DESCRIPTIVE_ONLY,SUPPLEMENTARY,hierarchical_80_dual_backfill_20_DEPTH_200,hierarchical_80_dual_backfill_20,Chapter-Pool@200,chapter reference coverage in candidate pool,810,1056,0.7670454545454546,proportion,MATERIALIZED_FROZEN_VALUE,EVAL_V02_CHAPTER_87,3ddb7a0e80d8bfa20b985655f03d6ab65470b40f0738093413909b6584aee941,1056,67,SERIE,DAM / DECLARACIÓN if any later uncertainty analysis is separately authorized,outputs/evaluation/normative_candidate_pools_data_aduanas_clase87_v0.2/candidate_pool_metrics.json,ee42014a77ab8e318ff967b4db9d06fdafc8dfc7,1c183346a63d69817def2f6b1ef9666023cd32eed53e599d9842ff4d6900122f,main=366bf529c29cb999bfd043db33674a510ba184c7; main=a33fc7e10b5bc25a053e982f0ff24ff60eda042f; Phase E metadata git_commit=36373e4,outputs/evaluation/normative_candidate_pools_data_aduanas_clase87_v0.2/candidate_pool_case_summary.csv,5aac193b589d521ef3c8a294d44313c8b7f5d1d2,HE2_B_PHASE_E_FROZEN_ROLE_POOLS:Chapter-Pool@200,none inferential; frozen per-variant coverage inventory,not assigned,DESCRIPTIVE_ONLY,not applicable because no inferential decision is authorized,same frozen EVAL case_id across pool variants and depths,tabulate only already frozen Pool@50/100/200 and scope labels; no interval or test under G3-F01,EXP08 as primary source | ranking or MRR claim | 70/30 variant | diagnostic union | split 3000/1006,A_historical_defined permits evaluation in the frozen role but does not itself define a new inferential contrast,
G3F02-0088,HE2_B_PHASE_E_70_30,HE2_B expanded-candidate deep coverage,Group 1 Phase E candidate pools,DESCRIPTIVE_ONLY,DESCRIPTIVE,hierarchical_70_dual_backfill_30_DEPTH_50,hierarchical_70_dual_backfill_30,Pool@50,exact NANDINA reference contained in candidate pool,96,1056,0.09090909090909091,proportion,MATERIALIZED_FROZEN_VALUE,EVAL_V02_CHAPTER_87,3ddb7a0e80d8bfa20b985655f03d6ab65470b40f0738093413909b6584aee941,1056,67,SERIE,DAM / DECLARACIÓN if later used,outputs/evaluation/normative_candidate_pools_data_aduanas_clase87_v0.2/candidate_pool_metrics.json,ee42014a77ab8e318ff967b4db9d06fdafc8dfc7,1c183346a63d69817def2f6b1ef9666023cd32eed53e599d9842ff4d6900122f,main=366bf529c29cb999bfd043db33674a510ba184c7; main=a33fc7e10b5bc25a053e982f0ff24ff60eda042f; Phase E metadata git_commit=36373e4,outputs/evaluation/normative_candidate_pools_data_aduanas_clase87_v0.2/candidate_pool_case_summary.csv,5aac193b589d521ef3c8a294d44313c8b7f5d1d2,HE2_B_PHASE_E_70_30:Pool@50,none inferential; descriptive coverage inventory only,not assigned,DESCRIPTIVE_ONLY,not applicable because no inferential decision is authorized,same frozen EVAL case_id across pool variants and depths,retain as descriptive frozen coverage only,confirmatory promotion | ranking or MRR claim | split 3000/1006,the 70/30 variant was not formally frozen for v0.2,
G3F02-0089,HE2_B_PHASE_E_70_30,HE2_B expanded-candidate deep coverage,Group 1 Phase E candidate pools,DESCRIPTIVE_ONLY,SUPPLEMENTARY,hierarchical_70_dual_backfill_30_DEPTH_50,hierarchical_70_dual_backfill_30,HS6-Pool@50,HS6 reference coverage in candidate pool,106,1056,0.10037878787878787,proportion,MATERIALIZED_FROZEN_VALUE,EVAL_V02_CHAPTER_87,3ddb7a0e80d8bfa20b985655f03d6ab65470b40f0738093413909b6584aee941,1056,67,SERIE,DAM / DECLARACIÓN if later used,outputs/evaluation/normative_candidate_pools_data_aduanas_clase87_v0.2/candidate_pool_metrics.json,ee42014a77ab8e318ff967b4db9d06fdafc8dfc7,1c183346a63d69817def2f6b1ef9666023cd32eed53e599d9842ff4d6900122f,main=366bf529c29cb999bfd043db33674a510ba184c7; main=a33fc7e10b5bc25a053e982f0ff24ff60eda042f; Phase E metadata git_commit=36373e4,outputs/evaluation/normative_candidate_pools_data_aduanas_clase87_v0.2/candidate_pool_case_summary.csv,5aac193b589d521ef3c8a294d44313c8b7f5d1d2,HE2_B_PHASE_E_70_30:HS6-Pool@50,none inferential; descriptive coverage inventory only,not assigned,DESCRIPTIVE_ONLY,not applicable because no inferential decision is authorized,same frozen EVAL case_id across pool variants and depths,retain as descriptive frozen coverage only,confirmatory promotion | ranking or MRR claim | split 3000/1006,the 70/30 variant was not formally frozen for v0.2,
G3F02-0090,HE2_B_PHASE_E_70_30,HE2_B expanded-candidate deep coverage,Group 1 Phase E candidate pools,DESCRIPTIVE_ONLY,SUPPLEMENTARY,hierarchical_70_dual_backfill_30_DEPTH_50,hierarchical_70_dual_backfill_30,HS4-Pool@50,HS4 reference coverage in candidate pool,192,1056,0.18181818181818182,proportion,MATERIALIZED_FROZEN_VALUE,EVAL_V02_CHAPTER_87,3ddb7a0e80d8bfa20b985655f03d6ab65470b40f0738093413909b6584aee941,1056,67,SERIE,DAM / DECLARACIÓN if later used,outputs/evaluation/normative_candidate_pools_data_aduanas_clase87_v0.2/candidate_pool_metrics.json,ee42014a77ab8e318ff967b4db9d06fdafc8dfc7,1c183346a63d69817def2f6b1ef9666023cd32eed53e599d9842ff4d6900122f,main=366bf529c29cb999bfd043db33674a510ba184c7; main=a33fc7e10b5bc25a053e982f0ff24ff60eda042f; Phase E metadata git_commit=36373e4,outputs/evaluation/normative_candidate_pools_data_aduanas_clase87_v0.2/candidate_pool_case_summary.csv,5aac193b589d521ef3c8a294d44313c8b7f5d1d2,HE2_B_PHASE_E_70_30:HS4-Pool@50,none inferential; descriptive coverage inventory only,not assigned,DESCRIPTIVE_ONLY,not applicable because no inferential decision is authorized,same frozen EVAL case_id across pool variants and depths,retain as descriptive frozen coverage only,confirmatory promotion | ranking or MRR claim | split 3000/1006,the 70/30 variant was not formally frozen for v0.2,
G3F02-0091,HE2_B_PHASE_E_70_30,HE2_B expanded-candidate deep coverage,Group 1 Phase E candidate pools,DESCRIPTIVE_ONLY,SUPPLEMENTARY,hierarchical_70_dual_backfill_30_DEPTH_50,hierarchical_70_dual_backfill_30,Chapter-Pool@50,chapter reference coverage in candidate pool,399,1056,0.3778409090909091,proportion,MATERIALIZED_FROZEN_VALUE,EVAL_V02_CHAPTER_87,3ddb7a0e80d8bfa20b985655f03d6ab65470b40f0738093413909b6584aee941,1056,67,SERIE,DAM / DECLARACIÓN if later used,outputs/evaluation/normative_candidate_pools_data_aduanas_clase87_v0.2/candidate_pool_metrics.json,ee42014a77ab8e318ff967b4db9d06fdafc8dfc7,1c183346a63d69817def2f6b1ef9666023cd32eed53e599d9842ff4d6900122f,main=366bf529c29cb999bfd043db33674a510ba184c7; main=a33fc7e10b5bc25a053e982f0ff24ff60eda042f; Phase E metadata git_commit=36373e4,outputs/evaluation/normative_candidate_pools_data_aduanas_clase87_v0.2/candidate_pool_case_summary.csv,5aac193b589d521ef3c8a294d44313c8b7f5d1d2,HE2_B_PHASE_E_70_30:Chapter-Pool@50,none inferential; descriptive coverage inventory only,not assigned,DESCRIPTIVE_ONLY,not applicable because no inferential decision is authorized,same frozen EVAL case_id across pool variants and depths,retain as descriptive frozen coverage only,confirmatory promotion | ranking or MRR claim | split 3000/1006,the 70/30 variant was not formally frozen for v0.2,
G3F02-0092,HE2_B_PHASE_E_70_30,HE2_B expanded-candidate deep coverage,Group 1 Phase E candidate pools,DESCRIPTIVE_ONLY,DESCRIPTIVE,hierarchical_70_dual_backfill_30_DEPTH_100,hierarchical_70_dual_backfill_30,Pool@100,exact NANDINA reference contained in candidate pool,108,1056,0.10227272727272728,proportion,MATERIALIZED_FROZEN_VALUE,EVAL_V02_CHAPTER_87,3ddb7a0e80d8bfa20b985655f03d6ab65470b40f0738093413909b6584aee941,1056,67,SERIE,DAM / DECLARACIÓN if later used,outputs/evaluation/normative_candidate_pools_data_aduanas_clase87_v0.2/candidate_pool_metrics.json,ee42014a77ab8e318ff967b4db9d06fdafc8dfc7,1c183346a63d69817def2f6b1ef9666023cd32eed53e599d9842ff4d6900122f,main=366bf529c29cb999bfd043db33674a510ba184c7; main=a33fc7e10b5bc25a053e982f0ff24ff60eda042f; Phase E metadata git_commit=36373e4,outputs/evaluation/normative_candidate_pools_data_aduanas_clase87_v0.2/candidate_pool_case_summary.csv,5aac193b589d521ef3c8a294d44313c8b7f5d1d2,HE2_B_PHASE_E_70_30:Pool@100,none inferential; descriptive coverage inventory only,not assigned,DESCRIPTIVE_ONLY,not applicable because no inferential decision is authorized,same frozen EVAL case_id across pool variants and depths,retain as descriptive frozen coverage only,confirmatory promotion | ranking or MRR claim | split 3000/1006,the 70/30 variant was not formally frozen for v0.2,
G3F02-0093,HE2_B_PHASE_E_70_30,HE2_B expanded-candidate deep coverage,Group 1 Phase E candidate pools,DESCRIPTIVE_ONLY,SUPPLEMENTARY,hierarchical_70_dual_backfill_30_DEPTH_100,hierarchical_70_dual_backfill_30,HS6-Pool@100,HS6 reference coverage in candidate pool,119,1056,0.11268939393939394,proportion,MATERIALIZED_FROZEN_VALUE,EVAL_V02_CHAPTER_87,3ddb7a0e80d8bfa20b985655f03d6ab65470b40f0738093413909b6584aee941,1056,67,SERIE,DAM / DECLARACIÓN if later used,outputs/evaluation/normative_candidate_pools_data_aduanas_clase87_v0.2/candidate_pool_metrics.json,ee42014a77ab8e318ff967b4db9d06fdafc8dfc7,1c183346a63d69817def2f6b1ef9666023cd32eed53e599d9842ff4d6900122f,main=366bf529c29cb999bfd043db33674a510ba184c7; main=a33fc7e10b5bc25a053e982f0ff24ff60eda042f; Phase E metadata git_commit=36373e4,outputs/evaluation/normative_candidate_pools_data_aduanas_clase87_v0.2/candidate_pool_case_summary.csv,5aac193b589d521ef3c8a294d44313c8b7f5d1d2,HE2_B_PHASE_E_70_30:HS6-Pool@100,none inferential; descriptive coverage inventory only,not assigned,DESCRIPTIVE_ONLY,not applicable because no inferential decision is authorized,same frozen EVAL case_id across pool variants and depths,retain as descriptive frozen coverage only,confirmatory promotion | ranking or MRR claim | split 3000/1006,the 70/30 variant was not formally frozen for v0.2,
G3F02-0094,HE2_B_PHASE_E_70_30,HE2_B expanded-candidate deep coverage,Group 1 Phase E candidate pools,DESCRIPTIVE_ONLY,SUPPLEMENTARY,hierarchical_70_dual_backfill_30_DEPTH_100,hierarchical_70_dual_backfill_30,HS4-Pool@100,HS4 reference coverage in candidate pool,265,1056,0.2509469696969697,proportion,MATERIALIZED_FROZEN_VALUE,EVAL_V02_CHAPTER_87,3ddb7a0e80d8bfa20b985655f03d6ab65470b40f0738093413909b6584aee941,1056,67,SERIE,DAM / DECLARACIÓN if later used,outputs/evaluation/normative_candidate_pools_data_aduanas_clase87_v0.2/candidate_pool_metrics.json,ee42014a77ab8e318ff967b4db9d06fdafc8dfc7,1c183346a63d69817def2f6b1ef9666023cd32eed53e599d9842ff4d6900122f,main=366bf529c29cb999bfd043db33674a510ba184c7; main=a33fc7e10b5bc25a053e982f0ff24ff60eda042f; Phase E metadata git_commit=36373e4,outputs/evaluation/normative_candidate_pools_data_aduanas_clase87_v0.2/candidate_pool_case_summary.csv,5aac193b589d521ef3c8a294d44313c8b7f5d1d2,HE2_B_PHASE_E_70_30:HS4-Pool@100,none inferential; descriptive coverage inventory only,not assigned,DESCRIPTIVE_ONLY,not applicable because no inferential decision is authorized,same frozen EVAL case_id across pool variants and depths,retain as descriptive frozen coverage only,confirmatory promotion | ranking or MRR claim | split 3000/1006,the 70/30 variant was not formally frozen for v0.2,
G3F02-0095,HE2_B_PHASE_E_70_30,HE2_B expanded-candidate deep coverage,Group 1 Phase E candidate pools,DESCRIPTIVE_ONLY,SUPPLEMENTARY,hierarchical_70_dual_backfill_30_DEPTH_100,hierarchical_70_dual_backfill_30,Chapter-Pool@100,chapter reference coverage in candidate pool,538,1056,0.509469696969697,proportion,MATERIALIZED_FROZEN_VALUE,EVAL_V02_CHAPTER_87,3ddb7a0e80d8bfa20b985655f03d6ab65470b40f0738093413909b6584aee941,1056,67,SERIE,DAM / DECLARACIÓN if later used,outputs/evaluation/normative_candidate_pools_data_aduanas_clase87_v0.2/candidate_pool_metrics.json,ee42014a77ab8e318ff967b4db9d06fdafc8dfc7,1c183346a63d69817def2f6b1ef9666023cd32eed53e599d9842ff4d6900122f,main=366bf529c29cb999bfd043db33674a510ba184c7; main=a33fc7e10b5bc25a053e982f0ff24ff60eda042f; Phase E metadata git_commit=36373e4,outputs/evaluation/normative_candidate_pools_data_aduanas_clase87_v0.2/candidate_pool_case_summary.csv,5aac193b589d521ef3c8a294d44313c8b7f5d1d2,HE2_B_PHASE_E_70_30:Chapter-Pool@100,none inferential; descriptive coverage inventory only,not assigned,DESCRIPTIVE_ONLY,not applicable because no inferential decision is authorized,same frozen EVAL case_id across pool variants and depths,retain as descriptive frozen coverage only,confirmatory promotion | ranking or MRR claim | split 3000/1006,the 70/30 variant was not formally frozen for v0.2,
G3F02-0096,HE2_B_PHASE_E_70_30,HE2_B expanded-candidate deep coverage,Group 1 Phase E candidate pools,DESCRIPTIVE_ONLY,DESCRIPTIVE,hierarchical_70_dual_backfill_30_DEPTH_200,hierarchical_70_dual_backfill_30,Pool@200,exact NANDINA reference contained in candidate pool,321,1056,0.3039772727272727,proportion,MATERIALIZED_FROZEN_VALUE,EVAL_V02_CHAPTER_87,3ddb7a0e80d8bfa20b985655f03d6ab65470b40f0738093413909b6584aee941,1056,67,SERIE,DAM / DECLARACIÓN if later used,outputs/evaluation/normative_candidate_pools_data_aduanas_clase87_v0.2/candidate_pool_metrics.json,ee42014a77ab8e318ff967b4db9d06fdafc8dfc7,1c183346a63d69817def2f6b1ef9666023cd32eed53e599d9842ff4d6900122f,main=366bf529c29cb999bfd043db33674a510ba184c7; main=a33fc7e10b5bc25a053e982f0ff24ff60eda042f; Phase E metadata git_commit=36373e4,outputs/evaluation/normative_candidate_pools_data_aduanas_clase87_v0.2/candidate_pool_case_summary.csv,5aac193b589d521ef3c8a294d44313c8b7f5d1d2,HE2_B_PHASE_E_70_30:Pool@200,none inferential; descriptive coverage inventory only,not assigned,DESCRIPTIVE_ONLY,not applicable because no inferential decision is authorized,same frozen EVAL case_id across pool variants and depths,retain as descriptive frozen coverage only,confirmatory promotion | ranking or MRR claim | split 3000/1006,the 70/30 variant was not formally frozen for v0.2,
G3F02-0097,HE2_B_PHASE_E_70_30,HE2_B expanded-candidate deep coverage,Group 1 Phase E candidate pools,DESCRIPTIVE_ONLY,SUPPLEMENTARY,hierarchical_70_dual_backfill_30_DEPTH_200,hierarchical_70_dual_backfill_30,HS6-Pool@200,HS6 reference coverage in candidate pool,363,1056,0.34375,proportion,MATERIALIZED_FROZEN_VALUE,EVAL_V02_CHAPTER_87,3ddb7a0e80d8bfa20b985655f03d6ab65470b40f0738093413909b6584aee941,1056,67,SERIE,DAM / DECLARACIÓN if later used,outputs/evaluation/normative_candidate_pools_data_aduanas_clase87_v0.2/candidate_pool_metrics.json,ee42014a77ab8e318ff967b4db9d06fdafc8dfc7,1c183346a63d69817def2f6b1ef9666023cd32eed53e599d9842ff4d6900122f,main=366bf529c29cb999bfd043db33674a510ba184c7; main=a33fc7e10b5bc25a053e982f0ff24ff60eda042f; Phase E metadata git_commit=36373e4,outputs/evaluation/normative_candidate_pools_data_aduanas_clase87_v0.2/candidate_pool_case_summary.csv,5aac193b589d521ef3c8a294d44313c8b7f5d1d2,HE2_B_PHASE_E_70_30:HS6-Pool@200,none inferential; descriptive coverage inventory only,not assigned,DESCRIPTIVE_ONLY,not applicable because no inferential decision is authorized,same frozen EVAL case_id across pool variants and depths,retain as descriptive frozen coverage only,confirmatory promotion | ranking or MRR claim | split 3000/1006,the 70/30 variant was not formally frozen for v0.2,
G3F02-0098,HE2_B_PHASE_E_70_30,HE2_B expanded-candidate deep coverage,Group 1 Phase E candidate pools,DESCRIPTIVE_ONLY,SUPPLEMENTARY,hierarchical_70_dual_backfill_30_DEPTH_200,hierarchical_70_dual_backfill_30,HS4-Pool@200,HS4 reference coverage in candidate pool,529,1056,0.5009469696969697,proportion,MATERIALIZED_FROZEN_VALUE,EVAL_V02_CHAPTER_87,3ddb7a0e80d8bfa20b985655f03d6ab65470b40f0738093413909b6584aee941,1056,67,SERIE,DAM / DECLARACIÓN if later used,outputs/evaluation/normative_candidate_pools_data_aduanas_clase87_v0.2/candidate_pool_metrics.json,ee42014a77ab8e318ff967b4db9d06fdafc8dfc7,1c183346a63d69817def2f6b1ef9666023cd32eed53e599d9842ff4d6900122f,main=366bf529c29cb999bfd043db33674a510ba184c7; main=a33fc7e10b5bc25a053e982f0ff24ff60eda042f; Phase E metadata git_commit=36373e4,outputs/evaluation/normative_candidate_pools_data_aduanas_clase87_v0.2/candidate_pool_case_summary.csv,5aac193b589d521ef3c8a294d44313c8b7f5d1d2,HE2_B_PHASE_E_70_30:HS4-Pool@200,none inferential; descriptive coverage inventory only,not assigned,DESCRIPTIVE_ONLY,not applicable because no inferential decision is authorized,same frozen EVAL case_id across pool variants and depths,retain as descriptive frozen coverage only,confirmatory promotion | ranking or MRR claim | split 3000/1006,the 70/30 variant was not formally frozen for v0.2,
G3F02-0099,HE2_B_PHASE_E_70_30,HE2_B expanded-candidate deep coverage,Group 1 Phase E candidate pools,DESCRIPTIVE_ONLY,SUPPLEMENTARY,hierarchical_70_dual_backfill_30_DEPTH_200,hierarchical_70_dual_backfill_30,Chapter-Pool@200,chapter reference coverage in candidate pool,810,1056,0.7670454545454546,proportion,MATERIALIZED_FROZEN_VALUE,EVAL_V02_CHAPTER_87,3ddb7a0e80d8bfa20b985655f03d6ab65470b40f0738093413909b6584aee941,1056,67,SERIE,DAM / DECLARACIÓN if later used,outputs/evaluation/normative_candidate_pools_data_aduanas_clase87_v0.2/candidate_pool_metrics.json,ee42014a77ab8e318ff967b4db9d06fdafc8dfc7,1c183346a63d69817def2f6b1ef9666023cd32eed53e599d9842ff4d6900122f,main=366bf529c29cb999bfd043db33674a510ba184c7; main=a33fc7e10b5bc25a053e982f0ff24ff60eda042f; Phase E metadata git_commit=36373e4,outputs/evaluation/normative_candidate_pools_data_aduanas_clase87_v0.2/candidate_pool_case_summary.csv,5aac193b589d521ef3c8a294d44313c8b7f5d1d2,HE2_B_PHASE_E_70_30:Chapter-Pool@200,none inferential; descriptive coverage inventory only,not assigned,DESCRIPTIVE_ONLY,not applicable because no inferential decision is authorized,same frozen EVAL case_id across pool variants and depths,retain as descriptive frozen coverage only,confirmatory promotion | ranking or MRR claim | split 3000/1006,the 70/30 variant was not formally frozen for v0.2,
G3F02-0100,HE2_B_PHASE_E_DIAGNOSTIC_UNION,HE2_B diagnostic coverage ceiling,Group 1 Phase E candidate pools,DESCRIPTIVE_ONLY,DIAGNOSTIC,diagnostic_union_hierarchical_dual_DEPTH_50,diagnostic_union_hierarchical_dual,Pool@50,exact NANDINA reference contained in candidate pool,99,1056,0.09375,proportion,MATERIALIZED_FROZEN_VALUE,EVAL_V02_CHAPTER_87,3ddb7a0e80d8bfa20b985655f03d6ab65470b40f0738093413909b6584aee941,1056,67,SERIE,DAM / DECLARACIÓN if later used,outputs/evaluation/normative_candidate_pools_data_aduanas_clase87_v0.2/candidate_pool_metrics.json,ee42014a77ab8e318ff967b4db9d06fdafc8dfc7,1c183346a63d69817def2f6b1ef9666023cd32eed53e599d9842ff4d6900122f,main=366bf529c29cb999bfd043db33674a510ba184c7; main=a33fc7e10b5bc25a053e982f0ff24ff60eda042f; Phase E metadata git_commit=36373e4,outputs/evaluation/normative_candidate_pools_data_aduanas_clase87_v0.2/candidate_pool_case_summary.csv,5aac193b589d521ef3c8a294d44313c8b7f5d1d2,HE2_B_PHASE_E_DIAGNOSTIC_UNION:Pool@50,none inferential; descriptive oracle-like coverage ceiling,not assigned,DESCRIPTIVE_ONLY,not applicable because no inferential decision is authorized,same frozen EVAL case_id across pool variants and depths,report only as diagnostic coverage ceiling,ranking interpretation | MRR | confirmatory promotion | split 3000/1006,set union has no ranking and cannot establish early-ranking superiority,
G3F02-0101,HE2_B_PHASE_E_DIAGNOSTIC_UNION,HE2_B diagnostic coverage ceiling,Group 1 Phase E candidate pools,DESCRIPTIVE_ONLY,DIAGNOSTIC,diagnostic_union_hierarchical_dual_DEPTH_50,diagnostic_union_hierarchical_dual,HS6-Pool@50,HS6 reference coverage in candidate pool,108,1056,0.10227272727272728,proportion,MATERIALIZED_FROZEN_VALUE,EVAL_V02_CHAPTER_87,3ddb7a0e80d8bfa20b985655f03d6ab65470b40f0738093413909b6584aee941,1056,67,SERIE,DAM / DECLARACIÓN if later used,outputs/evaluation/normative_candidate_pools_data_aduanas_clase87_v0.2/candidate_pool_metrics.json,ee42014a77ab8e318ff967b4db9d06fdafc8dfc7,1c183346a63d69817def2f6b1ef9666023cd32eed53e599d9842ff4d6900122f,main=366bf529c29cb999bfd043db33674a510ba184c7; main=a33fc7e10b5bc25a053e982f0ff24ff60eda042f; Phase E metadata git_commit=36373e4,outputs/evaluation/normative_candidate_pools_data_aduanas_clase87_v0.2/candidate_pool_case_summary.csv,5aac193b589d521ef3c8a294d44313c8b7f5d1d2,HE2_B_PHASE_E_DIAGNOSTIC_UNION:HS6-Pool@50,none inferential; descriptive oracle-like coverage ceiling,not assigned,DESCRIPTIVE_ONLY,not applicable because no inferential decision is authorized,same frozen EVAL case_id across pool variants and depths,report only as diagnostic coverage ceiling,ranking interpretation | MRR | confirmatory promotion | split 3000/1006,set union has no ranking and cannot establish early-ranking superiority,
G3F02-0102,HE2_B_PHASE_E_DIAGNOSTIC_UNION,HE2_B diagnostic coverage ceiling,Group 1 Phase E candidate pools,DESCRIPTIVE_ONLY,DIAGNOSTIC,diagnostic_union_hierarchical_dual_DEPTH_50,diagnostic_union_hierarchical_dual,HS4-Pool@50,HS4 reference coverage in candidate pool,198,1056,0.1875,proportion,MATERIALIZED_FROZEN_VALUE,EVAL_V02_CHAPTER_87,3ddb7a0e80d8bfa20b985655f03d6ab65470b40f0738093413909b6584aee941,1056,67,SERIE,DAM / DECLARACIÓN if later used,outputs/evaluation/normative_candidate_pools_data_aduanas_clase87_v0.2/candidate_pool_metrics.json,ee42014a77ab8e318ff967b4db9d06fdafc8dfc7,1c183346a63d69817def2f6b1ef9666023cd32eed53e599d9842ff4d6900122f,main=366bf529c29cb999bfd043db33674a510ba184c7; main=a33fc7e10b5bc25a053e982f0ff24ff60eda042f; Phase E metadata git_commit=36373e4,outputs/evaluation/normative_candidate_pools_data_aduanas_clase87_v0.2/candidate_pool_case_summary.csv,5aac193b589d521ef3c8a294d44313c8b7f5d1d2,HE2_B_PHASE_E_DIAGNOSTIC_UNION:HS4-Pool@50,none inferential; descriptive oracle-like coverage ceiling,not assigned,DESCRIPTIVE_ONLY,not applicable because no inferential decision is authorized,same frozen EVAL case_id across pool variants and depths,report only as diagnostic coverage ceiling,ranking interpretation | MRR | confirmatory promotion | split 3000/1006,set union has no ranking and cannot establish early-ranking superiority,
G3F02-0103,HE2_B_PHASE_E_DIAGNOSTIC_UNION,HE2_B diagnostic coverage ceiling,Group 1 Phase E candidate pools,DESCRIPTIVE_ONLY,DIAGNOSTIC,diagnostic_union_hierarchical_dual_DEPTH_50,diagnostic_union_hierarchical_dual,Chapter-Pool@50,chapter reference coverage in candidate pool,415,1056,0.39299242424242425,proportion,MATERIALIZED_FROZEN_VALUE,EVAL_V02_CHAPTER_87,3ddb7a0e80d8bfa20b985655f03d6ab65470b40f0738093413909b6584aee941,1056,67,SERIE,DAM / DECLARACIÓN if later used,outputs/evaluation/normative_candidate_pools_data_aduanas_clase87_v0.2/candidate_pool_metrics.json,ee42014a77ab8e318ff967b4db9d06fdafc8dfc7,1c183346a63d69817def2f6b1ef9666023cd32eed53e599d9842ff4d6900122f,main=366bf529c29cb999bfd043db33674a510ba184c7; main=a33fc7e10b5bc25a053e982f0ff24ff60eda042f; Phase E metadata git_commit=36373e4,outputs/evaluation/normative_candidate_pools_data_aduanas_clase87_v0.2/candidate_pool_case_summary.csv,5aac193b589d521ef3c8a294d44313c8b7f5d1d2,HE2_B_PHASE_E_DIAGNOSTIC_UNION:Chapter-Pool@50,none inferential; descriptive oracle-like coverage ceiling,not assigned,DESCRIPTIVE_ONLY,not applicable because no inferential decision is authorized,same frozen EVAL case_id across pool variants and depths,report only as diagnostic coverage ceiling,ranking interpretation | MRR | confirmatory promotion | split 3000/1006,set union has no ranking and cannot establish early-ranking superiority,
G3F02-0104,HE2_B_PHASE_E_DIAGNOSTIC_UNION,HE2_B diagnostic coverage ceiling,Group 1 Phase E candidate pools,DESCRIPTIVE_ONLY,DIAGNOSTIC,diagnostic_union_hierarchical_dual_DEPTH_100,diagnostic_union_hierarchical_dual,Pool@100,exact NANDINA reference contained in candidate pool,113,1056,0.10700757575757576,proportion,MATERIALIZED_FROZEN_VALUE,EVAL_V02_CHAPTER_87,3ddb7a0e80d8bfa20b985655f03d6ab65470b40f0738093413909b6584aee941,1056,67,SERIE,DAM / DECLARACIÓN if later used,outputs/evaluation/normative_candidate_pools_data_aduanas_clase87_v0.2/candidate_pool_metrics.json,ee42014a77ab8e318ff967b4db9d06fdafc8dfc7,1c183346a63d69817def2f6b1ef9666023cd32eed53e599d9842ff4d6900122f,main=366bf529c29cb999bfd043db33674a510ba184c7; main=a33fc7e10b5bc25a053e982f0ff24ff60eda042f; Phase E metadata git_commit=36373e4,outputs/evaluation/normative_candidate_pools_data_aduanas_clase87_v0.2/candidate_pool_case_summary.csv,5aac193b589d521ef3c8a294d44313c8b7f5d1d2,HE2_B_PHASE_E_DIAGNOSTIC_UNION:Pool@100,none inferential; descriptive oracle-like coverage ceiling,not assigned,DESCRIPTIVE_ONLY,not applicable because no inferential decision is authorized,same frozen EVAL case_id across pool variants and depths,report only as diagnostic coverage ceiling,ranking interpretation | MRR | confirmatory promotion | split 3000/1006,set union has no ranking and cannot establish early-ranking superiority,
G3F02-0105,HE2_B_PHASE_E_DIAGNOSTIC_UNION,HE2_B diagnostic coverage ceiling,Group 1 Phase E candidate pools,DESCRIPTIVE_ONLY,DIAGNOSTIC,diagnostic_union_hierarchical_dual_DEPTH_100,diagnostic_union_hierarchical_dual,HS6-Pool@100,HS6 reference coverage in candidate pool,126,1056,0.11931818181818182,proportion,MATERIALIZED_FROZEN_VALUE,EVAL_V02_CHAPTER_87,3ddb7a0e80d8bfa20b985655f03d6ab65470b40f0738093413909b6584aee941,1056,67,SERIE,DAM / DECLARACIÓN if later used,outputs/evaluation/normative_candidate_pools_data_aduanas_clase87_v0.2/candidate_pool_metrics.json,ee42014a77ab8e318ff967b4db9d06fdafc8dfc7,1c183346a63d69817def2f6b1ef9666023cd32eed53e599d9842ff4d6900122f,main=366bf529c29cb999bfd043db33674a510ba184c7; main=a33fc7e10b5bc25a053e982f0ff24ff60eda042f; Phase E metadata git_commit=36373e4,outputs/evaluation/normative_candidate_pools_data_aduanas_clase87_v0.2/candidate_pool_case_summary.csv,5aac193b589d521ef3c8a294d44313c8b7f5d1d2,HE2_B_PHASE_E_DIAGNOSTIC_UNION:HS6-Pool@100,none inferential; descriptive oracle-like coverage ceiling,not assigned,DESCRIPTIVE_ONLY,not applicable because no inferential decision is authorized,same frozen EVAL case_id across pool variants and depths,report only as diagnostic coverage ceiling,ranking interpretation | MRR | confirmatory promotion | split 3000/1006,set union has no ranking and cannot establish early-ranking superiority,
G3F02-0106,HE2_B_PHASE_E_DIAGNOSTIC_UNION,HE2_B diagnostic coverage ceiling,Group 1 Phase E candidate pools,DESCRIPTIVE_ONLY,DIAGNOSTIC,diagnostic_union_hierarchical_dual_DEPTH_100,diagnostic_union_hierarchical_dual,HS4-Pool@100,HS4 reference coverage in candidate pool,272,1056,0.25757575757575757,proportion,MATERIALIZED_FROZEN_VALUE,EVAL_V02_CHAPTER_87,3ddb7a0e80d8bfa20b985655f03d6ab65470b40f0738093413909b6584aee941,1056,67,SERIE,DAM / DECLARACIÓN if later used,outputs/evaluation/normative_candidate_pools_data_aduanas_clase87_v0.2/candidate_pool_metrics.json,ee42014a77ab8e318ff967b4db9d06fdafc8dfc7,1c183346a63d69817def2f6b1ef9666023cd32eed53e599d9842ff4d6900122f,main=366bf529c29cb999bfd043db33674a510ba184c7; main=a33fc7e10b5bc25a053e982f0ff24ff60eda042f; Phase E metadata git_commit=36373e4,outputs/evaluation/normative_candidate_pools_data_aduanas_clase87_v0.2/candidate_pool_case_summary.csv,5aac193b589d521ef3c8a294d44313c8b7f5d1d2,HE2_B_PHASE_E_DIAGNOSTIC_UNION:HS4-Pool@100,none inferential; descriptive oracle-like coverage ceiling,not assigned,DESCRIPTIVE_ONLY,not applicable because no inferential decision is authorized,same frozen EVAL case_id across pool variants and depths,report only as diagnostic coverage ceiling,ranking interpretation | MRR | confirmatory promotion | split 3000/1006,set union has no ranking and cannot establish early-ranking superiority,
G3F02-0107,HE2_B_PHASE_E_DIAGNOSTIC_UNION,HE2_B diagnostic coverage ceiling,Group 1 Phase E candidate pools,DESCRIPTIVE_ONLY,DIAGNOSTIC,diagnostic_union_hierarchical_dual_DEPTH_100,diagnostic_union_hierarchical_dual,Chapter-Pool@100,chapter reference coverage in candidate pool,582,1056,0.5511363636363636,proportion,MATERIALIZED_FROZEN_VALUE,EVAL_V02_CHAPTER_87,3ddb7a0e80d8bfa20b985655f03d6ab65470b40f0738093413909b6584aee941,1056,67,SERIE,DAM / DECLARACIÓN if later used,outputs/evaluation/normative_candidate_pools_data_aduanas_clase87_v0.2/candidate_pool_metrics.json,ee42014a77ab8e318ff967b4db9d06fdafc8dfc7,1c183346a63d69817def2f6b1ef9666023cd32eed53e599d9842ff4d6900122f,main=366bf529c29cb999bfd043db33674a510ba184c7; main=a33fc7e10b5bc25a053e982f0ff24ff60eda042f; Phase E metadata git_commit=36373e4,outputs/evaluation/normative_candidate_pools_data_aduanas_clase87_v0.2/candidate_pool_case_summary.csv,5aac193b589d521ef3c8a294d44313c8b7f5d1d2,HE2_B_PHASE_E_DIAGNOSTIC_UNION:Chapter-Pool@100,none inferential; descriptive oracle-like coverage ceiling,not assigned,DESCRIPTIVE_ONLY,not applicable because no inferential decision is authorized,same frozen EVAL case_id across pool variants and depths,report only as diagnostic coverage ceiling,ranking interpretation | MRR | confirmatory promotion | split 3000/1006,set union has no ranking and cannot establish early-ranking superiority,
G3F02-0108,HE2_B_PHASE_E_DIAGNOSTIC_UNION,HE2_B diagnostic coverage ceiling,Group 1 Phase E candidate pools,DESCRIPTIVE_ONLY,DIAGNOSTIC,diagnostic_union_hierarchical_dual_DEPTH_200,diagnostic_union_hierarchical_dual,Pool@200,exact NANDINA reference contained in candidate pool,322,1056,0.30492424242424243,proportion,MATERIALIZED_FROZEN_VALUE,EVAL_V02_CHAPTER_87,3ddb7a0e80d8bfa20b985655f03d6ab65470b40f0738093413909b6584aee941,1056,67,SERIE,DAM / DECLARACIÓN if later used,outputs/evaluation/normative_candidate_pools_data_aduanas_clase87_v0.2/candidate_pool_metrics.json,ee42014a77ab8e318ff967b4db9d06fdafc8dfc7,1c183346a63d69817def2f6b1ef9666023cd32eed53e599d9842ff4d6900122f,main=366bf529c29cb999bfd043db33674a510ba184c7; main=a33fc7e10b5bc25a053e982f0ff24ff60eda042f; Phase E metadata git_commit=36373e4,outputs/evaluation/normative_candidate_pools_data_aduanas_clase87_v0.2/candidate_pool_case_summary.csv,5aac193b589d521ef3c8a294d44313c8b7f5d1d2,HE2_B_PHASE_E_DIAGNOSTIC_UNION:Pool@200,none inferential; descriptive oracle-like coverage ceiling,not assigned,DESCRIPTIVE_ONLY,not applicable because no inferential decision is authorized,same frozen EVAL case_id across pool variants and depths,report only as diagnostic coverage ceiling,ranking interpretation | MRR | confirmatory promotion | split 3000/1006,set union has no ranking and cannot establish early-ranking superiority,
G3F02-0109,HE2_B_PHASE_E_DIAGNOSTIC_UNION,HE2_B diagnostic coverage ceiling,Group 1 Phase E candidate pools,DESCRIPTIVE_ONLY,DIAGNOSTIC,diagnostic_union_hierarchical_dual_DEPTH_200,diagnostic_union_hierarchical_dual,HS6-Pool@200,HS6 reference coverage in candidate pool,368,1056,0.3484848484848485,proportion,MATERIALIZED_FROZEN_VALUE,EVAL_V02_CHAPTER_87,3ddb7a0e80d8bfa20b985655f03d6ab65470b40f0738093413909b6584aee941,1056,67,SERIE,DAM / DECLARACIÓN if later used,outputs/evaluation/normative_candidate_pools_data_aduanas_clase87_v0.2/candidate_pool_metrics.json,ee42014a77ab8e318ff967b4db9d06fdafc8dfc7,1c183346a63d69817def2f6b1ef9666023cd32eed53e599d9842ff4d6900122f,main=366bf529c29cb999bfd043db33674a510ba184c7; main=a33fc7e10b5bc25a053e982f0ff24ff60eda042f; Phase E metadata git_commit=36373e4,outputs/evaluation/normative_candidate_pools_data_aduanas_clase87_v0.2/candidate_pool_case_summary.csv,5aac193b589d521ef3c8a294d44313c8b7f5d1d2,HE2_B_PHASE_E_DIAGNOSTIC_UNION:HS6-Pool@200,none inferential; descriptive oracle-like coverage ceiling,not assigned,DESCRIPTIVE_ONLY,not applicable because no inferential decision is authorized,same frozen EVAL case_id across pool variants and depths,report only as diagnostic coverage ceiling,ranking interpretation | MRR | confirmatory promotion | split 3000/1006,set union has no ranking and cannot establish early-ranking superiority,
G3F02-0110,HE2_B_PHASE_E_DIAGNOSTIC_UNION,HE2_B diagnostic coverage ceiling,Group 1 Phase E candidate pools,DESCRIPTIVE_ONLY,DIAGNOSTIC,diagnostic_union_hierarchical_dual_DEPTH_200,diagnostic_union_hierarchical_dual,HS4-Pool@200,HS4 reference coverage in candidate pool,543,1056,0.5142045454545454,proportion,MATERIALIZED_FROZEN_VALUE,EVAL_V02_CHAPTER_87,3ddb7a0e80d8bfa20b985655f03d6ab65470b40f0738093413909b6584aee941,1056,67,SERIE,DAM / DECLARACIÓN if later used,outputs/evaluation/normative_candidate_pools_data_aduanas_clase87_v0.2/candidate_pool_metrics.json,ee42014a77ab8e318ff967b4db9d06fdafc8dfc7,1c183346a63d69817def2f6b1ef9666023cd32eed53e599d9842ff4d6900122f,main=366bf529c29cb999bfd043db33674a510ba184c7; main=a33fc7e10b5bc25a053e982f0ff24ff60eda042f; Phase E metadata git_commit=36373e4,outputs/evaluation/normative_candidate_pools_data_aduanas_clase87_v0.2/candidate_pool_case_summary.csv,5aac193b589d521ef3c8a294d44313c8b7f5d1d2,HE2_B_PHASE_E_DIAGNOSTIC_UNION:HS4-Pool@200,none inferential; descriptive oracle-like coverage ceiling,not assigned,DESCRIPTIVE_ONLY,not applicable because no inferential decision is authorized,same frozen EVAL case_id across pool variants and depths,report only as diagnostic coverage ceiling,ranking interpretation | MRR | confirmatory promotion | split 3000/1006,set union has no ranking and cannot establish early-ranking superiority,
G3F02-0111,HE2_B_PHASE_E_DIAGNOSTIC_UNION,HE2_B diagnostic coverage ceiling,Group 1 Phase E candidate pools,DESCRIPTIVE_ONLY,DIAGNOSTIC,diagnostic_union_hierarchical_dual_DEPTH_200,diagnostic_union_hierarchical_dual,Chapter-Pool@200,chapter reference coverage in candidate pool,827,1056,0.7831439393939394,proportion,MATERIALIZED_FROZEN_VALUE,EVAL_V02_CHAPTER_87,3ddb7a0e80d8bfa20b985655f03d6ab65470b40f0738093413909b6584aee941,1056,67,SERIE,DAM / DECLARACIÓN if later used,outputs/evaluation/normative_candidate_pools_data_aduanas_clase87_v0.2/candidate_pool_metrics.json,ee42014a77ab8e318ff967b4db9d06fdafc8dfc7,1c183346a63d69817def2f6b1ef9666023cd32eed53e599d9842ff4d6900122f,main=366bf529c29cb999bfd043db33674a510ba184c7; main=a33fc7e10b5bc25a053e982f0ff24ff60eda042f; Phase E metadata git_commit=36373e4,outputs/evaluation/normative_candidate_pools_data_aduanas_clase87_v0.2/candidate_pool_case_summary.csv,5aac193b589d521ef3c8a294d44313c8b7f5d1d2,HE2_B_PHASE_E_DIAGNOSTIC_UNION:Chapter-Pool@200,none inferential; descriptive oracle-like coverage ceiling,not assigned,DESCRIPTIVE_ONLY,not applicable because no inferential decision is authorized,same frozen EVAL case_id across pool variants and depths,report only as diagnostic coverage ceiling,ranking interpretation | MRR | confirmatory promotion | split 3000/1006,set union has no ranking and cannot establish early-ranking superiority,
G3F02-0112,EXP11A_HISTORICAL_BANK_SENSITIVITY,historical-bank sensitivity supporting interpretation boundaries,EXP-11A,DESCRIPTIVE_ONLY,DESCRIPTIVE,H100_REEXECUTED_CHECK,EXP11A_RUN_SENSITIVITY,Top-1,frozen Top-1 for one complete-DAM historical-bank run,538,1056,0.509469696969697,proportion,MATERIALIZED_FROZEN_VALUE,EVAL_V02_CHAPTER_87,3ddb7a0e80d8bfa20b985655f03d6ab65470b40f0738093413909b6584aee941,1056,67,SERIE for metrics; run/condition for sensitivity summaries,same EVAL series repeated across runs and nested in 67 DAM,outputs/experiments/exp11a_historical_size_sensitivity_v0.3/exp11_metrics_by_run.csv,9b434d7e09e6db7e9de061953b59c53aac2337ad,17ea82be306b81a44760716a0a6f5e55c0b7b5a97e30bc8e12ca59d58ad79958,main=366bf529c29cb999bfd043db33674a510ba184c7; main=a33fc7e10b5bc25a053e982f0ff24ff60eda042f; EXP11A execution=22b18cdc743b4b0f37b8b345215fb747d614d6eb,outputs/experiments/exp11a_historical_size_sensitivity_v0.3/exp11_case_level_ranks.csv,b5d8bc8cec3f07863f01faef79ea3c4e7e55221c,EXP11A_HISTORICAL_BANK_SENSITIVITY:Top-1,none inferential; descriptive sensitivity across coupled size/composition conditions,not assigned,DESCRIPTIVE_ONLY,not applicable because no inferential decision is authorized,H50 D1/D2 paired on seeds 20261001-20261005; other runs are sensitivity replicates,preserve frozen run/condition summaries without new inferential interval,isolated causal bank-size effect | independence of 1056 cases across runs | split 3000/1006,complete-DAM construction changes composition with nominal size,
G3F02-0113,EXP11A_HISTORICAL_BANK_SENSITIVITY,historical-bank sensitivity supporting interpretation boundaries,EXP-11A,DESCRIPTIVE_ONLY,DESCRIPTIVE,H100_REEXECUTED_CHECK,EXP11A_RUN_SENSITIVITY,Top-3,frozen Top-3 for one complete-DAM historical-bank run,709,1056,0.6714015151515151,proportion,MATERIALIZED_FROZEN_VALUE,EVAL_V02_CHAPTER_87,3ddb7a0e80d8bfa20b985655f03d6ab65470b40f0738093413909b6584aee941,1056,67,SERIE for metrics; run/condition for sensitivity summaries,same EVAL series repeated across runs and nested in 67 DAM,outputs/experiments/exp11a_historical_size_sensitivity_v0.3/exp11_metrics_by_run.csv,9b434d7e09e6db7e9de061953b59c53aac2337ad,17ea82be306b81a44760716a0a6f5e55c0b7b5a97e30bc8e12ca59d58ad79958,main=366bf529c29cb999bfd043db33674a510ba184c7; main=a33fc7e10b5bc25a053e982f0ff24ff60eda042f; EXP11A execution=22b18cdc743b4b0f37b8b345215fb747d614d6eb,outputs/experiments/exp11a_historical_size_sensitivity_v0.3/exp11_case_level_ranks.csv,b5d8bc8cec3f07863f01faef79ea3c4e7e55221c,EXP11A_HISTORICAL_BANK_SENSITIVITY:Top-3,none inferential; descriptive sensitivity across coupled size/composition conditions,not assigned,DESCRIPTIVE_ONLY,not applicable because no inferential decision is authorized,H50 D1/D2 paired on seeds 20261001-20261005; other runs are sensitivity replicates,preserve frozen run/condition summaries without new inferential interval,isolated causal bank-size effect | independence of 1056 cases across runs | split 3000/1006,complete-DAM construction changes composition with nominal size,
G3F02-0114,EXP11A_HISTORICAL_BANK_SENSITIVITY,historical-bank sensitivity supporting interpretation boundaries,EXP-11A,DESCRIPTIVE_ONLY,DESCRIPTIVE,H100_REEXECUTED_CHECK,EXP11A_RUN_SENSITIVITY,Top-5,frozen Top-5 for one complete-DAM historical-bank run,806,1056,0.7632575757575758,proportion,MATERIALIZED_FROZEN_VALUE,EVAL_V02_CHAPTER_87,3ddb7a0e80d8bfa20b985655f03d6ab65470b40f0738093413909b6584aee941,1056,67,SERIE for metrics; run/condition for sensitivity summaries,same EVAL series repeated across runs and nested in 67 DAM,outputs/experiments/exp11a_historical_size_sensitivity_v0.3/exp11_metrics_by_run.csv,9b434d7e09e6db7e9de061953b59c53aac2337ad,17ea82be306b81a44760716a0a6f5e55c0b7b5a97e30bc8e12ca59d58ad79958,main=366bf529c29cb999bfd043db33674a510ba184c7; main=a33fc7e10b5bc25a053e982f0ff24ff60eda042f; EXP11A execution=22b18cdc743b4b0f37b8b345215fb747d614d6eb,outputs/experiments/exp11a_historical_size_sensitivity_v0.3/exp11_case_level_ranks.csv,b5d8bc8cec3f07863f01faef79ea3c4e7e55221c,EXP11A_HISTORICAL_BANK_SENSITIVITY:Top-5,none inferential; descriptive sensitivity across coupled size/composition conditions,not assigned,DESCRIPTIVE_ONLY,not applicable because no inferential decision is authorized,H50 D1/D2 paired on seeds 20261001-20261005; other runs are sensitivity replicates,preserve frozen run/condition summaries without new inferential interval,isolated causal bank-size effect | independence of 1056 cases across runs | split 3000/1006,complete-DAM construction changes composition with nominal size,
G3F02-0115,EXP11A_HISTORICAL_BANK_SENSITIVITY,historical-bank sensitivity supporting interpretation boundaries,EXP-11A,DESCRIPTIVE_ONLY,DESCRIPTIVE,H100_REEXECUTED_CHECK,EXP11A_RUN_SENSITIVITY,Top-10,frozen Top-10 for one complete-DAM historical-bank run,941,1056,0.8910984848484849,proportion,MATERIALIZED_FROZEN_VALUE,EVAL_V02_CHAPTER_87,3ddb7a0e80d8bfa20b985655f03d6ab65470b40f0738093413909b6584aee941,1056,67,SERIE for metrics; run/condition for sensitivity summaries,same EVAL series repeated across runs and nested in 67 DAM,outputs/experiments/exp11a_historical_size_sensitivity_v0.3/exp11_metrics_by_run.csv,9b434d7e09e6db7e9de061953b59c53aac2337ad,17ea82be306b81a44760716a0a6f5e55c0b7b5a97e30bc8e12ca59d58ad79958,main=366bf529c29cb999bfd043db33674a510ba184c7; main=a33fc7e10b5bc25a053e982f0ff24ff60eda042f; EXP11A execution=22b18cdc743b4b0f37b8b345215fb747d614d6eb,outputs/experiments/exp11a_historical_size_sensitivity_v0.3/exp11_case_level_ranks.csv,b5d8bc8cec3f07863f01faef79ea3c4e7e55221c,EXP11A_HISTORICAL_BANK_SENSITIVITY:Top-10,none inferential; descriptive sensitivity across coupled size/composition conditions,not assigned,DESCRIPTIVE_ONLY,not applicable because no inferential decision is authorized,H50 D1/D2 paired on seeds 20261001-20261005; other runs are sensitivity replicates,preserve frozen run/condition summaries without new inferential interval,isolated causal bank-size effect | independence of 1056 cases across runs | split 3000/1006,complete-DAM construction changes composition with nominal size,
G3F02-0116,EXP11A_HISTORICAL_BANK_SENSITIVITY,historical-bank sensitivity supporting interpretation boundaries,EXP-11A,DESCRIPTIVE_ONLY,DESCRIPTIVE,H100_REEXECUTED_CHECK,EXP11A_RUN_SENSITIVITY,Top-50,frozen Top-50 for one complete-DAM historical-bank run,1047,1056,0.9914772727272727,proportion,MATERIALIZED_FROZEN_VALUE,EVAL_V02_CHAPTER_87,3ddb7a0e80d8bfa20b985655f03d6ab65470b40f0738093413909b6584aee941,1056,67,SERIE for metrics; run/condition for sensitivity summaries,same EVAL series repeated across runs and nested in 67 DAM,outputs/experiments/exp11a_historical_size_sensitivity_v0.3/exp11_metrics_by_run.csv,9b434d7e09e6db7e9de061953b59c53aac2337ad,17ea82be306b81a44760716a0a6f5e55c0b7b5a97e30bc8e12ca59d58ad79958,main=366bf529c29cb999bfd043db33674a510ba184c7; main=a33fc7e10b5bc25a053e982f0ff24ff60eda042f; EXP11A execution=22b18cdc743b4b0f37b8b345215fb747d614d6eb,outputs/experiments/exp11a_historical_size_sensitivity_v0.3/exp11_case_level_ranks.csv,b5d8bc8cec3f07863f01faef79ea3c4e7e55221c,EXP11A_HISTORICAL_BANK_SENSITIVITY:Top-50,none inferential; descriptive sensitivity across coupled size/composition conditions,not assigned,DESCRIPTIVE_ONLY,not applicable because no inferential decision is authorized,H50 D1/D2 paired on seeds 20261001-20261005; other runs are sensitivity replicates,preserve frozen run/condition summaries without new inferential interval,isolated causal bank-size effect | independence of 1056 cases across runs | split 3000/1006,complete-DAM construction changes composition with nominal size,
G3F02-0117,EXP11A_HISTORICAL_BANK_SENSITIVITY,historical-bank sensitivity supporting interpretation boundaries,EXP-11A,DESCRIPTIVE_ONLY,DESCRIPTIVE,H100_REEXECUTED_CHECK,EXP11A_RUN_SENSITIVITY,MRR@100,frozen MRR@100 for one complete-DAM historical-bank run,,1056,0.6297077493524843,mean_reciprocal_rank,SOURCE_VALUE_MATERIALIZED_WITHOUT_NUMERATOR,EVAL_V02_CHAPTER_87,3ddb7a0e80d8bfa20b985655f03d6ab65470b40f0738093413909b6584aee941,1056,67,SERIE for metrics; run/condition for sensitivity summaries,same EVAL series repeated across runs and nested in 67 DAM,outputs/experiments/exp11a_historical_size_sensitivity_v0.3/exp11_metrics_by_run.csv,9b434d7e09e6db7e9de061953b59c53aac2337ad,17ea82be306b81a44760716a0a6f5e55c0b7b5a97e30bc8e12ca59d58ad79958,main=366bf529c29cb999bfd043db33674a510ba184c7; main=a33fc7e10b5bc25a053e982f0ff24ff60eda042f; EXP11A execution=22b18cdc743b4b0f37b8b345215fb747d614d6eb,outputs/experiments/exp11a_historical_size_sensitivity_v0.3/exp11_case_level_ranks.csv,b5d8bc8cec3f07863f01faef79ea3c4e7e55221c,EXP11A_HISTORICAL_BANK_SENSITIVITY:MRR@100,none inferential; descriptive sensitivity across coupled size/composition conditions,not assigned,DESCRIPTIVE_ONLY,not applicable because no inferential decision is authorized,H50 D1/D2 paired on seeds 20261001-20261005; other runs are sensitivity replicates,preserve frozen run/condition summaries without new inferential interval,isolated causal bank-size effect | independence of 1056 cases across runs | split 3000/1006,complete-DAM construction changes composition with nominal size,
G3F02-0118,EXP11A_HISTORICAL_BANK_SENSITIVITY,historical-bank sensitivity supporting interpretation boundaries,EXP-11A,DESCRIPTIVE_ONLY,DESCRIPTIVE,H25-R01,EXP11A_RUN_SENSITIVITY,Top-1,frozen Top-1 for one complete-DAM historical-bank run,547,1056,0.5179924242424242,proportion,MATERIALIZED_FROZEN_VALUE,EVAL_V02_CHAPTER_87,3ddb7a0e80d8bfa20b985655f03d6ab65470b40f0738093413909b6584aee941,1056,67,SERIE for metrics; run/condition for sensitivity summaries,same EVAL series repeated across runs and nested in 67 DAM,outputs/experiments/exp11a_historical_size_sensitivity_v0.3/exp11_metrics_by_run.csv,9b434d7e09e6db7e9de061953b59c53aac2337ad,17ea82be306b81a44760716a0a6f5e55c0b7b5a97e30bc8e12ca59d58ad79958,main=366bf529c29cb999bfd043db33674a510ba184c7; main=a33fc7e10b5bc25a053e982f0ff24ff60eda042f; EXP11A execution=22b18cdc743b4b0f37b8b345215fb747d614d6eb,outputs/experiments/exp11a_historical_size_sensitivity_v0.3/exp11_case_level_ranks.csv,b5d8bc8cec3f07863f01faef79ea3c4e7e55221c,EXP11A_HISTORICAL_BANK_SENSITIVITY:Top-1,none inferential; descriptive sensitivity across coupled size/composition conditions,not assigned,DESCRIPTIVE_ONLY,not applicable because no inferential decision is authorized,H50 D1/D2 paired on seeds 20261001-20261005; other runs are sensitivity replicates,preserve frozen run/condition summaries without new inferential interval,isolated causal bank-size effect | independence of 1056 cases across runs | split 3000/1006,complete-DAM construction changes composition with nominal size,
G3F02-0119,EXP11A_HISTORICAL_BANK_SENSITIVITY,historical-bank sensitivity supporting interpretation boundaries,EXP-11A,DESCRIPTIVE_ONLY,DESCRIPTIVE,H25-R01,EXP11A_RUN_SENSITIVITY,Top-3,frozen Top-3 for one complete-DAM historical-bank run,702,1056,0.6647727272727273,proportion,MATERIALIZED_FROZEN_VALUE,EVAL_V02_CHAPTER_87,3ddb7a0e80d8bfa20b985655f03d6ab65470b40f0738093413909b6584aee941,1056,67,SERIE for metrics; run/condition for sensitivity summaries,same EVAL series repeated across runs and nested in 67 DAM,outputs/experiments/exp11a_historical_size_sensitivity_v0.3/exp11_metrics_by_run.csv,9b434d7e09e6db7e9de061953b59c53aac2337ad,17ea82be306b81a44760716a0a6f5e55c0b7b5a97e30bc8e12ca59d58ad79958,main=366bf529c29cb999bfd043db33674a510ba184c7; main=a33fc7e10b5bc25a053e982f0ff24ff60eda042f; EXP11A execution=22b18cdc743b4b0f37b8b345215fb747d614d6eb,outputs/experiments/exp11a_historical_size_sensitivity_v0.3/exp11_case_level_ranks.csv,b5d8bc8cec3f07863f01faef79ea3c4e7e55221c,EXP11A_HISTORICAL_BANK_SENSITIVITY:Top-3,none inferential; descriptive sensitivity across coupled size/composition conditions,not assigned,DESCRIPTIVE_ONLY,not applicable because no inferential decision is authorized,H50 D1/D2 paired on seeds 20261001-20261005; other runs are sensitivity replicates,preserve frozen run/condition summaries without new inferential interval,isolated causal bank-size effect | independence of 1056 cases across runs | split 3000/1006,complete-DAM construction changes composition with nominal size,
G3F02-0120,EXP11A_HISTORICAL_BANK_SENSITIVITY,historical-bank sensitivity supporting interpretation boundaries,EXP-11A,DESCRIPTIVE_ONLY,DESCRIPTIVE,H25-R01,EXP11A_RUN_SENSITIVITY,Top-5,frozen Top-5 for one complete-DAM historical-bank run,778,1056,0.7367424242424242,proportion,MATERIALIZED_FROZEN_VALUE,EVAL_V02_CHAPTER_87,3ddb7a0e80d8bfa20b985655f03d6ab65470b40f0738093413909b6584aee941,1056,67,SERIE for metrics; run/condition for sensitivity summaries,same EVAL series repeated across runs and nested in 67 DAM,outputs/experiments/exp11a_historical_size_sensitivity_v0.3/exp11_metrics_by_run.csv,9b434d7e09e6db7e9de061953b59c53aac2337ad,17ea82be306b81a44760716a0a6f5e55c0b7b5a97e30bc8e12ca59d58ad79958,main=366bf529c29cb999bfd043db33674a510ba184c7; main=a33fc7e10b5bc25a053e982f0ff24ff60eda042f; EXP11A execution=22b18cdc743b4b0f37b8b345215fb747d614d6eb,outputs/experiments/exp11a_historical_size_sensitivity_v0.3/exp11_case_level_ranks.csv,b5d8bc8cec3f07863f01faef79ea3c4e7e55221c,EXP11A_HISTORICAL_BANK_SENSITIVITY:Top-5,none inferential; descriptive sensitivity across coupled size/composition conditions,not assigned,DESCRIPTIVE_ONLY,not applicable because no inferential decision is authorized,H50 D1/D2 paired on seeds 20261001-20261005; other runs are sensitivity replicates,preserve frozen run/condition summaries without new inferential interval,isolated causal bank-size effect | independence of 1056 cases across runs | split 3000/1006,complete-DAM construction changes composition with nominal size,
G3F02-0121,EXP11A_HISTORICAL_BANK_SENSITIVITY,historical-bank sensitivity supporting interpretation boundaries,EXP-11A,DESCRIPTIVE_ONLY,DESCRIPTIVE,H25-R01,EXP11A_RUN_SENSITIVITY,Top-10,frozen Top-10 for one complete-DAM historical-bank run,923,1056,0.8740530303030303,proportion,MATERIALIZED_FROZEN_VALUE,EVAL_V02_CHAPTER_87,3ddb7a0e80d8bfa20b985655f03d6ab65470b40f0738093413909b6584aee941,1056,67,SERIE for metrics; run/condition for sensitivity summaries,same EVAL series repeated across runs and nested in 67 DAM,outputs/experiments/exp11a_historical_size_sensitivity_v0.3/exp11_metrics_by_run.csv,9b434d7e09e6db7e9de061953b59c53aac2337ad,17ea82be306b81a44760716a0a6f5e55c0b7b5a97e30bc8e12ca59d58ad79958,main=366bf529c29cb999bfd043db33674a510ba184c7; main=a33fc7e10b5bc25a053e982f0ff24ff60eda042f; EXP11A execution=22b18cdc743b4b0f37b8b345215fb747d614d6eb,outputs/experiments/exp11a_historical_size_sensitivity_v0.3/exp11_case_level_ranks.csv,b5d8bc8cec3f07863f01faef79ea3c4e7e55221c,EXP11A_HISTORICAL_BANK_SENSITIVITY:Top-10,none inferential; descriptive sensitivity across coupled size/composition conditions,not assigned,DESCRIPTIVE_ONLY,not applicable because no inferential decision is authorized,H50 D1/D2 paired on seeds 20261001-20261005; other runs are sensitivity replicates,preserve frozen run/condition summaries without new inferential interval,isolated causal bank-size effect | independence of 1056 cases across runs | split 3000/1006,complete-DAM construction changes composition with nominal size,
G3F02-0122,EXP11A_HISTORICAL_BANK_SENSITIVITY,historical-bank sensitivity supporting interpretation boundaries,EXP-11A,DESCRIPTIVE_ONLY,DESCRIPTIVE,H25-R01,EXP11A_RUN_SENSITIVITY,Top-50,frozen Top-50 for one complete-DAM historical-bank run,1037,1056,0.9820075757575758,proportion,MATERIALIZED_FROZEN_VALUE,EVAL_V02_CHAPTER_87,3ddb7a0e80d8bfa20b985655f03d6ab65470b40f0738093413909b6584aee941,1056,67,SERIE for metrics; run/condition for sensitivity summaries,same EVAL series repeated across runs and nested in 67 DAM,outputs/experiments/exp11a_historical_size_sensitivity_v0.3/exp11_metrics_by_run.csv,9b434d7e09e6db7e9de061953b59c53aac2337ad,17ea82be306b81a44760716a0a6f5e55c0b7b5a97e30bc8e12ca59d58ad79958,main=366bf529c29cb999bfd043db33674a510ba184c7; main=a33fc7e10b5bc25a053e982f0ff24ff60eda042f; EXP11A execution=22b18cdc743b4b0f37b8b345215fb747d614d6eb,outputs/experiments/exp11a_historical_size_sensitivity_v0.3/exp11_case_level_ranks.csv,b5d8bc8cec3f07863f01faef79ea3c4e7e55221c,EXP11A_HISTORICAL_BANK_SENSITIVITY:Top-50,none inferential; descriptive sensitivity across coupled size/composition conditions,not assigned,DESCRIPTIVE_ONLY,not applicable because no inferential decision is authorized,H50 D1/D2 paired on seeds 20261001-20261005; other runs are sensitivity replicates,preserve frozen run/condition summaries without new inferential interval,isolated causal bank-size effect | independence of 1056 cases across runs | split 3000/1006,complete-DAM construction changes composition with nominal size,
G3F02-0123,EXP11A_HISTORICAL_BANK_SENSITIVITY,historical-bank sensitivity supporting interpretation boundaries,EXP-11A,DESCRIPTIVE_ONLY,DESCRIPTIVE,H25-R01,EXP11A_RUN_SENSITIVITY,MRR@100,frozen MRR@100 for one complete-DAM historical-bank run,,1056,0.626699716040587,mean_reciprocal_rank,SOURCE_VALUE_MATERIALIZED_WITHOUT_NUMERATOR,EVAL_V02_CHAPTER_87,3ddb7a0e80d8bfa20b985655f03d6ab65470b40f0738093413909b6584aee941,1056,67,SERIE for metrics; run/condition for sensitivity summaries,same EVAL series repeated across runs and nested in 67 DAM,outputs/experiments/exp11a_historical_size_sensitivity_v0.3/exp11_metrics_by_run.csv,9b434d7e09e6db7e9de061953b59c53aac2337ad,17ea82be306b81a44760716a0a6f5e55c0b7b5a97e30bc8e12ca59d58ad79958,main=366bf529c29cb999bfd043db33674a510ba184c7; main=a33fc7e10b5bc25a053e982f0ff24ff60eda042f; EXP11A execution=22b18cdc743b4b0f37b8b345215fb747d614d6eb,outputs/experiments/exp11a_historical_size_sensitivity_v0.3/exp11_case_level_ranks.csv,b5d8bc8cec3f07863f01faef79ea3c4e7e55221c,EXP11A_HISTORICAL_BANK_SENSITIVITY:MRR@100,none inferential; descriptive sensitivity across coupled size/composition conditions,not assigned,DESCRIPTIVE_ONLY,not applicable because no inferential decision is authorized,H50 D1/D2 paired on seeds 20261001-20261005; other runs are sensitivity replicates,preserve frozen run/condition summaries without new inferential interval,isolated causal bank-size effect | independence of 1056 cases across runs | split 3000/1006,complete-DAM construction changes composition with nominal size,
G3F02-0124,EXP11A_HISTORICAL_BANK_SENSITIVITY,historical-bank sensitivity supporting interpretation boundaries,EXP-11A,DESCRIPTIVE_ONLY,DESCRIPTIVE,H25-R02,EXP11A_RUN_SENSITIVITY,Top-1,frozen Top-1 for one complete-DAM historical-bank run,428,1056,0.4053030303030303,proportion,MATERIALIZED_FROZEN_VALUE,EVAL_V02_CHAPTER_87,3ddb7a0e80d8bfa20b985655f03d6ab65470b40f0738093413909b6584aee941,1056,67,SERIE for metrics; run/condition for sensitivity summaries,same EVAL series repeated across runs and nested in 67 DAM,outputs/experiments/exp11a_historical_size_sensitivity_v0.3/exp11_metrics_by_run.csv,9b434d7e09e6db7e9de061953b59c53aac2337ad,17ea82be306b81a44760716a0a6f5e55c0b7b5a97e30bc8e12ca59d58ad79958,main=366bf529c29cb999bfd043db33674a510ba184c7; main=a33fc7e10b5bc25a053e982f0ff24ff60eda042f; EXP11A execution=22b18cdc743b4b0f37b8b345215fb747d614d6eb,outputs/experiments/exp11a_historical_size_sensitivity_v0.3/exp11_case_level_ranks.csv,b5d8bc8cec3f07863f01faef79ea3c4e7e55221c,EXP11A_HISTORICAL_BANK_SENSITIVITY:Top-1,none inferential; descriptive sensitivity across coupled size/composition conditions,not assigned,DESCRIPTIVE_ONLY,not applicable because no inferential decision is authorized,H50 D1/D2 paired on seeds 20261001-20261005; other runs are sensitivity replicates,preserve frozen run/condition summaries without new inferential interval,isolated causal bank-size effect | independence of 1056 cases across runs | split 3000/1006,complete-DAM construction changes composition with nominal size,
G3F02-0125,EXP11A_HISTORICAL_BANK_SENSITIVITY,historical-bank sensitivity supporting interpretation boundaries,EXP-11A,DESCRIPTIVE_ONLY,DESCRIPTIVE,H25-R02,EXP11A_RUN_SENSITIVITY,Top-3,frozen Top-3 for one complete-DAM historical-bank run,571,1056,0.540719696969697,proportion,MATERIALIZED_FROZEN_VALUE,EVAL_V02_CHAPTER_87,3ddb7a0e80d8bfa20b985655f03d6ab65470b40f0738093413909b6584aee941,1056,67,SERIE for metrics; run/condition for sensitivity summaries,same EVAL series repeated across runs and nested in 67 DAM,outputs/experiments/exp11a_historical_size_sensitivity_v0.3/exp11_metrics_by_run.csv,9b434d7e09e6db7e9de061953b59c53aac2337ad,17ea82be306b81a44760716a0a6f5e55c0b7b5a97e30bc8e12ca59d58ad79958,main=366bf529c29cb999bfd043db33674a510ba184c7; main=a33fc7e10b5bc25a053e982f0ff24ff60eda042f; EXP11A execution=22b18cdc743b4b0f37b8b345215fb747d614d6eb,outputs/experiments/exp11a_historical_size_sensitivity_v0.3/exp11_case_level_ranks.csv,b5d8bc8cec3f07863f01faef79ea3c4e7e55221c,EXP11A_HISTORICAL_BANK_SENSITIVITY:Top-3,none inferential; descriptive sensitivity across coupled size/composition conditions,not assigned,DESCRIPTIVE_ONLY,not applicable because no inferential decision is authorized,H50 D1/D2 paired on seeds 20261001-20261005; other runs are sensitivity replicates,preserve frozen run/condition summaries without new inferential interval,isolated causal bank-size effect | independence of 1056 cases across runs | split 3000/1006,complete-DAM construction changes composition with nominal size,
G3F02-0126,EXP11A_HISTORICAL_BANK_SENSITIVITY,historical-bank sensitivity supporting interpretation boundaries,EXP-11A,DESCRIPTIVE_ONLY,DESCRIPTIVE,H25-R02,EXP11A_RUN_SENSITIVITY,Top-5,frozen Top-5 for one complete-DAM historical-bank run,690,1056,0.6534090909090909,proportion,MATERIALIZED_FROZEN_VALUE,EVAL_V02_CHAPTER_87,3ddb7a0e80d8bfa20b985655f03d6ab65470b40f0738093413909b6584aee941,1056,67,SERIE for metrics; run/condition for sensitivity summaries,same EVAL series repeated across runs and nested in 67 DAM,outputs/experiments/exp11a_historical_size_sensitivity_v0.3/exp11_metrics_by_run.csv,9b434d7e09e6db7e9de061953b59c53aac2337ad,17ea82be306b81a44760716a0a6f5e55c0b7b5a97e30bc8e12ca59d58ad79958,main=366bf529c29cb999bfd043db33674a510ba184c7; main=a33fc7e10b5bc25a053e982f0ff24ff60eda042f; EXP11A execution=22b18cdc743b4b0f37b8b345215fb747d614d6eb,outputs/experiments/exp11a_historical_size_sensitivity_v0.3/exp11_case_level_ranks.csv,b5d8bc8cec3f07863f01faef79ea3c4e7e55221c,EXP11A_HISTORICAL_BANK_SENSITIVITY:Top-5,none inferential; descriptive sensitivity across coupled size/composition conditions,not assigned,DESCRIPTIVE_ONLY,not applicable because no inferential decision is authorized,H50 D1/D2 paired on seeds 20261001-20261005; other runs are sensitivity replicates,preserve frozen run/condition summaries without new inferential interval,isolated causal bank-size effect | independence of 1056 cases across runs | split 3000/1006,complete-DAM construction changes composition with nominal size,
G3F02-0127,EXP11A_HISTORICAL_BANK_SENSITIVITY,historical-bank sensitivity supporting interpretation boundaries,EXP-11A,DESCRIPTIVE_ONLY,DESCRIPTIVE,H25-R02,EXP11A_RUN_SENSITIVITY,Top-10,frozen Top-10 for one complete-DAM historical-bank run,787,1056,0.7452651515151515,proportion,MATERIALIZED_FROZEN_VALUE,EVAL_V02_CHAPTER_87,3ddb7a0e80d8bfa20b985655f03d6ab65470b40f0738093413909b6584aee941,1056,67,SERIE for metrics; run/condition for sensitivity summaries,same EVAL series repeated across runs and nested in 67 DAM,outputs/experiments/exp11a_historical_size_sensitivity_v0.3/exp11_metrics_by_run.csv,9b434d7e09e6db7e9de061953b59c53aac2337ad,17ea82be306b81a44760716a0a6f5e55c0b7b5a97e30bc8e12ca59d58ad79958,main=366bf529c29cb999bfd043db33674a510ba184c7; main=a33fc7e10b5bc25a053e982f0ff24ff60eda042f; EXP11A execution=22b18cdc743b4b0f37b8b345215fb747d614d6eb,outputs/experiments/exp11a_historical_size_sensitivity_v0.3/exp11_case_level_ranks.csv,b5d8bc8cec3f07863f01faef79ea3c4e7e55221c,EXP11A_HISTORICAL_BANK_SENSITIVITY:Top-10,none inferential; descriptive sensitivity across coupled size/composition conditions,not assigned,DESCRIPTIVE_ONLY,not applicable because no inferential decision is authorized,H50 D1/D2 paired on seeds 20261001-20261005; other runs are sensitivity replicates,preserve frozen run/condition summaries without new inferential interval,isolated causal bank-size effect | independence of 1056 cases across runs | split 3000/1006,complete-DAM construction changes composition with nominal size,
G3F02-0128,EXP11A_HISTORICAL_BANK_SENSITIVITY,historical-bank sensitivity supporting interpretation boundaries,EXP-11A,DESCRIPTIVE_ONLY,DESCRIPTIVE,H25-R02,EXP11A_RUN_SENSITIVITY,Top-50,frozen Top-50 for one complete-DAM historical-bank run,993,1056,0.9403409090909091,proportion,MATERIALIZED_FROZEN_VALUE,EVAL_V02_CHAPTER_87,3ddb7a0e80d8bfa20b985655f03d6ab65470b40f0738093413909b6584aee941,1056,67,SERIE for metrics; run/condition for sensitivity summaries,same EVAL series repeated across runs and nested in 67 DAM,outputs/experiments/exp11a_historical_size_sensitivity_v0.3/exp11_metrics_by_run.csv,9b434d7e09e6db7e9de061953b59c53aac2337ad,17ea82be306b81a44760716a0a6f5e55c0b7b5a97e30bc8e12ca59d58ad79958,main=366bf529c29cb999bfd043db33674a510ba184c7; main=a33fc7e10b5bc25a053e982f0ff24ff60eda042f; EXP11A execution=22b18cdc743b4b0f37b8b345215fb747d614d6eb,outputs/experiments/exp11a_historical_size_sensitivity_v0.3/exp11_case_level_ranks.csv,b5d8bc8cec3f07863f01faef79ea3c4e7e55221c,EXP11A_HISTORICAL_BANK_SENSITIVITY:Top-50,none inferential; descriptive sensitivity across coupled size/composition conditions,not assigned,DESCRIPTIVE_ONLY,not applicable because no inferential decision is authorized,H50 D1/D2 paired on seeds 20261001-20261005; other runs are sensitivity replicates,preserve frozen run/condition summaries without new inferential interval,isolated causal bank-size effect | independence of 1056 cases across runs | split 3000/1006,complete-DAM construction changes composition with nominal size,
G3F02-0129,EXP11A_HISTORICAL_BANK_SENSITIVITY,historical-bank sensitivity supporting interpretation boundaries,EXP-11A,DESCRIPTIVE_ONLY,DESCRIPTIVE,H25-R02,EXP11A_RUN_SENSITIVITY,MRR@100,frozen MRR@100 for one complete-DAM historical-bank run,,1056,0.5107345310931702,mean_reciprocal_rank,SOURCE_VALUE_MATERIALIZED_WITHOUT_NUMERATOR,EVAL_V02_CHAPTER_87,3ddb7a0e80d8bfa20b985655f03d6ab65470b40f0738093413909b6584aee941,1056,67,SERIE for metrics; run/condition for sensitivity summaries,same EVAL series repeated across runs and nested in 67 DAM,outputs/experiments/exp11a_historical_size_sensitivity_v0.3/exp11_metrics_by_run.csv,9b434d7e09e6db7e9de061953b59c53aac2337ad,17ea82be306b81a44760716a0a6f5e55c0b7b5a97e30bc8e12ca59d58ad79958,main=366bf529c29cb999bfd043db33674a510ba184c7; main=a33fc7e10b5bc25a053e982f0ff24ff60eda042f; EXP11A execution=22b18cdc743b4b0f37b8b345215fb747d614d6eb,outputs/experiments/exp11a_historical_size_sensitivity_v0.3/exp11_case_level_ranks.csv,b5d8bc8cec3f07863f01faef79ea3c4e7e55221c,EXP11A_HISTORICAL_BANK_SENSITIVITY:MRR@100,none inferential; descriptive sensitivity across coupled size/composition conditions,not assigned,DESCRIPTIVE_ONLY,not applicable because no inferential decision is authorized,H50 D1/D2 paired on seeds 20261001-20261005; other runs are sensitivity replicates,preserve frozen run/condition summaries without new inferential interval,isolated causal bank-size effect | independence of 1056 cases across runs | split 3000/1006,complete-DAM construction changes composition with nominal size,
G3F02-0130,EXP11A_HISTORICAL_BANK_SENSITIVITY,historical-bank sensitivity supporting interpretation boundaries,EXP-11A,DESCRIPTIVE_ONLY,DESCRIPTIVE,H25-R03,EXP11A_RUN_SENSITIVITY,Top-1,frozen Top-1 for one complete-DAM historical-bank run,574,1056,0.5435606060606061,proportion,MATERIALIZED_FROZEN_VALUE,EVAL_V02_CHAPTER_87,3ddb7a0e80d8bfa20b985655f03d6ab65470b40f0738093413909b6584aee941,1056,67,SERIE for metrics; run/condition for sensitivity summaries,same EVAL series repeated across runs and nested in 67 DAM,outputs/experiments/exp11a_historical_size_sensitivity_v0.3/exp11_metrics_by_run.csv,9b434d7e09e6db7e9de061953b59c53aac2337ad,17ea82be306b81a44760716a0a6f5e55c0b7b5a97e30bc8e12ca59d58ad79958,main=366bf529c29cb999bfd043db33674a510ba184c7; main=a33fc7e10b5bc25a053e982f0ff24ff60eda042f; EXP11A execution=22b18cdc743b4b0f37b8b345215fb747d614d6eb,outputs/experiments/exp11a_historical_size_sensitivity_v0.3/exp11_case_level_ranks.csv,b5d8bc8cec3f07863f01faef79ea3c4e7e55221c,EXP11A_HISTORICAL_BANK_SENSITIVITY:Top-1,none inferential; descriptive sensitivity across coupled size/composition conditions,not assigned,DESCRIPTIVE_ONLY,not applicable because no inferential decision is authorized,H50 D1/D2 paired on seeds 20261001-20261005; other runs are sensitivity replicates,preserve frozen run/condition summaries without new inferential interval,isolated causal bank-size effect | independence of 1056 cases across runs | split 3000/1006,complete-DAM construction changes composition with nominal size,
G3F02-0131,EXP11A_HISTORICAL_BANK_SENSITIVITY,historical-bank sensitivity supporting interpretation boundaries,EXP-11A,DESCRIPTIVE_ONLY,DESCRIPTIVE,H25-R03,EXP11A_RUN_SENSITIVITY,Top-3,frozen Top-3 for one complete-DAM historical-bank run,719,1056,0.6808712121212122,proportion,MATERIALIZED_FROZEN_VALUE,EVAL_V02_CHAPTER_87,3ddb7a0e80d8bfa20b985655f03d6ab65470b40f0738093413909b6584aee941,1056,67,SERIE for metrics; run/condition for sensitivity summaries,same EVAL series repeated across runs and nested in 67 DAM,outputs/experiments/exp11a_historical_size_sensitivity_v0.3/exp11_metrics_by_run.csv,9b434d7e09e6db7e9de061953b59c53aac2337ad,17ea82be306b81a44760716a0a6f5e55c0b7b5a97e30bc8e12ca59d58ad79958,main=366bf529c29cb999bfd043db33674a510ba184c7; main=a33fc7e10b5bc25a053e982f0ff24ff60eda042f; EXP11A execution=22b18cdc743b4b0f37b8b345215fb747d614d6eb,outputs/experiments/exp11a_historical_size_sensitivity_v0.3/exp11_case_level_ranks.csv,b5d8bc8cec3f07863f01faef79ea3c4e7e55221c,EXP11A_HISTORICAL_BANK_SENSITIVITY:Top-3,none inferential; descriptive sensitivity across coupled size/composition conditions,not assigned,DESCRIPTIVE_ONLY,not applicable because no inferential decision is authorized,H50 D1/D2 paired on seeds 20261001-20261005; other runs are sensitivity replicates,preserve frozen run/condition summaries without new inferential interval,isolated causal bank-size effect | independence of 1056 cases across runs | split 3000/1006,complete-DAM construction changes composition with nominal size,
G3F02-0132,EXP11A_HISTORICAL_BANK_SENSITIVITY,historical-bank sensitivity supporting interpretation boundaries,EXP-11A,DESCRIPTIVE_ONLY,DESCRIPTIVE,H25-R03,EXP11A_RUN_SENSITIVITY,Top-5,frozen Top-5 for one complete-DAM historical-bank run,806,1056,0.7632575757575758,proportion,MATERIALIZED_FROZEN_VALUE,EVAL_V02_CHAPTER_87,3ddb7a0e80d8bfa20b985655f03d6ab65470b40f0738093413909b6584aee941,1056,67,SERIE for metrics; run/condition for sensitivity summaries,same EVAL series repeated across runs and nested in 67 DAM,outputs/experiments/exp11a_historical_size_sensitivity_v0.3/exp11_metrics_by_run.csv,9b434d7e09e6db7e9de061953b59c53aac2337ad,17ea82be306b81a44760716a0a6f5e55c0b7b5a97e30bc8e12ca59d58ad79958,main=366bf529c29cb999bfd043db33674a510ba184c7; main=a33fc7e10b5bc25a053e982f0ff24ff60eda042f; EXP11A execution=22b18cdc743b4b0f37b8b345215fb747d614d6eb,outputs/experiments/exp11a_historical_size_sensitivity_v0.3/exp11_case_level_ranks.csv,b5d8bc8cec3f07863f01faef79ea3c4e7e55221c,EXP11A_HISTORICAL_BANK_SENSITIVITY:Top-5,none inferential; descriptive sensitivity across coupled size/composition conditions,not assigned,DESCRIPTIVE_ONLY,not applicable because no inferential decision is authorized,H50 D1/D2 paired on seeds 20261001-20261005; other runs are sensitivity replicates,preserve frozen run/condition summaries without new inferential interval,isolated causal bank-size effect | independence of 1056 cases across runs | split 3000/1006,complete-DAM construction changes composition with nominal size,
G3F02-0133,EXP11A_HISTORICAL_BANK_SENSITIVITY,historical-bank sensitivity supporting interpretation boundaries,EXP-11A,DESCRIPTIVE_ONLY,DESCRIPTIVE,H25-R03,EXP11A_RUN_SENSITIVITY,Top-10,frozen Top-10 for one complete-DAM historical-bank run,891,1056,0.84375,proportion,MATERIALIZED_FROZEN_VALUE,EVAL_V02_CHAPTER_87,3ddb7a0e80d8bfa20b985655f03d6ab65470b40f0738093413909b6584aee941,1056,67,SERIE for metrics; run/condition for sensitivity summaries,same EVAL series repeated across runs and nested in 67 DAM,outputs/experiments/exp11a_historical_size_sensitivity_v0.3/exp11_metrics_by_run.csv,9b434d7e09e6db7e9de061953b59c53aac2337ad,17ea82be306b81a44760716a0a6f5e55c0b7b5a97e30bc8e12ca59d58ad79958,main=366bf529c29cb999bfd043db33674a510ba184c7; main=a33fc7e10b5bc25a053e982f0ff24ff60eda042f; EXP11A execution=22b18cdc743b4b0f37b8b345215fb747d614d6eb,outputs/experiments/exp11a_historical_size_sensitivity_v0.3/exp11_case_level_ranks.csv,b5d8bc8cec3f07863f01faef79ea3c4e7e55221c,EXP11A_HISTORICAL_BANK_SENSITIVITY:Top-10,none inferential; descriptive sensitivity across coupled size/composition conditions,not assigned,DESCRIPTIVE_ONLY,not applicable because no inferential decision is authorized,H50 D1/D2 paired on seeds 20261001-20261005; other runs are sensitivity replicates,preserve frozen run/condition summaries without new inferential interval,isolated causal bank-size effect | independence of 1056 cases across runs | split 3000/1006,complete-DAM construction changes composition with nominal size,
G3F02-0134,EXP11A_HISTORICAL_BANK_SENSITIVITY,historical-bank sensitivity supporting interpretation boundaries,EXP-11A,DESCRIPTIVE_ONLY,DESCRIPTIVE,H25-R03,EXP11A_RUN_SENSITIVITY,Top-50,frozen Top-50 for one complete-DAM historical-bank run,1032,1056,0.9772727272727273,proportion,MATERIALIZED_FROZEN_VALUE,EVAL_V02_CHAPTER_87,3ddb7a0e80d8bfa20b985655f03d6ab65470b40f0738093413909b6584aee941,1056,67,SERIE for metrics; run/condition for sensitivity summaries,same EVAL series repeated across runs and nested in 67 DAM,outputs/experiments/exp11a_historical_size_sensitivity_v0.3/exp11_metrics_by_run.csv,9b434d7e09e6db7e9de061953b59c53aac2337ad,17ea82be306b81a44760716a0a6f5e55c0b7b5a97e30bc8e12ca59d58ad79958,main=366bf529c29cb999bfd043db33674a510ba184c7; main=a33fc7e10b5bc25a053e982f0ff24ff60eda042f; EXP11A execution=22b18cdc743b4b0f37b8b345215fb747d614d6eb,outputs/experiments/exp11a_historical_size_sensitivity_v0.3/exp11_case_level_ranks.csv,b5d8bc8cec3f07863f01faef79ea3c4e7e55221c,EXP11A_HISTORICAL_BANK_SENSITIVITY:Top-50,none inferential; descriptive sensitivity across coupled size/composition conditions,not assigned,DESCRIPTIVE_ONLY,not applicable because no inferential decision is authorized,H50 D1/D2 paired on seeds 20261001-20261005; other runs are sensitivity replicates,preserve frozen run/condition summaries without new inferential interval,isolated causal bank-size effect | independence of 1056 cases across runs | split 3000/1006,complete-DAM construction changes composition with nominal size,
G3F02-0135,EXP11A_HISTORICAL_BANK_SENSITIVITY,historical-bank sensitivity supporting interpretation boundaries,EXP-11A,DESCRIPTIVE_ONLY,DESCRIPTIVE,H25-R03,EXP11A_RUN_SENSITIVITY,MRR@100,frozen MRR@100 for one complete-DAM historical-bank run,,1056,0.6413139143968234,mean_reciprocal_rank,SOURCE_VALUE_MATERIALIZED_WITHOUT_NUMERATOR,EVAL_V02_CHAPTER_87,3ddb7a0e80d8bfa20b985655f03d6ab65470b40f0738093413909b6584aee941,1056,67,SERIE for metrics; run/condition for sensitivity summaries,same EVAL series repeated across runs and nested in 67 DAM,outputs/experiments/exp11a_historical_size_sensitivity_v0.3/exp11_metrics_by_run.csv,9b434d7e09e6db7e9de061953b59c53aac2337ad,17ea82be306b81a44760716a0a6f5e55c0b7b5a97e30bc8e12ca59d58ad79958,main=366bf529c29cb999bfd043db33674a510ba184c7; main=a33fc7e10b5bc25a053e982f0ff24ff60eda042f; EXP11A execution=22b18cdc743b4b0f37b8b345215fb747d614d6eb,outputs/experiments/exp11a_historical_size_sensitivity_v0.3/exp11_case_level_ranks.csv,b5d8bc8cec3f07863f01faef79ea3c4e7e55221c,EXP11A_HISTORICAL_BANK_SENSITIVITY:MRR@100,none inferential; descriptive sensitivity across coupled size/composition conditions,not assigned,DESCRIPTIVE_ONLY,not applicable because no inferential decision is authorized,H50 D1/D2 paired on seeds 20261001-20261005; other runs are sensitivity replicates,preserve frozen run/condition summaries without new inferential interval,isolated causal bank-size effect | independence of 1056 cases across runs | split 3000/1006,complete-DAM construction changes composition with nominal size,
G3F02-0136,EXP11A_HISTORICAL_BANK_SENSITIVITY,historical-bank sensitivity supporting interpretation boundaries,EXP-11A,DESCRIPTIVE_ONLY,DESCRIPTIVE,H25-R04,EXP11A_RUN_SENSITIVITY,Top-1,frozen Top-1 for one complete-DAM historical-bank run,530,1056,0.5018939393939394,proportion,MATERIALIZED_FROZEN_VALUE,EVAL_V02_CHAPTER_87,3ddb7a0e80d8bfa20b985655f03d6ab65470b40f0738093413909b6584aee941,1056,67,SERIE for metrics; run/condition for sensitivity summaries,same EVAL series repeated across runs and nested in 67 DAM,outputs/experiments/exp11a_historical_size_sensitivity_v0.3/exp11_metrics_by_run.csv,9b434d7e09e6db7e9de061953b59c53aac2337ad,17ea82be306b81a44760716a0a6f5e55c0b7b5a97e30bc8e12ca59d58ad79958,main=366bf529c29cb999bfd043db33674a510ba184c7; main=a33fc7e10b5bc25a053e982f0ff24ff60eda042f; EXP11A execution=22b18cdc743b4b0f37b8b345215fb747d614d6eb,outputs/experiments/exp11a_historical_size_sensitivity_v0.3/exp11_case_level_ranks.csv,b5d8bc8cec3f07863f01faef79ea3c4e7e55221c,EXP11A_HISTORICAL_BANK_SENSITIVITY:Top-1,none inferential; descriptive sensitivity across coupled size/composition conditions,not assigned,DESCRIPTIVE_ONLY,not applicable because no inferential decision is authorized,H50 D1/D2 paired on seeds 20261001-20261005; other runs are sensitivity replicates,preserve frozen run/condition summaries without new inferential interval,isolated causal bank-size effect | independence of 1056 cases across runs | split 3000/1006,complete-DAM construction changes composition with nominal size,
G3F02-0137,EXP11A_HISTORICAL_BANK_SENSITIVITY,historical-bank sensitivity supporting interpretation boundaries,EXP-11A,DESCRIPTIVE_ONLY,DESCRIPTIVE,H25-R04,EXP11A_RUN_SENSITIVITY,Top-3,frozen Top-3 for one complete-DAM historical-bank run,716,1056,0.678030303030303,proportion,MATERIALIZED_FROZEN_VALUE,EVAL_V02_CHAPTER_87,3ddb7a0e80d8bfa20b985655f03d6ab65470b40f0738093413909b6584aee941,1056,67,SERIE for metrics; run/condition for sensitivity summaries,same EVAL series repeated across runs and nested in 67 DAM,outputs/experiments/exp11a_historical_size_sensitivity_v0.3/exp11_metrics_by_run.csv,9b434d7e09e6db7e9de061953b59c53aac2337ad,17ea82be306b81a44760716a0a6f5e55c0b7b5a97e30bc8e12ca59d58ad79958,main=366bf529c29cb999bfd043db33674a510ba184c7; main=a33fc7e10b5bc25a053e982f0ff24ff60eda042f; EXP11A execution=22b18cdc743b4b0f37b8b345215fb747d614d6eb,outputs/experiments/exp11a_historical_size_sensitivity_v0.3/exp11_case_level_ranks.csv,b5d8bc8cec3f07863f01faef79ea3c4e7e55221c,EXP11A_HISTORICAL_BANK_SENSITIVITY:Top-3,none inferential; descriptive sensitivity across coupled size/composition conditions,not assigned,DESCRIPTIVE_ONLY,not applicable because no inferential decision is authorized,H50 D1/D2 paired on seeds 20261001-20261005; other runs are sensitivity replicates,preserve frozen run/condition summaries without new inferential interval,isolated causal bank-size effect | independence of 1056 cases across runs | split 3000/1006,complete-DAM construction changes composition with nominal size,
G3F02-0138,EXP11A_HISTORICAL_BANK_SENSITIVITY,historical-bank sensitivity supporting interpretation boundaries,EXP-11A,DESCRIPTIVE_ONLY,DESCRIPTIVE,H25-R04,EXP11A_RUN_SENSITIVITY,Top-5,frozen Top-5 for one complete-DAM historical-bank run,819,1056,0.7755681818181818,proportion,MATERIALIZED_FROZEN_VALUE,EVAL_V02_CHAPTER_87,3ddb7a0e80d8bfa20b985655f03d6ab65470b40f0738093413909b6584aee941,1056,67,SERIE for metrics; run/condition for sensitivity summaries,same EVAL series repeated across runs and nested in 67 DAM,outputs/experiments/exp11a_historical_size_sensitivity_v0.3/exp11_metrics_by_run.csv,9b434d7e09e6db7e9de061953b59c53aac2337ad,17ea82be306b81a44760716a0a6f5e55c0b7b5a97e30bc8e12ca59d58ad79958,main=366bf529c29cb999bfd043db33674a510ba184c7; main=a33fc7e10b5bc25a053e982f0ff24ff60eda042f; EXP11A execution=22b18cdc743b4b0f37b8b345215fb747d614d6eb,outputs/experiments/exp11a_historical_size_sensitivity_v0.3/exp11_case_level_ranks.csv,b5d8bc8cec3f07863f01faef79ea3c4e7e55221c,EXP11A_HISTORICAL_BANK_SENSITIVITY:Top-5,none inferential; descriptive sensitivity across coupled size/composition conditions,not assigned,DESCRIPTIVE_ONLY,not applicable because no inferential decision is authorized,H50 D1/D2 paired on seeds 20261001-20261005; other runs are sensitivity replicates,preserve frozen run/condition summaries without new inferential interval,isolated causal bank-size effect | independence of 1056 cases across runs | split 3000/1006,complete-DAM construction changes composition with nominal size,
G3F02-0139,EXP11A_HISTORICAL_BANK_SENSITIVITY,historical-bank sensitivity supporting interpretation boundaries,EXP-11A,DESCRIPTIVE_ONLY,DESCRIPTIVE,H25-R04,EXP11A_RUN_SENSITIVITY,Top-10,frozen Top-10 for one complete-DAM historical-bank run,931,1056,0.8816287878787878,proportion,MATERIALIZED_FROZEN_VALUE,EVAL_V02_CHAPTER_87,3ddb7a0e80d8bfa20b985655f03d6ab65470b40f0738093413909b6584aee941,1056,67,SERIE for metrics; run/condition for sensitivity summaries,same EVAL series repeated across runs and nested in 67 DAM,outputs/experiments/exp11a_historical_size_sensitivity_v0.3/exp11_metrics_by_run.csv,9b434d7e09e6db7e9de061953b59c53aac2337ad,17ea82be306b81a44760716a0a6f5e55c0b7b5a97e30bc8e12ca59d58ad79958,main=366bf529c29cb999bfd043db33674a510ba184c7; main=a33fc7e10b5bc25a053e982f0ff24ff60eda042f; EXP11A execution=22b18cdc743b4b0f37b8b345215fb747d614d6eb,outputs/experiments/exp11a_historical_size_sensitivity_v0.3/exp11_case_level_ranks.csv,b5d8bc8cec3f07863f01faef79ea3c4e7e55221c,EXP11A_HISTORICAL_BANK_SENSITIVITY:Top-10,none inferential; descriptive sensitivity across coupled size/composition conditions,not assigned,DESCRIPTIVE_ONLY,not applicable because no inferential decision is authorized,H50 D1/D2 paired on seeds 20261001-20261005; other runs are sensitivity replicates,preserve frozen run/condition summaries without new inferential interval,isolated causal bank-size effect | independence of 1056 cases across runs | split 3000/1006,complete-DAM construction changes composition with nominal size,
G3F02-0140,EXP11A_HISTORICAL_BANK_SENSITIVITY,historical-bank sensitivity supporting interpretation boundaries,EXP-11A,DESCRIPTIVE_ONLY,DESCRIPTIVE,H25-R04,EXP11A_RUN_SENSITIVITY,Top-50,frozen Top-50 for one complete-DAM historical-bank run,1037,1056,0.9820075757575758,proportion,MATERIALIZED_FROZEN_VALUE,EVAL_V02_CHAPTER_87,3ddb7a0e80d8bfa20b985655f03d6ab65470b40f0738093413909b6584aee941,1056,67,SERIE for metrics; run/condition for sensitivity summaries,same EVAL series repeated across runs and nested in 67 DAM,outputs/experiments/exp11a_historical_size_sensitivity_v0.3/exp11_metrics_by_run.csv,9b434d7e09e6db7e9de061953b59c53aac2337ad,17ea82be306b81a44760716a0a6f5e55c0b7b5a97e30bc8e12ca59d58ad79958,main=366bf529c29cb999bfd043db33674a510ba184c7; main=a33fc7e10b5bc25a053e982f0ff24ff60eda042f; EXP11A execution=22b18cdc743b4b0f37b8b345215fb747d614d6eb,outputs/experiments/exp11a_historical_size_sensitivity_v0.3/exp11_case_level_ranks.csv,b5d8bc8cec3f07863f01faef79ea3c4e7e55221c,EXP11A_HISTORICAL_BANK_SENSITIVITY:Top-50,none inferential; descriptive sensitivity across coupled size/composition conditions,not assigned,DESCRIPTIVE_ONLY,not applicable because no inferential decision is authorized,H50 D1/D2 paired on seeds 20261001-20261005; other runs are sensitivity replicates,preserve frozen run/condition summaries without new inferential interval,isolated causal bank-size effect | independence of 1056 cases across runs | split 3000/1006,complete-DAM construction changes composition with nominal size,
G3F02-0141,EXP11A_HISTORICAL_BANK_SENSITIVITY,historical-bank sensitivity supporting interpretation boundaries,EXP-11A,DESCRIPTIVE_ONLY,DESCRIPTIVE,H25-R04,EXP11A_RUN_SENSITIVITY,MRR@100,frozen MRR@100 for one complete-DAM historical-bank run,,1056,0.6206476846797605,mean_reciprocal_rank,SOURCE_VALUE_MATERIALIZED_WITHOUT_NUMERATOR,EVAL_V02_CHAPTER_87,3ddb7a0e80d8bfa20b985655f03d6ab65470b40f0738093413909b6584aee941,1056,67,SERIE for metrics; run/condition for sensitivity summaries,same EVAL series repeated across runs and nested in 67 DAM,outputs/experiments/exp11a_historical_size_sensitivity_v0.3/exp11_metrics_by_run.csv,9b434d7e09e6db7e9de061953b59c53aac2337ad,17ea82be306b81a44760716a0a6f5e55c0b7b5a97e30bc8e12ca59d58ad79958,main=366bf529c29cb999bfd043db33674a510ba184c7; main=a33fc7e10b5bc25a053e982f0ff24ff60eda042f; EXP11A execution=22b18cdc743b4b0f37b8b345215fb747d614d6eb,outputs/experiments/exp11a_historical_size_sensitivity_v0.3/exp11_case_level_ranks.csv,b5d8bc8cec3f07863f01faef79ea3c4e7e55221c,EXP11A_HISTORICAL_BANK_SENSITIVITY:MRR@100,none inferential; descriptive sensitivity across coupled size/composition conditions,not assigned,DESCRIPTIVE_ONLY,not applicable because no inferential decision is authorized,H50 D1/D2 paired on seeds 20261001-20261005; other runs are sensitivity replicates,preserve frozen run/condition summaries without new inferential interval,isolated causal bank-size effect | independence of 1056 cases across runs | split 3000/1006,complete-DAM construction changes composition with nominal size,
G3F02-0142,EXP11A_HISTORICAL_BANK_SENSITIVITY,historical-bank sensitivity supporting interpretation boundaries,EXP-11A,DESCRIPTIVE_ONLY,DESCRIPTIVE,H25-R05,EXP11A_RUN_SENSITIVITY,Top-1,frozen Top-1 for one complete-DAM historical-bank run,553,1056,0.5236742424242424,proportion,MATERIALIZED_FROZEN_VALUE,EVAL_V02_CHAPTER_87,3ddb7a0e80d8bfa20b985655f03d6ab65470b40f0738093413909b6584aee941,1056,67,SERIE for metrics; run/condition for sensitivity summaries,same EVAL series repeated across runs and nested in 67 DAM,outputs/experiments/exp11a_historical_size_sensitivity_v0.3/exp11_metrics_by_run.csv,9b434d7e09e6db7e9de061953b59c53aac2337ad,17ea82be306b81a44760716a0a6f5e55c0b7b5a97e30bc8e12ca59d58ad79958,main=366bf529c29cb999bfd043db33674a510ba184c7; main=a33fc7e10b5bc25a053e982f0ff24ff60eda042f; EXP11A execution=22b18cdc743b4b0f37b8b345215fb747d614d6eb,outputs/experiments/exp11a_historical_size_sensitivity_v0.3/exp11_case_level_ranks.csv,b5d8bc8cec3f07863f01faef79ea3c4e7e55221c,EXP11A_HISTORICAL_BANK_SENSITIVITY:Top-1,none inferential; descriptive sensitivity across coupled size/composition conditions,not assigned,DESCRIPTIVE_ONLY,not applicable because no inferential decision is authorized,H50 D1/D2 paired on seeds 20261001-20261005; other runs are sensitivity replicates,preserve frozen run/condition summaries without new inferential interval,isolated causal bank-size effect | independence of 1056 cases across runs | split 3000/1006,complete-DAM construction changes composition with nominal size,
G3F02-0143,EXP11A_HISTORICAL_BANK_SENSITIVITY,historical-bank sensitivity supporting interpretation boundaries,EXP-11A,DESCRIPTIVE_ONLY,DESCRIPTIVE,H25-R05,EXP11A_RUN_SENSITIVITY,Top-3,frozen Top-3 for one complete-DAM historical-bank run,712,1056,0.6742424242424242,proportion,MATERIALIZED_FROZEN_VALUE,EVAL_V02_CHAPTER_87,3ddb7a0e80d8bfa20b985655f03d6ab65470b40f0738093413909b6584aee941,1056,67,SERIE for metrics; run/condition for sensitivity summaries,same EVAL series repeated across runs and nested in 67 DAM,outputs/experiments/exp11a_historical_size_sensitivity_v0.3/exp11_metrics_by_run.csv,9b434d7e09e6db7e9de061953b59c53aac2337ad,17ea82be306b81a44760716a0a6f5e55c0b7b5a97e30bc8e12ca59d58ad79958,main=366bf529c29cb999bfd043db33674a510ba184c7; main=a33fc7e10b5bc25a053e982f0ff24ff60eda042f; EXP11A execution=22b18cdc743b4b0f37b8b345215fb747d614d6eb,outputs/experiments/exp11a_historical_size_sensitivity_v0.3/exp11_case_level_ranks.csv,b5d8bc8cec3f07863f01faef79ea3c4e7e55221c,EXP11A_HISTORICAL_BANK_SENSITIVITY:Top-3,none inferential; descriptive sensitivity across coupled size/composition conditions,not assigned,DESCRIPTIVE_ONLY,not applicable because no inferential decision is authorized,H50 D1/D2 paired on seeds 20261001-20261005; other runs are sensitivity replicates,preserve frozen run/condition summaries without new inferential interval,isolated causal bank-size effect | independence of 1056 cases across runs | split 3000/1006,complete-DAM construction changes composition with nominal size,
G3F02-0144,EXP11A_HISTORICAL_BANK_SENSITIVITY,historical-bank sensitivity supporting interpretation boundaries,EXP-11A,DESCRIPTIVE_ONLY,DESCRIPTIVE,H25-R05,EXP11A_RUN_SENSITIVITY,Top-5,frozen Top-5 for one complete-DAM historical-bank run,791,1056,0.7490530303030303,proportion,MATERIALIZED_FROZEN_VALUE,EVAL_V02_CHAPTER_87,3ddb7a0e80d8bfa20b985655f03d6ab65470b40f0738093413909b6584aee941,1056,67,SERIE for metrics; run/condition for sensitivity summaries,same EVAL series repeated across runs and nested in 67 DAM,outputs/experiments/exp11a_historical_size_sensitivity_v0.3/exp11_metrics_by_run.csv,9b434d7e09e6db7e9de061953b59c53aac2337ad,17ea82be306b81a44760716a0a6f5e55c0b7b5a97e30bc8e12ca59d58ad79958,main=366bf529c29cb999bfd043db33674a510ba184c7; main=a33fc7e10b5bc25a053e982f0ff24ff60eda042f; EXP11A execution=22b18cdc743b4b0f37b8b345215fb747d614d6eb,outputs/experiments/exp11a_historical_size_sensitivity_v0.3/exp11_case_level_ranks.csv,b5d8bc8cec3f07863f01faef79ea3c4e7e55221c,EXP11A_HISTORICAL_BANK_SENSITIVITY:Top-5,none inferential; descriptive sensitivity across coupled size/composition conditions,not assigned,DESCRIPTIVE_ONLY,not applicable because no inferential decision is authorized,H50 D1/D2 paired on seeds 20261001-20261005; other runs are sensitivity replicates,preserve frozen run/condition summaries without new inferential interval,isolated causal bank-size effect | independence of 1056 cases across runs | split 3000/1006,complete-DAM construction changes composition with nominal size,
G3F02-0145,EXP11A_HISTORICAL_BANK_SENSITIVITY,historical-bank sensitivity supporting interpretation boundaries,EXP-11A,DESCRIPTIVE_ONLY,DESCRIPTIVE,H25-R05,EXP11A_RUN_SENSITIVITY,Top-10,frozen Top-10 for one complete-DAM historical-bank run,924,1056,0.875,proportion,MATERIALIZED_FROZEN_VALUE,EVAL_V02_CHAPTER_87,3ddb7a0e80d8bfa20b985655f03d6ab65470b40f0738093413909b6584aee941,1056,67,SERIE for metrics; run/condition for sensitivity summaries,same EVAL series repeated across runs and nested in 67 DAM,outputs/experiments/exp11a_historical_size_sensitivity_v0.3/exp11_metrics_by_run.csv,9b434d7e09e6db7e9de061953b59c53aac2337ad,17ea82be306b81a44760716a0a6f5e55c0b7b5a97e30bc8e12ca59d58ad79958,main=366bf529c29cb999bfd043db33674a510ba184c7; main=a33fc7e10b5bc25a053e982f0ff24ff60eda042f; EXP11A execution=22b18cdc743b4b0f37b8b345215fb747d614d6eb,outputs/experiments/exp11a_historical_size_sensitivity_v0.3/exp11_case_level_ranks.csv,b5d8bc8cec3f07863f01faef79ea3c4e7e55221c,EXP11A_HISTORICAL_BANK_SENSITIVITY:Top-10,none inferential; descriptive sensitivity across coupled size/composition conditions,not assigned,DESCRIPTIVE_ONLY,not applicable because no inferential decision is authorized,H50 D1/D2 paired on seeds 20261001-20261005; other runs are sensitivity replicates,preserve frozen run/condition summaries without new inferential interval,isolated causal bank-size effect | independence of 1056 cases across runs | split 3000/1006,complete-DAM construction changes composition with nominal size,
G3F02-0146,EXP11A_HISTORICAL_BANK_SENSITIVITY,historical-bank sensitivity supporting interpretation boundaries,EXP-11A,DESCRIPTIVE_ONLY,DESCRIPTIVE,H25-R05,EXP11A_RUN_SENSITIVITY,Top-50,frozen Top-50 for one complete-DAM historical-bank run,1044,1056,0.9886363636363636,proportion,MATERIALIZED_FROZEN_VALUE,EVAL_V02_CHAPTER_87,3ddb7a0e80d8bfa20b985655f03d6ab65470b40f0738093413909b6584aee941,1056,67,SERIE for metrics; run/condition for sensitivity summaries,same EVAL series repeated across runs and nested in 67 DAM,outputs/experiments/exp11a_historical_size_sensitivity_v0.3/exp11_metrics_by_run.csv,9b434d7e09e6db7e9de061953b59c53aac2337ad,17ea82be306b81a44760716a0a6f5e55c0b7b5a97e30bc8e12ca59d58ad79958,main=366bf529c29cb999bfd043db33674a510ba184c7; main=a33fc7e10b5bc25a053e982f0ff24ff60eda042f; EXP11A execution=22b18cdc743b4b0f37b8b345215fb747d614d6eb,outputs/experiments/exp11a_historical_size_sensitivity_v0.3/exp11_case_level_ranks.csv,b5d8bc8cec3f07863f01faef79ea3c4e7e55221c,EXP11A_HISTORICAL_BANK_SENSITIVITY:Top-50,none inferential; descriptive sensitivity across coupled size/composition conditions,not assigned,DESCRIPTIVE_ONLY,not applicable because no inferential decision is authorized,H50 D1/D2 paired on seeds 20261001-20261005; other runs are sensitivity replicates,preserve frozen run/condition summaries without new inferential interval,isolated causal bank-size effect | independence of 1056 cases across runs | split 3000/1006,complete-DAM construction changes composition with nominal size,
G3F02-0147,EXP11A_HISTORICAL_BANK_SENSITIVITY,historical-bank sensitivity supporting interpretation boundaries,EXP-11A,DESCRIPTIVE_ONLY,DESCRIPTIVE,H25-R05,EXP11A_RUN_SENSITIVITY,MRR@100,frozen MRR@100 for one complete-DAM historical-bank run,,1056,0.6341407823167773,mean_reciprocal_rank,SOURCE_VALUE_MATERIALIZED_WITHOUT_NUMERATOR,EVAL_V02_CHAPTER_87,3ddb7a0e80d8bfa20b985655f03d6ab65470b40f0738093413909b6584aee941,1056,67,SERIE for metrics; run/condition for sensitivity summaries,same EVAL series repeated across runs and nested in 67 DAM,outputs/experiments/exp11a_historical_size_sensitivity_v0.3/exp11_metrics_by_run.csv,9b434d7e09e6db7e9de061953b59c53aac2337ad,17ea82be306b81a44760716a0a6f5e55c0b7b5a97e30bc8e12ca59d58ad79958,main=366bf529c29cb999bfd043db33674a510ba184c7; main=a33fc7e10b5bc25a053e982f0ff24ff60eda042f; EXP11A execution=22b18cdc743b4b0f37b8b345215fb747d614d6eb,outputs/experiments/exp11a_historical_size_sensitivity_v0.3/exp11_case_level_ranks.csv,b5d8bc8cec3f07863f01faef79ea3c4e7e55221c,EXP11A_HISTORICAL_BANK_SENSITIVITY:MRR@100,none inferential; descriptive sensitivity across coupled size/composition conditions,not assigned,DESCRIPTIVE_ONLY,not applicable because no inferential decision is authorized,H50 D1/D2 paired on seeds 20261001-20261005; other runs are sensitivity replicates,preserve frozen run/condition summaries without new inferential interval,isolated causal bank-size effect | independence of 1056 cases across runs | split 3000/1006,complete-DAM construction changes composition with nominal size,
G3F02-0148,EXP11A_HISTORICAL_BANK_SENSITIVITY,historical-bank sensitivity supporting interpretation boundaries,EXP-11A,DESCRIPTIVE_ONLY,DESCRIPTIVE,H25-R06,EXP11A_RUN_SENSITIVITY,Top-1,frozen Top-1 for one complete-DAM historical-bank run,552,1056,0.5227272727272727,proportion,MATERIALIZED_FROZEN_VALUE,EVAL_V02_CHAPTER_87,3ddb7a0e80d8bfa20b985655f03d6ab65470b40f0738093413909b6584aee941,1056,67,SERIE for metrics; run/condition for sensitivity summaries,same EVAL series repeated across runs and nested in 67 DAM,outputs/experiments/exp11a_historical_size_sensitivity_v0.3/exp11_metrics_by_run.csv,9b434d7e09e6db7e9de061953b59c53aac2337ad,17ea82be306b81a44760716a0a6f5e55c0b7b5a97e30bc8e12ca59d58ad79958,main=366bf529c29cb999bfd043db33674a510ba184c7; main=a33fc7e10b5bc25a053e982f0ff24ff60eda042f; EXP11A execution=22b18cdc743b4b0f37b8b345215fb747d614d6eb,outputs/experiments/exp11a_historical_size_sensitivity_v0.3/exp11_case_level_ranks.csv,b5d8bc8cec3f07863f01faef79ea3c4e7e55221c,EXP11A_HISTORICAL_BANK_SENSITIVITY:Top-1,none inferential; descriptive sensitivity across coupled size/composition conditions,not assigned,DESCRIPTIVE_ONLY,not applicable because no inferential decision is authorized,H50 D1/D2 paired on seeds 20261001-20261005; other runs are sensitivity replicates,preserve frozen run/condition summaries without new inferential interval,isolated causal bank-size effect | independence of 1056 cases across runs | split 3000/1006,complete-DAM construction changes composition with nominal size,
G3F02-0149,EXP11A_HISTORICAL_BANK_SENSITIVITY,historical-bank sensitivity supporting interpretation boundaries,EXP-11A,DESCRIPTIVE_ONLY,DESCRIPTIVE,H25-R06,EXP11A_RUN_SENSITIVITY,Top-3,frozen Top-3 for one complete-DAM historical-bank run,728,1056,0.6893939393939394,proportion,MATERIALIZED_FROZEN_VALUE,EVAL_V02_CHAPTER_87,3ddb7a0e80d8bfa20b985655f03d6ab65470b40f0738093413909b6584aee941,1056,67,SERIE for metrics; run/condition for sensitivity summaries,same EVAL series repeated across runs and nested in 67 DAM,outputs/experiments/exp11a_historical_size_sensitivity_v0.3/exp11_metrics_by_run.csv,9b434d7e09e6db7e9de061953b59c53aac2337ad,17ea82be306b81a44760716a0a6f5e55c0b7b5a97e30bc8e12ca59d58ad79958,main=366bf529c29cb999bfd043db33674a510ba184c7; main=a33fc7e10b5bc25a053e982f0ff24ff60eda042f; EXP11A execution=22b18cdc743b4b0f37b8b345215fb747d614d6eb,outputs/experiments/exp11a_historical_size_sensitivity_v0.3/exp11_case_level_ranks.csv,b5d8bc8cec3f07863f01faef79ea3c4e7e55221c,EXP11A_HISTORICAL_BANK_SENSITIVITY:Top-3,none inferential; descriptive sensitivity across coupled size/composition conditions,not assigned,DESCRIPTIVE_ONLY,not applicable because no inferential decision is authorized,H50 D1/D2 paired on seeds 20261001-20261005; other runs are sensitivity replicates,preserve frozen run/condition summaries without new inferential interval,isolated causal bank-size effect | independence of 1056 cases across runs | split 3000/1006,complete-DAM construction changes composition with nominal size,
G3F02-0150,EXP11A_HISTORICAL_BANK_SENSITIVITY,historical-bank sensitivity supporting interpretation boundaries,EXP-11A,DESCRIPTIVE_ONLY,DESCRIPTIVE,H25-R06,EXP11A_RUN_SENSITIVITY,Top-5,frozen Top-5 for one complete-DAM historical-bank run,819,1056,0.7755681818181818,proportion,MATERIALIZED_FROZEN_VALUE,EVAL_V02_CHAPTER_87,3ddb7a0e80d8bfa20b985655f03d6ab65470b40f0738093413909b6584aee941,1056,67,SERIE for metrics; run/condition for sensitivity summaries,same EVAL series repeated across runs and nested in 67 DAM,outputs/experiments/exp11a_historical_size_sensitivity_v0.3/exp11_metrics_by_run.csv,9b434d7e09e6db7e9de061953b59c53aac2337ad,17ea82be306b81a44760716a0a6f5e55c0b7b5a97e30bc8e12ca59d58ad79958,main=366bf529c29cb999bfd043db33674a510ba184c7; main=a33fc7e10b5bc25a053e982f0ff24ff60eda042f; EXP11A execution=22b18cdc743b4b0f37b8b345215fb747d614d6eb,outputs/experiments/exp11a_historical_size_sensitivity_v0.3/exp11_case_level_ranks.csv,b5d8bc8cec3f07863f01faef79ea3c4e7e55221c,EXP11A_HISTORICAL_BANK_SENSITIVITY:Top-5,none inferential; descriptive sensitivity across coupled size/composition conditions,not assigned,DESCRIPTIVE_ONLY,not applicable because no inferential decision is authorized,H50 D1/D2 paired on seeds 20261001-20261005; other runs are sensitivity replicates,preserve frozen run/condition summaries without new inferential interval,isolated causal bank-size effect | independence of 1056 cases across runs | split 3000/1006,complete-DAM construction changes composition with nominal size,
G3F02-0151,EXP11A_HISTORICAL_BANK_SENSITIVITY,historical-bank sensitivity supporting interpretation boundaries,EXP-11A,DESCRIPTIVE_ONLY,DESCRIPTIVE,H25-R06,EXP11A_RUN_SENSITIVITY,Top-10,frozen Top-10 for one complete-DAM historical-bank run,937,1056,0.8873106060606061,proportion,MATERIALIZED_FROZEN_VALUE,EVAL_V02_CHAPTER_87,3ddb7a0e80d8bfa20b985655f03d6ab65470b40f0738093413909b6584aee941,1056,67,SERIE for metrics; run/condition for sensitivity summaries,same EVAL series repeated across runs and nested in 67 DAM,outputs/experiments/exp11a_historical_size_sensitivity_v0.3/exp11_metrics_by_run.csv,9b434d7e09e6db7e9de061953b59c53aac2337ad,17ea82be306b81a44760716a0a6f5e55c0b7b5a97e30bc8e12ca59d58ad79958,main=366bf529c29cb999bfd043db33674a510ba184c7; main=a33fc7e10b5bc25a053e982f0ff24ff60eda042f; EXP11A execution=22b18cdc743b4b0f37b8b345215fb747d614d6eb,outputs/experiments/exp11a_historical_size_sensitivity_v0.3/exp11_case_level_ranks.csv,b5d8bc8cec3f07863f01faef79ea3c4e7e55221c,EXP11A_HISTORICAL_BANK_SENSITIVITY:Top-10,none inferential; descriptive sensitivity across coupled size/composition conditions,not assigned,DESCRIPTIVE_ONLY,not applicable because no inferential decision is authorized,H50 D1/D2 paired on seeds 20261001-20261005; other runs are sensitivity replicates,preserve frozen run/condition summaries without new inferential interval,isolated causal bank-size effect | independence of 1056 cases across runs | split 3000/1006,complete-DAM construction changes composition with nominal size,
G3F02-0152,EXP11A_HISTORICAL_BANK_SENSITIVITY,historical-bank sensitivity supporting interpretation boundaries,EXP-11A,DESCRIPTIVE_ONLY,DESCRIPTIVE,H25-R06,EXP11A_RUN_SENSITIVITY,Top-50,frozen Top-50 for one complete-DAM historical-bank run,1043,1056,0.9876893939393939,proportion,MATERIALIZED_FROZEN_VALUE,EVAL_V02_CHAPTER_87,3ddb7a0e80d8bfa20b985655f03d6ab65470b40f0738093413909b6584aee941,1056,67,SERIE for metrics; run/condition for sensitivity summaries,same EVAL series repeated across runs and nested in 67 DAM,outputs/experiments/exp11a_historical_size_sensitivity_v0.3/exp11_metrics_by_run.csv,9b434d7e09e6db7e9de061953b59c53aac2337ad,17ea82be306b81a44760716a0a6f5e55c0b7b5a97e30bc8e12ca59d58ad79958,main=366bf529c29cb999bfd043db33674a510ba184c7; main=a33fc7e10b5bc25a053e982f0ff24ff60eda042f; EXP11A execution=22b18cdc743b4b0f37b8b345215fb747d614d6eb,outputs/experiments/exp11a_historical_size_sensitivity_v0.3/exp11_case_level_ranks.csv,b5d8bc8cec3f07863f01faef79ea3c4e7e55221c,EXP11A_HISTORICAL_BANK_SENSITIVITY:Top-50,none inferential; descriptive sensitivity across coupled size/composition conditions,not assigned,DESCRIPTIVE_ONLY,not applicable because no inferential decision is authorized,H50 D1/D2 paired on seeds 20261001-20261005; other runs are sensitivity replicates,preserve frozen run/condition summaries without new inferential interval,isolated causal bank-size effect | independence of 1056 cases across runs | split 3000/1006,complete-DAM construction changes composition with nominal size,
G3F02-0153,EXP11A_HISTORICAL_BANK_SENSITIVITY,historical-bank sensitivity supporting interpretation boundaries,EXP-11A,DESCRIPTIVE_ONLY,DESCRIPTIVE,H25-R06,EXP11A_RUN_SENSITIVITY,MRR@100,frozen MRR@100 for one complete-DAM historical-bank run,,1056,0.6393941239444982,mean_reciprocal_rank,SOURCE_VALUE_MATERIALIZED_WITHOUT_NUMERATOR,EVAL_V02_CHAPTER_87,3ddb7a0e80d8bfa20b985655f03d6ab65470b40f0738093413909b6584aee941,1056,67,SERIE for metrics; run/condition for sensitivity summaries,same EVAL series repeated across runs and nested in 67 DAM,outputs/experiments/exp11a_historical_size_sensitivity_v0.3/exp11_metrics_by_run.csv,9b434d7e09e6db7e9de061953b59c53aac2337ad,17ea82be306b81a44760716a0a6f5e55c0b7b5a97e30bc8e12ca59d58ad79958,main=366bf529c29cb999bfd043db33674a510ba184c7; main=a33fc7e10b5bc25a053e982f0ff24ff60eda042f; EXP11A execution=22b18cdc743b4b0f37b8b345215fb747d614d6eb,outputs/experiments/exp11a_historical_size_sensitivity_v0.3/exp11_case_level_ranks.csv,b5d8bc8cec3f07863f01faef79ea3c4e7e55221c,EXP11A_HISTORICAL_BANK_SENSITIVITY:MRR@100,none inferential; descriptive sensitivity across coupled size/composition conditions,not assigned,DESCRIPTIVE_ONLY,not applicable because no inferential decision is authorized,H50 D1/D2 paired on seeds 20261001-20261005; other runs are sensitivity replicates,preserve frozen run/condition summaries without new inferential interval,isolated causal bank-size effect | independence of 1056 cases across runs | split 3000/1006,complete-DAM construction changes composition with nominal size,
G3F02-0154,EXP11A_HISTORICAL_BANK_SENSITIVITY,historical-bank sensitivity supporting interpretation boundaries,EXP-11A,DESCRIPTIVE_ONLY,DESCRIPTIVE,H25-R07,EXP11A_RUN_SENSITIVITY,Top-1,frozen Top-1 for one complete-DAM historical-bank run,453,1056,0.4289772727272727,proportion,MATERIALIZED_FROZEN_VALUE,EVAL_V02_CHAPTER_87,3ddb7a0e80d8bfa20b985655f03d6ab65470b40f0738093413909b6584aee941,1056,67,SERIE for metrics; run/condition for sensitivity summaries,same EVAL series repeated across runs and nested in 67 DAM,outputs/experiments/exp11a_historical_size_sensitivity_v0.3/exp11_metrics_by_run.csv,9b434d7e09e6db7e9de061953b59c53aac2337ad,17ea82be306b81a44760716a0a6f5e55c0b7b5a97e30bc8e12ca59d58ad79958,main=366bf529c29cb999bfd043db33674a510ba184c7; main=a33fc7e10b5bc25a053e982f0ff24ff60eda042f; EXP11A execution=22b18cdc743b4b0f37b8b345215fb747d614d6eb,outputs/experiments/exp11a_historical_size_sensitivity_v0.3/exp11_case_level_ranks.csv,b5d8bc8cec3f07863f01faef79ea3c4e7e55221c,EXP11A_HISTORICAL_BANK_SENSITIVITY:Top-1,none inferential; descriptive sensitivity across coupled size/composition conditions,not assigned,DESCRIPTIVE_ONLY,not applicable because no inferential decision is authorized,H50 D1/D2 paired on seeds 20261001-20261005; other runs are sensitivity replicates,preserve frozen run/condition summaries without new inferential interval,isolated causal bank-size effect | independence of 1056 cases across runs | split 3000/1006,complete-DAM construction changes composition with nominal size,
G3F02-0155,EXP11A_HISTORICAL_BANK_SENSITIVITY,historical-bank sensitivity supporting interpretation boundaries,EXP-11A,DESCRIPTIVE_ONLY,DESCRIPTIVE,H25-R07,EXP11A_RUN_SENSITIVITY,Top-3,frozen Top-3 for one complete-DAM historical-bank run,631,1056,0.5975378787878788,proportion,MATERIALIZED_FROZEN_VALUE,EVAL_V02_CHAPTER_87,3ddb7a0e80d8bfa20b985655f03d6ab65470b40f0738093413909b6584aee941,1056,67,SERIE for metrics; run/condition for sensitivity summaries,same EVAL series repeated across runs and nested in 67 DAM,outputs/experiments/exp11a_historical_size_sensitivity_v0.3/exp11_metrics_by_run.csv,9b434d7e09e6db7e9de061953b59c53aac2337ad,17ea82be306b81a44760716a0a6f5e55c0b7b5a97e30bc8e12ca59d58ad79958,main=366bf529c29cb999bfd043db33674a510ba184c7; main=a33fc7e10b5bc25a053e982f0ff24ff60eda042f; EXP11A execution=22b18cdc743b4b0f37b8b345215fb747d614d6eb,outputs/experiments/exp11a_historical_size_sensitivity_v0.3/exp11_case_level_ranks.csv,b5d8bc8cec3f07863f01faef79ea3c4e7e55221c,EXP11A_HISTORICAL_BANK_SENSITIVITY:Top-3,none inferential; descriptive sensitivity across coupled size/composition conditions,not assigned,DESCRIPTIVE_ONLY,not applicable because no inferential decision is authorized,H50 D1/D2 paired on seeds 20261001-20261005; other runs are sensitivity replicates,preserve frozen run/condition summaries without new inferential interval,isolated causal bank-size effect | independence of 1056 cases across runs | split 3000/1006,complete-DAM construction changes composition with nominal size,
G3F02-0156,EXP11A_HISTORICAL_BANK_SENSITIVITY,historical-bank sensitivity supporting interpretation boundaries,EXP-11A,DESCRIPTIVE_ONLY,DESCRIPTIVE,H25-R07,EXP11A_RUN_SENSITIVITY,Top-5,frozen Top-5 for one complete-DAM historical-bank run,754,1056,0.7140151515151515,proportion,MATERIALIZED_FROZEN_VALUE,EVAL_V02_CHAPTER_87,3ddb7a0e80d8bfa20b985655f03d6ab65470b40f0738093413909b6584aee941,1056,67,SERIE for metrics; run/condition for sensitivity summaries,same EVAL series repeated across runs and nested in 67 DAM,outputs/experiments/exp11a_historical_size_sensitivity_v0.3/exp11_metrics_by_run.csv,9b434d7e09e6db7e9de061953b59c53aac2337ad,17ea82be306b81a44760716a0a6f5e55c0b7b5a97e30bc8e12ca59d58ad79958,main=366bf529c29cb999bfd043db33674a510ba184c7; main=a33fc7e10b5bc25a053e982f0ff24ff60eda042f; EXP11A execution=22b18cdc743b4b0f37b8b345215fb747d614d6eb,outputs/experiments/exp11a_historical_size_sensitivity_v0.3/exp11_case_level_ranks.csv,b5d8bc8cec3f07863f01faef79ea3c4e7e55221c,EXP11A_HISTORICAL_BANK_SENSITIVITY:Top-5,none inferential; descriptive sensitivity across coupled size/composition conditions,not assigned,DESCRIPTIVE_ONLY,not applicable because no inferential decision is authorized,H50 D1/D2 paired on seeds 20261001-20261005; other runs are sensitivity replicates,preserve frozen run/condition summaries without new inferential interval,isolated causal bank-size effect | independence of 1056 cases across runs | split 3000/1006,complete-DAM construction changes composition with nominal size,
G3F02-0157,EXP11A_HISTORICAL_BANK_SENSITIVITY,historical-bank sensitivity supporting interpretation boundaries,EXP-11A,DESCRIPTIVE_ONLY,DESCRIPTIVE,H25-R07,EXP11A_RUN_SENSITIVITY,Top-10,frozen Top-10 for one complete-DAM historical-bank run,856,1056,0.8106060606060606,proportion,MATERIALIZED_FROZEN_VALUE,EVAL_V02_CHAPTER_87,3ddb7a0e80d8bfa20b985655f03d6ab65470b40f0738093413909b6584aee941,1056,67,SERIE for metrics; run/condition for sensitivity summaries,same EVAL series repeated across runs and nested in 67 DAM,outputs/experiments/exp11a_historical_size_sensitivity_v0.3/exp11_metrics_by_run.csv,9b434d7e09e6db7e9de061953b59c53aac2337ad,17ea82be306b81a44760716a0a6f5e55c0b7b5a97e30bc8e12ca59d58ad79958,main=366bf529c29cb999bfd043db33674a510ba184c7; main=a33fc7e10b5bc25a053e982f0ff24ff60eda042f; EXP11A execution=22b18cdc743b4b0f37b8b345215fb747d614d6eb,outputs/experiments/exp11a_historical_size_sensitivity_v0.3/exp11_case_level_ranks.csv,b5d8bc8cec3f07863f01faef79ea3c4e7e55221c,EXP11A_HISTORICAL_BANK_SENSITIVITY:Top-10,none inferential; descriptive sensitivity across coupled size/composition conditions,not assigned,DESCRIPTIVE_ONLY,not applicable because no inferential decision is authorized,H50 D1/D2 paired on seeds 20261001-20261005; other runs are sensitivity replicates,preserve frozen run/condition summaries without new inferential interval,isolated causal bank-size effect | independence of 1056 cases across runs | split 3000/1006,complete-DAM construction changes composition with nominal size,
G3F02-0158,EXP11A_HISTORICAL_BANK_SENSITIVITY,historical-bank sensitivity supporting interpretation boundaries,EXP-11A,DESCRIPTIVE_ONLY,DESCRIPTIVE,H25-R07,EXP11A_RUN_SENSITIVITY,Top-50,frozen Top-50 for one complete-DAM historical-bank run,1005,1056,0.9517045454545454,proportion,MATERIALIZED_FROZEN_VALUE,EVAL_V02_CHAPTER_87,3ddb7a0e80d8bfa20b985655f03d6ab65470b40f0738093413909b6584aee941,1056,67,SERIE for metrics; run/condition for sensitivity summaries,same EVAL series repeated across runs and nested in 67 DAM,outputs/experiments/exp11a_historical_size_sensitivity_v0.3/exp11_metrics_by_run.csv,9b434d7e09e6db7e9de061953b59c53aac2337ad,17ea82be306b81a44760716a0a6f5e55c0b7b5a97e30bc8e12ca59d58ad79958,main=366bf529c29cb999bfd043db33674a510ba184c7; main=a33fc7e10b5bc25a053e982f0ff24ff60eda042f; EXP11A execution=22b18cdc743b4b0f37b8b345215fb747d614d6eb,outputs/experiments/exp11a_historical_size_sensitivity_v0.3/exp11_case_level_ranks.csv,b5d8bc8cec3f07863f01faef79ea3c4e7e55221c,EXP11A_HISTORICAL_BANK_SENSITIVITY:Top-50,none inferential; descriptive sensitivity across coupled size/composition conditions,not assigned,DESCRIPTIVE_ONLY,not applicable because no inferential decision is authorized,H50 D1/D2 paired on seeds 20261001-20261005; other runs are sensitivity replicates,preserve frozen run/condition summaries without new inferential interval,isolated causal bank-size effect | independence of 1056 cases across runs | split 3000/1006,complete-DAM construction changes composition with nominal size,
G3F02-0159,EXP11A_HISTORICAL_BANK_SENSITIVITY,historical-bank sensitivity supporting interpretation boundaries,EXP-11A,DESCRIPTIVE_ONLY,DESCRIPTIVE,H25-R07,EXP11A_RUN_SENSITIVITY,MRR@100,frozen MRR@100 for one complete-DAM historical-bank run,,1056,0.5500496782973978,mean_reciprocal_rank,SOURCE_VALUE_MATERIALIZED_WITHOUT_NUMERATOR,EVAL_V02_CHAPTER_87,3ddb7a0e80d8bfa20b985655f03d6ab65470b40f0738093413909b6584aee941,1056,67,SERIE for metrics; run/condition for sensitivity summaries,same EVAL series repeated across runs and nested in 67 DAM,outputs/experiments/exp11a_historical_size_sensitivity_v0.3/exp11_metrics_by_run.csv,9b434d7e09e6db7e9de061953b59c53aac2337ad,17ea82be306b81a44760716a0a6f5e55c0b7b5a97e30bc8e12ca59d58ad79958,main=366bf529c29cb999bfd043db33674a510ba184c7; main=a33fc7e10b5bc25a053e982f0ff24ff60eda042f; EXP11A execution=22b18cdc743b4b0f37b8b345215fb747d614d6eb,outputs/experiments/exp11a_historical_size_sensitivity_v0.3/exp11_case_level_ranks.csv,b5d8bc8cec3f07863f01faef79ea3c4e7e55221c,EXP11A_HISTORICAL_BANK_SENSITIVITY:MRR@100,none inferential; descriptive sensitivity across coupled size/composition conditions,not assigned,DESCRIPTIVE_ONLY,not applicable because no inferential decision is authorized,H50 D1/D2 paired on seeds 20261001-20261005; other runs are sensitivity replicates,preserve frozen run/condition summaries without new inferential interval,isolated causal bank-size effect | independence of 1056 cases across runs | split 3000/1006,complete-DAM construction changes composition with nominal size,
G3F02-0160,EXP11A_HISTORICAL_BANK_SENSITIVITY,historical-bank sensitivity supporting interpretation boundaries,EXP-11A,DESCRIPTIVE_ONLY,DESCRIPTIVE,H25-R08,EXP11A_RUN_SENSITIVITY,Top-1,frozen Top-1 for one complete-DAM historical-bank run,464,1056,0.4393939393939394,proportion,MATERIALIZED_FROZEN_VALUE,EVAL_V02_CHAPTER_87,3ddb7a0e80d8bfa20b985655f03d6ab65470b40f0738093413909b6584aee941,1056,67,SERIE for metrics; run/condition for sensitivity summaries,same EVAL series repeated across runs and nested in 67 DAM,outputs/experiments/exp11a_historical_size_sensitivity_v0.3/exp11_metrics_by_run.csv,9b434d7e09e6db7e9de061953b59c53aac2337ad,17ea82be306b81a44760716a0a6f5e55c0b7b5a97e30bc8e12ca59d58ad79958,main=366bf529c29cb999bfd043db33674a510ba184c7; main=a33fc7e10b5bc25a053e982f0ff24ff60eda042f; EXP11A execution=22b18cdc743b4b0f37b8b345215fb747d614d6eb,outputs/experiments/exp11a_historical_size_sensitivity_v0.3/exp11_case_level_ranks.csv,b5d8bc8cec3f07863f01faef79ea3c4e7e55221c,EXP11A_HISTORICAL_BANK_SENSITIVITY:Top-1,none inferential; descriptive sensitivity across coupled size/composition conditions,not assigned,DESCRIPTIVE_ONLY,not applicable because no inferential decision is authorized,H50 D1/D2 paired on seeds 20261001-20261005; other runs are sensitivity replicates,preserve frozen run/condition summaries without new inferential interval,isolated causal bank-size effect | independence of 1056 cases across runs | split 3000/1006,complete-DAM construction changes composition with nominal size,
G3F02-0161,EXP11A_HISTORICAL_BANK_SENSITIVITY,historical-bank sensitivity supporting interpretation boundaries,EXP-11A,DESCRIPTIVE_ONLY,DESCRIPTIVE,H25-R08,EXP11A_RUN_SENSITIVITY,Top-3,frozen Top-3 for one complete-DAM historical-bank run,614,1056,0.5814393939393939,proportion,MATERIALIZED_FROZEN_VALUE,EVAL_V02_CHAPTER_87,3ddb7a0e80d8bfa20b985655f03d6ab65470b40f0738093413909b6584aee941,1056,67,SERIE for metrics; run/condition for sensitivity summaries,same EVAL series repeated across runs and nested in 67 DAM,outputs/experiments/exp11a_historical_size_sensitivity_v0.3/exp11_metrics_by_run.csv,9b434d7e09e6db7e9de061953b59c53aac2337ad,17ea82be306b81a44760716a0a6f5e55c0b7b5a97e30bc8e12ca59d58ad79958,main=366bf529c29cb999bfd043db33674a510ba184c7; main=a33fc7e10b5bc25a053e982f0ff24ff60eda042f; EXP11A execution=22b18cdc743b4b0f37b8b345215fb747d614d6eb,outputs/experiments/exp11a_historical_size_sensitivity_v0.3/exp11_case_level_ranks.csv,b5d8bc8cec3f07863f01faef79ea3c4e7e55221c,EXP11A_HISTORICAL_BANK_SENSITIVITY:Top-3,none inferential; descriptive sensitivity across coupled size/composition conditions,not assigned,DESCRIPTIVE_ONLY,not applicable because no inferential decision is authorized,H50 D1/D2 paired on seeds 20261001-20261005; other runs are sensitivity replicates,preserve frozen run/condition summaries without new inferential interval,isolated causal bank-size effect | independence of 1056 cases across runs | split 3000/1006,complete-DAM construction changes composition with nominal size,
G3F02-0162,EXP11A_HISTORICAL_BANK_SENSITIVITY,historical-bank sensitivity supporting interpretation boundaries,EXP-11A,DESCRIPTIVE_ONLY,DESCRIPTIVE,H25-R08,EXP11A_RUN_SENSITIVITY,Top-5,frozen Top-5 for one complete-DAM historical-bank run,730,1056,0.6912878787878788,proportion,MATERIALIZED_FROZEN_VALUE,EVAL_V02_CHAPTER_87,3ddb7a0e80d8bfa20b985655f03d6ab65470b40f0738093413909b6584aee941,1056,67,SERIE for metrics; run/condition for sensitivity summaries,same EVAL series repeated across runs and nested in 67 DAM,outputs/experiments/exp11a_historical_size_sensitivity_v0.3/exp11_metrics_by_run.csv,9b434d7e09e6db7e9de061953b59c53aac2337ad,17ea82be306b81a44760716a0a6f5e55c0b7b5a97e30bc8e12ca59d58ad79958,main=366bf529c29cb999bfd043db33674a510ba184c7; main=a33fc7e10b5bc25a053e982f0ff24ff60eda042f; EXP11A execution=22b18cdc743b4b0f37b8b345215fb747d614d6eb,outputs/experiments/exp11a_historical_size_sensitivity_v0.3/exp11_case_level_ranks.csv,b5d8bc8cec3f07863f01faef79ea3c4e7e55221c,EXP11A_HISTORICAL_BANK_SENSITIVITY:Top-5,none inferential; descriptive sensitivity across coupled size/composition conditions,not assigned,DESCRIPTIVE_ONLY,not applicable because no inferential decision is authorized,H50 D1/D2 paired on seeds 20261001-20261005; other runs are sensitivity replicates,preserve frozen run/condition summaries without new inferential interval,isolated causal bank-size effect | independence of 1056 cases across runs | split 3000/1006,complete-DAM construction changes composition with nominal size,
G3F02-0163,EXP11A_HISTORICAL_BANK_SENSITIVITY,historical-bank sensitivity supporting interpretation boundaries,EXP-11A,DESCRIPTIVE_ONLY,DESCRIPTIVE,H25-R08,EXP11A_RUN_SENSITIVITY,Top-10,frozen Top-10 for one complete-DAM historical-bank run,820,1056,0.7765151515151515,proportion,MATERIALIZED_FROZEN_VALUE,EVAL_V02_CHAPTER_87,3ddb7a0e80d8bfa20b985655f03d6ab65470b40f0738093413909b6584aee941,1056,67,SERIE for metrics; run/condition for sensitivity summaries,same EVAL series repeated across runs and nested in 67 DAM,outputs/experiments/exp11a_historical_size_sensitivity_v0.3/exp11_metrics_by_run.csv,9b434d7e09e6db7e9de061953b59c53aac2337ad,17ea82be306b81a44760716a0a6f5e55c0b7b5a97e30bc8e12ca59d58ad79958,main=366bf529c29cb999bfd043db33674a510ba184c7; main=a33fc7e10b5bc25a053e982f0ff24ff60eda042f; EXP11A execution=22b18cdc743b4b0f37b8b345215fb747d614d6eb,outputs/experiments/exp11a_historical_size_sensitivity_v0.3/exp11_case_level_ranks.csv,b5d8bc8cec3f07863f01faef79ea3c4e7e55221c,EXP11A_HISTORICAL_BANK_SENSITIVITY:Top-10,none inferential; descriptive sensitivity across coupled size/composition conditions,not assigned,DESCRIPTIVE_ONLY,not applicable because no inferential decision is authorized,H50 D1/D2 paired on seeds 20261001-20261005; other runs are sensitivity replicates,preserve frozen run/condition summaries without new inferential interval,isolated causal bank-size effect | independence of 1056 cases across runs | split 3000/1006,complete-DAM construction changes composition with nominal size,
G3F02-0164,EXP11A_HISTORICAL_BANK_SENSITIVITY,historical-bank sensitivity supporting interpretation boundaries,EXP-11A,DESCRIPTIVE_ONLY,DESCRIPTIVE,H25-R08,EXP11A_RUN_SENSITIVITY,Top-50,frozen Top-50 for one complete-DAM historical-bank run,1030,1056,0.9753787878787878,proportion,MATERIALIZED_FROZEN_VALUE,EVAL_V02_CHAPTER_87,3ddb7a0e80d8bfa20b985655f03d6ab65470b40f0738093413909b6584aee941,1056,67,SERIE for metrics; run/condition for sensitivity summaries,same EVAL series repeated across runs and nested in 67 DAM,outputs/experiments/exp11a_historical_size_sensitivity_v0.3/exp11_metrics_by_run.csv,9b434d7e09e6db7e9de061953b59c53aac2337ad,17ea82be306b81a44760716a0a6f5e55c0b7b5a97e30bc8e12ca59d58ad79958,main=366bf529c29cb999bfd043db33674a510ba184c7; main=a33fc7e10b5bc25a053e982f0ff24ff60eda042f; EXP11A execution=22b18cdc743b4b0f37b8b345215fb747d614d6eb,outputs/experiments/exp11a_historical_size_sensitivity_v0.3/exp11_case_level_ranks.csv,b5d8bc8cec3f07863f01faef79ea3c4e7e55221c,EXP11A_HISTORICAL_BANK_SENSITIVITY:Top-50,none inferential; descriptive sensitivity across coupled size/composition conditions,not assigned,DESCRIPTIVE_ONLY,not applicable because no inferential decision is authorized,H50 D1/D2 paired on seeds 20261001-20261005; other runs are sensitivity replicates,preserve frozen run/condition summaries without new inferential interval,isolated causal bank-size effect | independence of 1056 cases across runs | split 3000/1006,complete-DAM construction changes composition with nominal size,
G3F02-0165,EXP11A_HISTORICAL_BANK_SENSITIVITY,historical-bank sensitivity supporting interpretation boundaries,EXP-11A,DESCRIPTIVE_ONLY,DESCRIPTIVE,H25-R08,EXP11A_RUN_SENSITIVITY,MRR@100,frozen MRR@100 for one complete-DAM historical-bank run,,1056,0.5497154120860643,mean_reciprocal_rank,SOURCE_VALUE_MATERIALIZED_WITHOUT_NUMERATOR,EVAL_V02_CHAPTER_87,3ddb7a0e80d8bfa20b985655f03d6ab65470b40f0738093413909b6584aee941,1056,67,SERIE for metrics; run/condition for sensitivity summaries,same EVAL series repeated across runs and nested in 67 DAM,outputs/experiments/exp11a_historical_size_sensitivity_v0.3/exp11_metrics_by_run.csv,9b434d7e09e6db7e9de061953b59c53aac2337ad,17ea82be306b81a44760716a0a6f5e55c0b7b5a97e30bc8e12ca59d58ad79958,main=366bf529c29cb999bfd043db33674a510ba184c7; main=a33fc7e10b5bc25a053e982f0ff24ff60eda042f; EXP11A execution=22b18cdc743b4b0f37b8b345215fb747d614d6eb,outputs/experiments/exp11a_historical_size_sensitivity_v0.3/exp11_case_level_ranks.csv,b5d8bc8cec3f07863f01faef79ea3c4e7e55221c,EXP11A_HISTORICAL_BANK_SENSITIVITY:MRR@100,none inferential; descriptive sensitivity across coupled size/composition conditions,not assigned,DESCRIPTIVE_ONLY,not applicable because no inferential decision is authorized,H50 D1/D2 paired on seeds 20261001-20261005; other runs are sensitivity replicates,preserve frozen run/condition summaries without new inferential interval,isolated causal bank-size effect | independence of 1056 cases across runs | split 3000/1006,complete-DAM construction changes composition with nominal size,
G3F02-0166,EXP11A_HISTORICAL_BANK_SENSITIVITY,historical-bank sensitivity supporting interpretation boundaries,EXP-11A,DESCRIPTIVE_ONLY,DESCRIPTIVE,H25-R09,EXP11A_RUN_SENSITIVITY,Top-1,frozen Top-1 for one complete-DAM historical-bank run,563,1056,0.5331439393939394,proportion,MATERIALIZED_FROZEN_VALUE,EVAL_V02_CHAPTER_87,3ddb7a0e80d8bfa20b985655f03d6ab65470b40f0738093413909b6584aee941,1056,67,SERIE for metrics; run/condition for sensitivity summaries,same EVAL series repeated across runs and nested in 67 DAM,outputs/experiments/exp11a_historical_size_sensitivity_v0.3/exp11_metrics_by_run.csv,9b434d7e09e6db7e9de061953b59c53aac2337ad,17ea82be306b81a44760716a0a6f5e55c0b7b5a97e30bc8e12ca59d58ad79958,main=366bf529c29cb999bfd043db33674a510ba184c7; main=a33fc7e10b5bc25a053e982f0ff24ff60eda042f; EXP11A execution=22b18cdc743b4b0f37b8b345215fb747d614d6eb,outputs/experiments/exp11a_historical_size_sensitivity_v0.3/exp11_case_level_ranks.csv,b5d8bc8cec3f07863f01faef79ea3c4e7e55221c,EXP11A_HISTORICAL_BANK_SENSITIVITY:Top-1,none inferential; descriptive sensitivity across coupled size/composition conditions,not assigned,DESCRIPTIVE_ONLY,not applicable because no inferential decision is authorized,H50 D1/D2 paired on seeds 20261001-20261005; other runs are sensitivity replicates,preserve frozen run/condition summaries without new inferential interval,isolated causal bank-size effect | independence of 1056 cases across runs | split 3000/1006,complete-DAM construction changes composition with nominal size,
G3F02-0167,EXP11A_HISTORICAL_BANK_SENSITIVITY,historical-bank sensitivity supporting interpretation boundaries,EXP-11A,DESCRIPTIVE_ONLY,DESCRIPTIVE,H25-R09,EXP11A_RUN_SENSITIVITY,Top-3,frozen Top-3 for one complete-DAM historical-bank run,705,1056,0.6676136363636364,proportion,MATERIALIZED_FROZEN_VALUE,EVAL_V02_CHAPTER_87,3ddb7a0e80d8bfa20b985655f03d6ab65470b40f0738093413909b6584aee941,1056,67,SERIE for metrics; run/condition for sensitivity summaries,same EVAL series repeated across runs and nested in 67 DAM,outputs/experiments/exp11a_historical_size_sensitivity_v0.3/exp11_metrics_by_run.csv,9b434d7e09e6db7e9de061953b59c53aac2337ad,17ea82be306b81a44760716a0a6f5e55c0b7b5a97e30bc8e12ca59d58ad79958,main=366bf529c29cb999bfd043db33674a510ba184c7; main=a33fc7e10b5bc25a053e982f0ff24ff60eda042f; EXP11A execution=22b18cdc743b4b0f37b8b345215fb747d614d6eb,outputs/experiments/exp11a_historical_size_sensitivity_v0.3/exp11_case_level_ranks.csv,b5d8bc8cec3f07863f01faef79ea3c4e7e55221c,EXP11A_HISTORICAL_BANK_SENSITIVITY:Top-3,none inferential; descriptive sensitivity across coupled size/composition conditions,not assigned,DESCRIPTIVE_ONLY,not applicable because no inferential decision is authorized,H50 D1/D2 paired on seeds 20261001-20261005; other runs are sensitivity replicates,preserve frozen run/condition summaries without new inferential interval,isolated causal bank-size effect | independence of 1056 cases across runs | split 3000/1006,complete-DAM construction changes composition with nominal size,
G3F02-0168,EXP11A_HISTORICAL_BANK_SENSITIVITY,historical-bank sensitivity supporting interpretation boundaries,EXP-11A,DESCRIPTIVE_ONLY,DESCRIPTIVE,H25-R09,EXP11A_RUN_SENSITIVITY,Top-5,frozen Top-5 for one complete-DAM historical-bank run,774,1056,0.7329545454545454,proportion,MATERIALIZED_FROZEN_VALUE,EVAL_V02_CHAPTER_87,3ddb7a0e80d8bfa20b985655f03d6ab65470b40f0738093413909b6584aee941,1056,67,SERIE for metrics; run/condition for sensitivity summaries,same EVAL series repeated across runs and nested in 67 DAM,outputs/experiments/exp11a_historical_size_sensitivity_v0.3/exp11_metrics_by_run.csv,9b434d7e09e6db7e9de061953b59c53aac2337ad,17ea82be306b81a44760716a0a6f5e55c0b7b5a97e30bc8e12ca59d58ad79958,main=366bf529c29cb999bfd043db33674a510ba184c7; main=a33fc7e10b5bc25a053e982f0ff24ff60eda042f; EXP11A execution=22b18cdc743b4b0f37b8b345215fb747d614d6eb,outputs/experiments/exp11a_historical_size_sensitivity_v0.3/exp11_case_level_ranks.csv,b5d8bc8cec3f07863f01faef79ea3c4e7e55221c,EXP11A_HISTORICAL_BANK_SENSITIVITY:Top-5,none inferential; descriptive sensitivity across coupled size/composition conditions,not assigned,DESCRIPTIVE_ONLY,not applicable because no inferential decision is authorized,H50 D1/D2 paired on seeds 20261001-20261005; other runs are sensitivity replicates,preserve frozen run/condition summaries without new inferential interval,isolated causal bank-size effect | independence of 1056 cases across runs | split 3000/1006,complete-DAM construction changes composition with nominal size,
G3F02-0169,EXP11A_HISTORICAL_BANK_SENSITIVITY,historical-bank sensitivity supporting interpretation boundaries,EXP-11A,DESCRIPTIVE_ONLY,DESCRIPTIVE,H25-R09,EXP11A_RUN_SENSITIVITY,Top-10,frozen Top-10 for one complete-DAM historical-bank run,915,1056,0.8664772727272727,proportion,MATERIALIZED_FROZEN_VALUE,EVAL_V02_CHAPTER_87,3ddb7a0e80d8bfa20b985655f03d6ab65470b40f0738093413909b6584aee941,1056,67,SERIE for metrics; run/condition for sensitivity summaries,same EVAL series repeated across runs and nested in 67 DAM,outputs/experiments/exp11a_historical_size_sensitivity_v0.3/exp11_metrics_by_run.csv,9b434d7e09e6db7e9de061953b59c53aac2337ad,17ea82be306b81a44760716a0a6f5e55c0b7b5a97e30bc8e12ca59d58ad79958,main=366bf529c29cb999bfd043db33674a510ba184c7; main=a33fc7e10b5bc25a053e982f0ff24ff60eda042f; EXP11A execution=22b18cdc743b4b0f37b8b345215fb747d614d6eb,outputs/experiments/exp11a_historical_size_sensitivity_v0.3/exp11_case_level_ranks.csv,b5d8bc8cec3f07863f01faef79ea3c4e7e55221c,EXP11A_HISTORICAL_BANK_SENSITIVITY:Top-10,none inferential; descriptive sensitivity across coupled size/composition conditions,not assigned,DESCRIPTIVE_ONLY,not applicable because no inferential decision is authorized,H50 D1/D2 paired on seeds 20261001-20261005; other runs are sensitivity replicates,preserve frozen run/condition summaries without new inferential interval,isolated causal bank-size effect | independence of 1056 cases across runs | split 3000/1006,complete-DAM construction changes composition with nominal size,
G3F02-0170,EXP11A_HISTORICAL_BANK_SENSITIVITY,historical-bank sensitivity supporting interpretation boundaries,EXP-11A,DESCRIPTIVE_ONLY,DESCRIPTIVE,H25-R09,EXP11A_RUN_SENSITIVITY,Top-50,frozen Top-50 for one complete-DAM historical-bank run,1024,1056,0.9696969696969697,proportion,MATERIALIZED_FROZEN_VALUE,EVAL_V02_CHAPTER_87,3ddb7a0e80d8bfa20b985655f03d6ab65470b40f0738093413909b6584aee941,1056,67,SERIE for metrics; run/condition for sensitivity summaries,same EVAL series repeated across runs and nested in 67 DAM,outputs/experiments/exp11a_historical_size_sensitivity_v0.3/exp11_metrics_by_run.csv,9b434d7e09e6db7e9de061953b59c53aac2337ad,17ea82be306b81a44760716a0a6f5e55c0b7b5a97e30bc8e12ca59d58ad79958,main=366bf529c29cb999bfd043db33674a510ba184c7; main=a33fc7e10b5bc25a053e982f0ff24ff60eda042f; EXP11A execution=22b18cdc743b4b0f37b8b345215fb747d614d6eb,outputs/experiments/exp11a_historical_size_sensitivity_v0.3/exp11_case_level_ranks.csv,b5d8bc8cec3f07863f01faef79ea3c4e7e55221c,EXP11A_HISTORICAL_BANK_SENSITIVITY:Top-50,none inferential; descriptive sensitivity across coupled size/composition conditions,not assigned,DESCRIPTIVE_ONLY,not applicable because no inferential decision is authorized,H50 D1/D2 paired on seeds 20261001-20261005; other runs are sensitivity replicates,preserve frozen run/condition summaries without new inferential interval,isolated causal bank-size effect | independence of 1056 cases across runs | split 3000/1006,complete-DAM construction changes composition with nominal size,
G3F02-0171,EXP11A_HISTORICAL_BANK_SENSITIVITY,historical-bank sensitivity supporting interpretation boundaries,EXP-11A,DESCRIPTIVE_ONLY,DESCRIPTIVE,H25-R09,EXP11A_RUN_SENSITIVITY,MRR@100,frozen MRR@100 for one complete-DAM historical-bank run,,1056,0.6343239298124481,mean_reciprocal_rank,SOURCE_VALUE_MATERIALIZED_WITHOUT_NUMERATOR,EVAL_V02_CHAPTER_87,3ddb7a0e80d8bfa20b985655f03d6ab65470b40f0738093413909b6584aee941,1056,67,SERIE for metrics; run/condition for sensitivity summaries,same EVAL series repeated across runs and nested in 67 DAM,outputs/experiments/exp11a_historical_size_sensitivity_v0.3/exp11_metrics_by_run.csv,9b434d7e09e6db7e9de061953b59c53aac2337ad,17ea82be306b81a44760716a0a6f5e55c0b7b5a97e30bc8e12ca59d58ad79958,main=366bf529c29cb999bfd043db33674a510ba184c7; main=a33fc7e10b5bc25a053e982f0ff24ff60eda042f; EXP11A execution=22b18cdc743b4b0f37b8b345215fb747d614d6eb,outputs/experiments/exp11a_historical_size_sensitivity_v0.3/exp11_case_level_ranks.csv,b5d8bc8cec3f07863f01faef79ea3c4e7e55221c,EXP11A_HISTORICAL_BANK_SENSITIVITY:MRR@100,none inferential; descriptive sensitivity across coupled size/composition conditions,not assigned,DESCRIPTIVE_ONLY,not applicable because no inferential decision is authorized,H50 D1/D2 paired on seeds 20261001-20261005; other runs are sensitivity replicates,preserve frozen run/condition summaries without new inferential interval,isolated causal bank-size effect | independence of 1056 cases across runs | split 3000/1006,complete-DAM construction changes composition with nominal size,
G3F02-0172,EXP11A_HISTORICAL_BANK_SENSITIVITY,historical-bank sensitivity supporting interpretation boundaries,EXP-11A,DESCRIPTIVE_ONLY,DESCRIPTIVE,H25-R10,EXP11A_RUN_SENSITIVITY,Top-1,frozen Top-1 for one complete-DAM historical-bank run,546,1056,0.5170454545454546,proportion,MATERIALIZED_FROZEN_VALUE,EVAL_V02_CHAPTER_87,3ddb7a0e80d8bfa20b985655f03d6ab65470b40f0738093413909b6584aee941,1056,67,SERIE for metrics; run/condition for sensitivity summaries,same EVAL series repeated across runs and nested in 67 DAM,outputs/experiments/exp11a_historical_size_sensitivity_v0.3/exp11_metrics_by_run.csv,9b434d7e09e6db7e9de061953b59c53aac2337ad,17ea82be306b81a44760716a0a6f5e55c0b7b5a97e30bc8e12ca59d58ad79958,main=366bf529c29cb999bfd043db33674a510ba184c7; main=a33fc7e10b5bc25a053e982f0ff24ff60eda042f; EXP11A execution=22b18cdc743b4b0f37b8b345215fb747d614d6eb,outputs/experiments/exp11a_historical_size_sensitivity_v0.3/exp11_case_level_ranks.csv,b5d8bc8cec3f07863f01faef79ea3c4e7e55221c,EXP11A_HISTORICAL_BANK_SENSITIVITY:Top-1,none inferential; descriptive sensitivity across coupled size/composition conditions,not assigned,DESCRIPTIVE_ONLY,not applicable because no inferential decision is authorized,H50 D1/D2 paired on seeds 20261001-20261005; other runs are sensitivity replicates,preserve frozen run/condition summaries without new inferential interval,isolated causal bank-size effect | independence of 1056 cases across runs | split 3000/1006,complete-DAM construction changes composition with nominal size,
G3F02-0173,EXP11A_HISTORICAL_BANK_SENSITIVITY,historical-bank sensitivity supporting interpretation boundaries,EXP-11A,DESCRIPTIVE_ONLY,DESCRIPTIVE,H25-R10,EXP11A_RUN_SENSITIVITY,Top-3,frozen Top-3 for one complete-DAM historical-bank run,715,1056,0.6770833333333334,proportion,MATERIALIZED_FROZEN_VALUE,EVAL_V02_CHAPTER_87,3ddb7a0e80d8bfa20b985655f03d6ab65470b40f0738093413909b6584aee941,1056,67,SERIE for metrics; run/condition for sensitivity summaries,same EVAL series repeated across runs and nested in 67 DAM,outputs/experiments/exp11a_historical_size_sensitivity_v0.3/exp11_metrics_by_run.csv,9b434d7e09e6db7e9de061953b59c53aac2337ad,17ea82be306b81a44760716a0a6f5e55c0b7b5a97e30bc8e12ca59d58ad79958,main=366bf529c29cb999bfd043db33674a510ba184c7; main=a33fc7e10b5bc25a053e982f0ff24ff60eda042f; EXP11A execution=22b18cdc743b4b0f37b8b345215fb747d614d6eb,outputs/experiments/exp11a_historical_size_sensitivity_v0.3/exp11_case_level_ranks.csv,b5d8bc8cec3f07863f01faef79ea3c4e7e55221c,EXP11A_HISTORICAL_BANK_SENSITIVITY:Top-3,none inferential; descriptive sensitivity across coupled size/composition conditions,not assigned,DESCRIPTIVE_ONLY,not applicable because no inferential decision is authorized,H50 D1/D2 paired on seeds 20261001-20261005; other runs are sensitivity replicates,preserve frozen run/condition summaries without new inferential interval,isolated causal bank-size effect | independence of 1056 cases across runs | split 3000/1006,complete-DAM construction changes composition with nominal size,
G3F02-0174,EXP11A_HISTORICAL_BANK_SENSITIVITY,historical-bank sensitivity supporting interpretation boundaries,EXP-11A,DESCRIPTIVE_ONLY,DESCRIPTIVE,H25-R10,EXP11A_RUN_SENSITIVITY,Top-5,frozen Top-5 for one complete-DAM historical-bank run,826,1056,0.7821969696969697,proportion,MATERIALIZED_FROZEN_VALUE,EVAL_V02_CHAPTER_87,3ddb7a0e80d8bfa20b985655f03d6ab65470b40f0738093413909b6584aee941,1056,67,SERIE for metrics; run/condition for sensitivity summaries,same EVAL series repeated across runs and nested in 67 DAM,outputs/experiments/exp11a_historical_size_sensitivity_v0.3/exp11_metrics_by_run.csv,9b434d7e09e6db7e9de061953b59c53aac2337ad,17ea82be306b81a44760716a0a6f5e55c0b7b5a97e30bc8e12ca59d58ad79958,main=366bf529c29cb999bfd043db33674a510ba184c7; main=a33fc7e10b5bc25a053e982f0ff24ff60eda042f; EXP11A execution=22b18cdc743b4b0f37b8b345215fb747d614d6eb,outputs/experiments/exp11a_historical_size_sensitivity_v0.3/exp11_case_level_ranks.csv,b5d8bc8cec3f07863f01faef79ea3c4e7e55221c,EXP11A_HISTORICAL_BANK_SENSITIVITY:Top-5,none inferential; descriptive sensitivity across coupled size/composition conditions,not assigned,DESCRIPTIVE_ONLY,not applicable because no inferential decision is authorized,H50 D1/D2 paired on seeds 20261001-20261005; other runs are sensitivity replicates,preserve frozen run/condition summaries without new inferential interval,isolated causal bank-size effect | independence of 1056 cases across runs | split 3000/1006,complete-DAM construction changes composition with nominal size,
G3F02-0175,EXP11A_HISTORICAL_BANK_SENSITIVITY,historical-bank sensitivity supporting interpretation boundaries,EXP-11A,DESCRIPTIVE_ONLY,DESCRIPTIVE,H25-R10,EXP11A_RUN_SENSITIVITY,Top-10,frozen Top-10 for one complete-DAM historical-bank run,921,1056,0.8721590909090909,proportion,MATERIALIZED_FROZEN_VALUE,EVAL_V02_CHAPTER_87,3ddb7a0e80d8bfa20b985655f03d6ab65470b40f0738093413909b6584aee941,1056,67,SERIE for metrics; run/condition for sensitivity summaries,same EVAL series repeated across runs and nested in 67 DAM,outputs/experiments/exp11a_historical_size_sensitivity_v0.3/exp11_metrics_by_run.csv,9b434d7e09e6db7e9de061953b59c53aac2337ad,17ea82be306b81a44760716a0a6f5e55c0b7b5a97e30bc8e12ca59d58ad79958,main=366bf529c29cb999bfd043db33674a510ba184c7; main=a33fc7e10b5bc25a053e982f0ff24ff60eda042f; EXP11A execution=22b18cdc743b4b0f37b8b345215fb747d614d6eb,outputs/experiments/exp11a_historical_size_sensitivity_v0.3/exp11_case_level_ranks.csv,b5d8bc8cec3f07863f01faef79ea3c4e7e55221c,EXP11A_HISTORICAL_BANK_SENSITIVITY:Top-10,none inferential; descriptive sensitivity across coupled size/composition conditions,not assigned,DESCRIPTIVE_ONLY,not applicable because no inferential decision is authorized,H50 D1/D2 paired on seeds 20261001-20261005; other runs are sensitivity replicates,preserve frozen run/condition summaries without new inferential interval,isolated causal bank-size effect | independence of 1056 cases across runs | split 3000/1006,complete-DAM construction changes composition with nominal size,
G3F02-0176,EXP11A_HISTORICAL_BANK_SENSITIVITY,historical-bank sensitivity supporting interpretation boundaries,EXP-11A,DESCRIPTIVE_ONLY,DESCRIPTIVE,H25-R10,EXP11A_RUN_SENSITIVITY,Top-50,frozen Top-50 for one complete-DAM historical-bank run,1031,1056,0.9763257575757576,proportion,MATERIALIZED_FROZEN_VALUE,EVAL_V02_CHAPTER_87,3ddb7a0e80d8bfa20b985655f03d6ab65470b40f0738093413909b6584aee941,1056,67,SERIE for metrics; run/condition for sensitivity summaries,same EVAL series repeated across runs and nested in 67 DAM,outputs/experiments/exp11a_historical_size_sensitivity_v0.3/exp11_metrics_by_run.csv,9b434d7e09e6db7e9de061953b59c53aac2337ad,17ea82be306b81a44760716a0a6f5e55c0b7b5a97e30bc8e12ca59d58ad79958,main=366bf529c29cb999bfd043db33674a510ba184c7; main=a33fc7e10b5bc25a053e982f0ff24ff60eda042f; EXP11A execution=22b18cdc743b4b0f37b8b345215fb747d614d6eb,outputs/experiments/exp11a_historical_size_sensitivity_v0.3/exp11_case_level_ranks.csv,b5d8bc8cec3f07863f01faef79ea3c4e7e55221c,EXP11A_HISTORICAL_BANK_SENSITIVITY:Top-50,none inferential; descriptive sensitivity across coupled size/composition conditions,not assigned,DESCRIPTIVE_ONLY,not applicable because no inferential decision is authorized,H50 D1/D2 paired on seeds 20261001-20261005; other runs are sensitivity replicates,preserve frozen run/condition summaries without new inferential interval,isolated causal bank-size effect | independence of 1056 cases across runs | split 3000/1006,complete-DAM construction changes composition with nominal size,
G3F02-0177,EXP11A_HISTORICAL_BANK_SENSITIVITY,historical-bank sensitivity supporting interpretation boundaries,EXP-11A,DESCRIPTIVE_ONLY,DESCRIPTIVE,H25-R10,EXP11A_RUN_SENSITIVITY,MRR@100,frozen MRR@100 for one complete-DAM historical-bank run,,1056,0.6308520045326472,mean_reciprocal_rank,SOURCE_VALUE_MATERIALIZED_WITHOUT_NUMERATOR,EVAL_V02_CHAPTER_87,3ddb7a0e80d8bfa20b985655f03d6ab65470b40f0738093413909b6584aee941,1056,67,SERIE for metrics; run/condition for sensitivity summaries,same EVAL series repeated across runs and nested in 67 DAM,outputs/experiments/exp11a_historical_size_sensitivity_v0.3/exp11_metrics_by_run.csv,9b434d7e09e6db7e9de061953b59c53aac2337ad,17ea82be306b81a44760716a0a6f5e55c0b7b5a97e30bc8e12ca59d58ad79958,main=366bf529c29cb999bfd043db33674a510ba184c7; main=a33fc7e10b5bc25a053e982f0ff24ff60eda042f; EXP11A execution=22b18cdc743b4b0f37b8b345215fb747d614d6eb,outputs/experiments/exp11a_historical_size_sensitivity_v0.3/exp11_case_level_ranks.csv,b5d8bc8cec3f07863f01faef79ea3c4e7e55221c,EXP11A_HISTORICAL_BANK_SENSITIVITY:MRR@100,none inferential; descriptive sensitivity across coupled size/composition conditions,not assigned,DESCRIPTIVE_ONLY,not applicable because no inferential decision is authorized,H50 D1/D2 paired on seeds 20261001-20261005; other runs are sensitivity replicates,preserve frozen run/condition summaries without new inferential interval,isolated causal bank-size effect | independence of 1056 cases across runs | split 3000/1006,complete-DAM construction changes composition with nominal size,
G3F02-0178,EXP11A_HISTORICAL_BANK_SENSITIVITY,historical-bank sensitivity supporting interpretation boundaries,EXP-11A,DESCRIPTIVE_ONLY,DESCRIPTIVE,H50-D1-R01,EXP11A_RUN_SENSITIVITY,Top-1,frozen Top-1 for one complete-DAM historical-bank run,480,1056,0.45454545454545453,proportion,MATERIALIZED_FROZEN_VALUE,EVAL_V02_CHAPTER_87,3ddb7a0e80d8bfa20b985655f03d6ab65470b40f0738093413909b6584aee941,1056,67,SERIE for metrics; run/condition for sensitivity summaries,same EVAL series repeated across runs and nested in 67 DAM,outputs/experiments/exp11a_historical_size_sensitivity_v0.3/exp11_metrics_by_run.csv,9b434d7e09e6db7e9de061953b59c53aac2337ad,17ea82be306b81a44760716a0a6f5e55c0b7b5a97e30bc8e12ca59d58ad79958,main=366bf529c29cb999bfd043db33674a510ba184c7; main=a33fc7e10b5bc25a053e982f0ff24ff60eda042f; EXP11A execution=22b18cdc743b4b0f37b8b345215fb747d614d6eb,outputs/experiments/exp11a_historical_size_sensitivity_v0.3/exp11_case_level_ranks.csv,b5d8bc8cec3f07863f01faef79ea3c4e7e55221c,EXP11A_HISTORICAL_BANK_SENSITIVITY:Top-1,none inferential; descriptive sensitivity across coupled size/composition conditions,not assigned,DESCRIPTIVE_ONLY,not applicable because no inferential decision is authorized,H50 D1/D2 paired on seeds 20261001-20261005; other runs are sensitivity replicates,preserve frozen run/condition summaries without new inferential interval,isolated causal bank-size effect | independence of 1056 cases across runs | split 3000/1006,complete-DAM construction changes composition with nominal size,
G3F02-0179,EXP11A_HISTORICAL_BANK_SENSITIVITY,historical-bank sensitivity supporting interpretation boundaries,EXP-11A,DESCRIPTIVE_ONLY,DESCRIPTIVE,H50-D1-R01,EXP11A_RUN_SENSITIVITY,Top-3,frozen Top-3 for one complete-DAM historical-bank run,680,1056,0.6439393939393939,proportion,MATERIALIZED_FROZEN_VALUE,EVAL_V02_CHAPTER_87,3ddb7a0e80d8bfa20b985655f03d6ab65470b40f0738093413909b6584aee941,1056,67,SERIE for metrics; run/condition for sensitivity summaries,same EVAL series repeated across runs and nested in 67 DAM,outputs/experiments/exp11a_historical_size_sensitivity_v0.3/exp11_metrics_by_run.csv,9b434d7e09e6db7e9de061953b59c53aac2337ad,17ea82be306b81a44760716a0a6f5e55c0b7b5a97e30bc8e12ca59d58ad79958,main=366bf529c29cb999bfd043db33674a510ba184c7; main=a33fc7e10b5bc25a053e982f0ff24ff60eda042f; EXP11A execution=22b18cdc743b4b0f37b8b345215fb747d614d6eb,outputs/experiments/exp11a_historical_size_sensitivity_v0.3/exp11_case_level_ranks.csv,b5d8bc8cec3f07863f01faef79ea3c4e7e55221c,EXP11A_HISTORICAL_BANK_SENSITIVITY:Top-3,none inferential; descriptive sensitivity across coupled size/composition conditions,not assigned,DESCRIPTIVE_ONLY,not applicable because no inferential decision is authorized,H50 D1/D2 paired on seeds 20261001-20261005; other runs are sensitivity replicates,preserve frozen run/condition summaries without new inferential interval,isolated causal bank-size effect | independence of 1056 cases across runs | split 3000/1006,complete-DAM construction changes composition with nominal size,
G3F02-0180,EXP11A_HISTORICAL_BANK_SENSITIVITY,historical-bank sensitivity supporting interpretation boundaries,EXP-11A,DESCRIPTIVE_ONLY,DESCRIPTIVE,H50-D1-R01,EXP11A_RUN_SENSITIVITY,Top-5,frozen Top-5 for one complete-DAM historical-bank run,766,1056,0.7253787878787878,proportion,MATERIALIZED_FROZEN_VALUE,EVAL_V02_CHAPTER_87,3ddb7a0e80d8bfa20b985655f03d6ab65470b40f0738093413909b6584aee941,1056,67,SERIE for metrics; run/condition for sensitivity summaries,same EVAL series repeated across runs and nested in 67 DAM,outputs/experiments/exp11a_historical_size_sensitivity_v0.3/exp11_metrics_by_run.csv,9b434d7e09e6db7e9de061953b59c53aac2337ad,17ea82be306b81a44760716a0a6f5e55c0b7b5a97e30bc8e12ca59d58ad79958,main=366bf529c29cb999bfd043db33674a510ba184c7; main=a33fc7e10b5bc25a053e982f0ff24ff60eda042f; EXP11A execution=22b18cdc743b4b0f37b8b345215fb747d614d6eb,outputs/experiments/exp11a_historical_size_sensitivity_v0.3/exp11_case_level_ranks.csv,b5d8bc8cec3f07863f01faef79ea3c4e7e55221c,EXP11A_HISTORICAL_BANK_SENSITIVITY:Top-5,none inferential; descriptive sensitivity across coupled size/composition conditions,not assigned,DESCRIPTIVE_ONLY,not applicable because no inferential decision is authorized,H50 D1/D2 paired on seeds 20261001-20261005; other runs are sensitivity replicates,preserve frozen run/condition summaries without new inferential interval,isolated causal bank-size effect | independence of 1056 cases across runs | split 3000/1006,complete-DAM construction changes composition with nominal size,
G3F02-0181,EXP11A_HISTORICAL_BANK_SENSITIVITY,historical-bank sensitivity supporting interpretation boundaries,EXP-11A,DESCRIPTIVE_ONLY,DESCRIPTIVE,H50-D1-R01,EXP11A_RUN_SENSITIVITY,Top-10,frozen Top-10 for one complete-DAM historical-bank run,849,1056,0.8039772727272727,proportion,MATERIALIZED_FROZEN_VALUE,EVAL_V02_CHAPTER_87,3ddb7a0e80d8bfa20b985655f03d6ab65470b40f0738093413909b6584aee941,1056,67,SERIE for metrics; run/condition for sensitivity summaries,same EVAL series repeated across runs and nested in 67 DAM,outputs/experiments/exp11a_historical_size_sensitivity_v0.3/exp11_metrics_by_run.csv,9b434d7e09e6db7e9de061953b59c53aac2337ad,17ea82be306b81a44760716a0a6f5e55c0b7b5a97e30bc8e12ca59d58ad79958,main=366bf529c29cb999bfd043db33674a510ba184c7; main=a33fc7e10b5bc25a053e982f0ff24ff60eda042f; EXP11A execution=22b18cdc743b4b0f37b8b345215fb747d614d6eb,outputs/experiments/exp11a_historical_size_sensitivity_v0.3/exp11_case_level_ranks.csv,b5d8bc8cec3f07863f01faef79ea3c4e7e55221c,EXP11A_HISTORICAL_BANK_SENSITIVITY:Top-10,none inferential; descriptive sensitivity across coupled size/composition conditions,not assigned,DESCRIPTIVE_ONLY,not applicable because no inferential decision is authorized,H50 D1/D2 paired on seeds 20261001-20261005; other runs are sensitivity replicates,preserve frozen run/condition summaries without new inferential interval,isolated causal bank-size effect | independence of 1056 cases across runs | split 3000/1006,complete-DAM construction changes composition with nominal size,
G3F02-0182,EXP11A_HISTORICAL_BANK_SENSITIVITY,historical-bank sensitivity supporting interpretation boundaries,EXP-11A,DESCRIPTIVE_ONLY,DESCRIPTIVE,H50-D1-R01,EXP11A_RUN_SENSITIVITY,Top-50,frozen Top-50 for one complete-DAM historical-bank run,931,1056,0.8816287878787878,proportion,MATERIALIZED_FROZEN_VALUE,EVAL_V02_CHAPTER_87,3ddb7a0e80d8bfa20b985655f03d6ab65470b40f0738093413909b6584aee941,1056,67,SERIE for metrics; run/condition for sensitivity summaries,same EVAL series repeated across runs and nested in 67 DAM,outputs/experiments/exp11a_historical_size_sensitivity_v0.3/exp11_metrics_by_run.csv,9b434d7e09e6db7e9de061953b59c53aac2337ad,17ea82be306b81a44760716a0a6f5e55c0b7b5a97e30bc8e12ca59d58ad79958,main=366bf529c29cb999bfd043db33674a510ba184c7; main=a33fc7e10b5bc25a053e982f0ff24ff60eda042f; EXP11A execution=22b18cdc743b4b0f37b8b345215fb747d614d6eb,outputs/experiments/exp11a_historical_size_sensitivity_v0.3/exp11_case_level_ranks.csv,b5d8bc8cec3f07863f01faef79ea3c4e7e55221c,EXP11A_HISTORICAL_BANK_SENSITIVITY:Top-50,none inferential; descriptive sensitivity across coupled size/composition conditions,not assigned,DESCRIPTIVE_ONLY,not applicable because no inferential decision is authorized,H50 D1/D2 paired on seeds 20261001-20261005; other runs are sensitivity replicates,preserve frozen run/condition summaries without new inferential interval,isolated causal bank-size effect | independence of 1056 cases across runs | split 3000/1006,complete-DAM construction changes composition with nominal size,
G3F02-0183,EXP11A_HISTORICAL_BANK_SENSITIVITY,historical-bank sensitivity supporting interpretation boundaries,EXP-11A,DESCRIPTIVE_ONLY,DESCRIPTIVE,H50-D1-R01,EXP11A_RUN_SENSITIVITY,MRR@100,frozen MRR@100 for one complete-DAM historical-bank run,,1056,0.5734894422345885,mean_reciprocal_rank,SOURCE_VALUE_MATERIALIZED_WITHOUT_NUMERATOR,EVAL_V02_CHAPTER_87,3ddb7a0e80d8bfa20b985655f03d6ab65470b40f0738093413909b6584aee941,1056,67,SERIE for metrics; run/condition for sensitivity summaries,same EVAL series repeated across runs and nested in 67 DAM,outputs/experiments/exp11a_historical_size_sensitivity_v0.3/exp11_metrics_by_run.csv,9b434d7e09e6db7e9de061953b59c53aac2337ad,17ea82be306b81a44760716a0a6f5e55c0b7b5a97e30bc8e12ca59d58ad79958,main=366bf529c29cb999bfd043db33674a510ba184c7; main=a33fc7e10b5bc25a053e982f0ff24ff60eda042f; EXP11A execution=22b18cdc743b4b0f37b8b345215fb747d614d6eb,outputs/experiments/exp11a_historical_size_sensitivity_v0.3/exp11_case_level_ranks.csv,b5d8bc8cec3f07863f01faef79ea3c4e7e55221c,EXP11A_HISTORICAL_BANK_SENSITIVITY:MRR@100,none inferential; descriptive sensitivity across coupled size/composition conditions,not assigned,DESCRIPTIVE_ONLY,not applicable because no inferential decision is authorized,H50 D1/D2 paired on seeds 20261001-20261005; other runs are sensitivity replicates,preserve frozen run/condition summaries without new inferential interval,isolated causal bank-size effect | independence of 1056 cases across runs | split 3000/1006,complete-DAM construction changes composition with nominal size,
G3F02-0184,EXP11A_HISTORICAL_BANK_SENSITIVITY,historical-bank sensitivity supporting interpretation boundaries,EXP-11A,DESCRIPTIVE_ONLY,DESCRIPTIVE,H50-D2-R01,EXP11A_RUN_SENSITIVITY,Top-1,frozen Top-1 for one complete-DAM historical-bank run,340,1056,0.32196969696969696,proportion,MATERIALIZED_FROZEN_VALUE,EVAL_V02_CHAPTER_87,3ddb7a0e80d8bfa20b985655f03d6ab65470b40f0738093413909b6584aee941,1056,67,SERIE for metrics; run/condition for sensitivity summaries,same EVAL series repeated across runs and nested in 67 DAM,outputs/experiments/exp11a_historical_size_sensitivity_v0.3/exp11_metrics_by_run.csv,9b434d7e09e6db7e9de061953b59c53aac2337ad,17ea82be306b81a44760716a0a6f5e55c0b7b5a97e30bc8e12ca59d58ad79958,main=366bf529c29cb999bfd043db33674a510ba184c7; main=a33fc7e10b5bc25a053e982f0ff24ff60eda042f; EXP11A execution=22b18cdc743b4b0f37b8b345215fb747d614d6eb,outputs/experiments/exp11a_historical_size_sensitivity_v0.3/exp11_case_level_ranks.csv,b5d8bc8cec3f07863f01faef79ea3c4e7e55221c,EXP11A_HISTORICAL_BANK_SENSITIVITY:Top-1,none inferential; descriptive sensitivity across coupled size/composition conditions,not assigned,DESCRIPTIVE_ONLY,not applicable because no inferential decision is authorized,H50 D1/D2 paired on seeds 20261001-20261005; other runs are sensitivity replicates,preserve frozen run/condition summaries without new inferential interval,isolated causal bank-size effect | independence of 1056 cases across runs | split 3000/1006,complete-DAM construction changes composition with nominal size,
G3F02-0185,EXP11A_HISTORICAL_BANK_SENSITIVITY,historical-bank sensitivity supporting interpretation boundaries,EXP-11A,DESCRIPTIVE_ONLY,DESCRIPTIVE,H50-D2-R01,EXP11A_RUN_SENSITIVITY,Top-3,frozen Top-3 for one complete-DAM historical-bank run,525,1056,0.4971590909090909,proportion,MATERIALIZED_FROZEN_VALUE,EVAL_V02_CHAPTER_87,3ddb7a0e80d8bfa20b985655f03d6ab65470b40f0738093413909b6584aee941,1056,67,SERIE for metrics; run/condition for sensitivity summaries,same EVAL series repeated across runs and nested in 67 DAM,outputs/experiments/exp11a_historical_size_sensitivity_v0.3/exp11_metrics_by_run.csv,9b434d7e09e6db7e9de061953b59c53aac2337ad,17ea82be306b81a44760716a0a6f5e55c0b7b5a97e30bc8e12ca59d58ad79958,main=366bf529c29cb999bfd043db33674a510ba184c7; main=a33fc7e10b5bc25a053e982f0ff24ff60eda042f; EXP11A execution=22b18cdc743b4b0f37b8b345215fb747d614d6eb,outputs/experiments/exp11a_historical_size_sensitivity_v0.3/exp11_case_level_ranks.csv,b5d8bc8cec3f07863f01faef79ea3c4e7e55221c,EXP11A_HISTORICAL_BANK_SENSITIVITY:Top-3,none inferential; descriptive sensitivity across coupled size/composition conditions,not assigned,DESCRIPTIVE_ONLY,not applicable because no inferential decision is authorized,H50 D1/D2 paired on seeds 20261001-20261005; other runs are sensitivity replicates,preserve frozen run/condition summaries without new inferential interval,isolated causal bank-size effect | independence of 1056 cases across runs | split 3000/1006,complete-DAM construction changes composition with nominal size,
G3F02-0186,EXP11A_HISTORICAL_BANK_SENSITIVITY,historical-bank sensitivity supporting interpretation boundaries,EXP-11A,DESCRIPTIVE_ONLY,DESCRIPTIVE,H50-D2-R01,EXP11A_RUN_SENSITIVITY,Top-5,frozen Top-5 for one complete-DAM historical-bank run,605,1056,0.5729166666666666,proportion,MATERIALIZED_FROZEN_VALUE,EVAL_V02_CHAPTER_87,3ddb7a0e80d8bfa20b985655f03d6ab65470b40f0738093413909b6584aee941,1056,67,SERIE for metrics; run/condition for sensitivity summaries,same EVAL series repeated across runs and nested in 67 DAM,outputs/experiments/exp11a_historical_size_sensitivity_v0.3/exp11_metrics_by_run.csv,9b434d7e09e6db7e9de061953b59c53aac2337ad,17ea82be306b81a44760716a0a6f5e55c0b7b5a97e30bc8e12ca59d58ad79958,main=366bf529c29cb999bfd043db33674a510ba184c7; main=a33fc7e10b5bc25a053e982f0ff24ff60eda042f; EXP11A execution=22b18cdc743b4b0f37b8b345215fb747d614d6eb,outputs/experiments/exp11a_historical_size_sensitivity_v0.3/exp11_case_level_ranks.csv,b5d8bc8cec3f07863f01faef79ea3c4e7e55221c,EXP11A_HISTORICAL_BANK_SENSITIVITY:Top-5,none inferential; descriptive sensitivity across coupled size/composition conditions,not assigned,DESCRIPTIVE_ONLY,not applicable because no inferential decision is authorized,H50 D1/D2 paired on seeds 20261001-20261005; other runs are sensitivity replicates,preserve frozen run/condition summaries without new inferential interval,isolated causal bank-size effect | independence of 1056 cases across runs | split 3000/1006,complete-DAM construction changes composition with nominal size,
G3F02-0187,EXP11A_HISTORICAL_BANK_SENSITIVITY,historical-bank sensitivity supporting interpretation boundaries,EXP-11A,DESCRIPTIVE_ONLY,DESCRIPTIVE,H50-D2-R01,EXP11A_RUN_SENSITIVITY,Top-10,frozen Top-10 for one complete-DAM historical-bank run,690,1056,0.6534090909090909,proportion,MATERIALIZED_FROZEN_VALUE,EVAL_V02_CHAPTER_87,3ddb7a0e80d8bfa20b985655f03d6ab65470b40f0738093413909b6584aee941,1056,67,SERIE for metrics; run/condition for sensitivity summaries,same EVAL series repeated across runs and nested in 67 DAM,outputs/experiments/exp11a_historical_size_sensitivity_v0.3/exp11_metrics_by_run.csv,9b434d7e09e6db7e9de061953b59c53aac2337ad,17ea82be306b81a44760716a0a6f5e55c0b7b5a97e30bc8e12ca59d58ad79958,main=366bf529c29cb999bfd043db33674a510ba184c7; main=a33fc7e10b5bc25a053e982f0ff24ff60eda042f; EXP11A execution=22b18cdc743b4b0f37b8b345215fb747d614d6eb,outputs/experiments/exp11a_historical_size_sensitivity_v0.3/exp11_case_level_ranks.csv,b5d8bc8cec3f07863f01faef79ea3c4e7e55221c,EXP11A_HISTORICAL_BANK_SENSITIVITY:Top-10,none inferential; descriptive sensitivity across coupled size/composition conditions,not assigned,DESCRIPTIVE_ONLY,not applicable because no inferential decision is authorized,H50 D1/D2 paired on seeds 20261001-20261005; other runs are sensitivity replicates,preserve frozen run/condition summaries without new inferential interval,isolated causal bank-size effect | independence of 1056 cases across runs | split 3000/1006,complete-DAM construction changes composition with nominal size,
G3F02-0188,EXP11A_HISTORICAL_BANK_SENSITIVITY,historical-bank sensitivity supporting interpretation boundaries,EXP-11A,DESCRIPTIVE_ONLY,DESCRIPTIVE,H50-D2-R01,EXP11A_RUN_SENSITIVITY,Top-50,frozen Top-50 for one complete-DAM historical-bank run,802,1056,0.759469696969697,proportion,MATERIALIZED_FROZEN_VALUE,EVAL_V02_CHAPTER_87,3ddb7a0e80d8bfa20b985655f03d6ab65470b40f0738093413909b6584aee941,1056,67,SERIE for metrics; run/condition for sensitivity summaries,same EVAL series repeated across runs and nested in 67 DAM,outputs/experiments/exp11a_historical_size_sensitivity_v0.3/exp11_metrics_by_run.csv,9b434d7e09e6db7e9de061953b59c53aac2337ad,17ea82be306b81a44760716a0a6f5e55c0b7b5a97e30bc8e12ca59d58ad79958,main=366bf529c29cb999bfd043db33674a510ba184c7; main=a33fc7e10b5bc25a053e982f0ff24ff60eda042f; EXP11A execution=22b18cdc743b4b0f37b8b345215fb747d614d6eb,outputs/experiments/exp11a_historical_size_sensitivity_v0.3/exp11_case_level_ranks.csv,b5d8bc8cec3f07863f01faef79ea3c4e7e55221c,EXP11A_HISTORICAL_BANK_SENSITIVITY:Top-50,none inferential; descriptive sensitivity across coupled size/composition conditions,not assigned,DESCRIPTIVE_ONLY,not applicable because no inferential decision is authorized,H50 D1/D2 paired on seeds 20261001-20261005; other runs are sensitivity replicates,preserve frozen run/condition summaries without new inferential interval,isolated causal bank-size effect | independence of 1056 cases across runs | split 3000/1006,complete-DAM construction changes composition with nominal size,
G3F02-0189,EXP11A_HISTORICAL_BANK_SENSITIVITY,historical-bank sensitivity supporting interpretation boundaries,EXP-11A,DESCRIPTIVE_ONLY,DESCRIPTIVE,H50-D2-R01,EXP11A_RUN_SENSITIVITY,MRR@100,frozen MRR@100 for one complete-DAM historical-bank run,,1056,0.43195391532471633,mean_reciprocal_rank,SOURCE_VALUE_MATERIALIZED_WITHOUT_NUMERATOR,EVAL_V02_CHAPTER_87,3ddb7a0e80d8bfa20b985655f03d6ab65470b40f0738093413909b6584aee941,1056,67,SERIE for metrics; run/condition for sensitivity summaries,same EVAL series repeated across runs and nested in 67 DAM,outputs/experiments/exp11a_historical_size_sensitivity_v0.3/exp11_metrics_by_run.csv,9b434d7e09e6db7e9de061953b59c53aac2337ad,17ea82be306b81a44760716a0a6f5e55c0b7b5a97e30bc8e12ca59d58ad79958,main=366bf529c29cb999bfd043db33674a510ba184c7; main=a33fc7e10b5bc25a053e982f0ff24ff60eda042f; EXP11A execution=22b18cdc743b4b0f37b8b345215fb747d614d6eb,outputs/experiments/exp11a_historical_size_sensitivity_v0.3/exp11_case_level_ranks.csv,b5d8bc8cec3f07863f01faef79ea3c4e7e55221c,EXP11A_HISTORICAL_BANK_SENSITIVITY:MRR@100,none inferential; descriptive sensitivity across coupled size/composition conditions,not assigned,DESCRIPTIVE_ONLY,not applicable because no inferential decision is authorized,H50 D1/D2 paired on seeds 20261001-20261005; other runs are sensitivity replicates,preserve frozen run/condition summaries without new inferential interval,isolated causal bank-size effect | independence of 1056 cases across runs | split 3000/1006,complete-DAM construction changes composition with nominal size,
G3F02-0190,EXP11A_HISTORICAL_BANK_SENSITIVITY,historical-bank sensitivity supporting interpretation boundaries,EXP-11A,DESCRIPTIVE_ONLY,DESCRIPTIVE,H50-D1-R02,EXP11A_RUN_SENSITIVITY,Top-1,frozen Top-1 for one complete-DAM historical-bank run,407,1056,0.3854166666666667,proportion,MATERIALIZED_FROZEN_VALUE,EVAL_V02_CHAPTER_87,3ddb7a0e80d8bfa20b985655f03d6ab65470b40f0738093413909b6584aee941,1056,67,SERIE for metrics; run/condition for sensitivity summaries,same EVAL series repeated across runs and nested in 67 DAM,outputs/experiments/exp11a_historical_size_sensitivity_v0.3/exp11_metrics_by_run.csv,9b434d7e09e6db7e9de061953b59c53aac2337ad,17ea82be306b81a44760716a0a6f5e55c0b7b5a97e30bc8e12ca59d58ad79958,main=366bf529c29cb999bfd043db33674a510ba184c7; main=a33fc7e10b5bc25a053e982f0ff24ff60eda042f; EXP11A execution=22b18cdc743b4b0f37b8b345215fb747d614d6eb,outputs/experiments/exp11a_historical_size_sensitivity_v0.3/exp11_case_level_ranks.csv,b5d8bc8cec3f07863f01faef79ea3c4e7e55221c,EXP11A_HISTORICAL_BANK_SENSITIVITY:Top-1,none inferential; descriptive sensitivity across coupled size/composition conditions,not assigned,DESCRIPTIVE_ONLY,not applicable because no inferential decision is authorized,H50 D1/D2 paired on seeds 20261001-20261005; other runs are sensitivity replicates,preserve frozen run/condition summaries without new inferential interval,isolated causal bank-size effect | independence of 1056 cases across runs | split 3000/1006,complete-DAM construction changes composition with nominal size,
G3F02-0191,EXP11A_HISTORICAL_BANK_SENSITIVITY,historical-bank sensitivity supporting interpretation boundaries,EXP-11A,DESCRIPTIVE_ONLY,DESCRIPTIVE,H50-D1-R02,EXP11A_RUN_SENSITIVITY,Top-3,frozen Top-3 for one complete-DAM historical-bank run,580,1056,0.5492424242424242,proportion,MATERIALIZED_FROZEN_VALUE,EVAL_V02_CHAPTER_87,3ddb7a0e80d8bfa20b985655f03d6ab65470b40f0738093413909b6584aee941,1056,67,SERIE for metrics; run/condition for sensitivity summaries,same EVAL series repeated across runs and nested in 67 DAM,outputs/experiments/exp11a_historical_size_sensitivity_v0.3/exp11_metrics_by_run.csv,9b434d7e09e6db7e9de061953b59c53aac2337ad,17ea82be306b81a44760716a0a6f5e55c0b7b5a97e30bc8e12ca59d58ad79958,main=366bf529c29cb999bfd043db33674a510ba184c7; main=a33fc7e10b5bc25a053e982f0ff24ff60eda042f; EXP11A execution=22b18cdc743b4b0f37b8b345215fb747d614d6eb,outputs/experiments/exp11a_historical_size_sensitivity_v0.3/exp11_case_level_ranks.csv,b5d8bc8cec3f07863f01faef79ea3c4e7e55221c,EXP11A_HISTORICAL_BANK_SENSITIVITY:Top-3,none inferential; descriptive sensitivity across coupled size/composition conditions,not assigned,DESCRIPTIVE_ONLY,not applicable because no inferential decision is authorized,H50 D1/D2 paired on seeds 20261001-20261005; other runs are sensitivity replicates,preserve frozen run/condition summaries without new inferential interval,isolated causal bank-size effect | independence of 1056 cases across runs | split 3000/1006,complete-DAM construction changes composition with nominal size,
G3F02-0192,EXP11A_HISTORICAL_BANK_SENSITIVITY,historical-bank sensitivity supporting interpretation boundaries,EXP-11A,DESCRIPTIVE_ONLY,DESCRIPTIVE,H50-D1-R02,EXP11A_RUN_SENSITIVITY,Top-5,frozen Top-5 for one complete-DAM historical-bank run,665,1056,0.6297348484848485,proportion,MATERIALIZED_FROZEN_VALUE,EVAL_V02_CHAPTER_87,3ddb7a0e80d8bfa20b985655f03d6ab65470b40f0738093413909b6584aee941,1056,67,SERIE for metrics; run/condition for sensitivity summaries,same EVAL series repeated across runs and nested in 67 DAM,outputs/experiments/exp11a_historical_size_sensitivity_v0.3/exp11_metrics_by_run.csv,9b434d7e09e6db7e9de061953b59c53aac2337ad,17ea82be306b81a44760716a0a6f5e55c0b7b5a97e30bc8e12ca59d58ad79958,main=366bf529c29cb999bfd043db33674a510ba184c7; main=a33fc7e10b5bc25a053e982f0ff24ff60eda042f; EXP11A execution=22b18cdc743b4b0f37b8b345215fb747d614d6eb,outputs/experiments/exp11a_historical_size_sensitivity_v0.3/exp11_case_level_ranks.csv,b5d8bc8cec3f07863f01faef79ea3c4e7e55221c,EXP11A_HISTORICAL_BANK_SENSITIVITY:Top-5,none inferential; descriptive sensitivity across coupled size/composition conditions,not assigned,DESCRIPTIVE_ONLY,not applicable because no inferential decision is authorized,H50 D1/D2 paired on seeds 20261001-20261005; other runs are sensitivity replicates,preserve frozen run/condition summaries without new inferential interval,isolated causal bank-size effect | independence of 1056 cases across runs | split 3000/1006,complete-DAM construction changes composition with nominal size,
G3F02-0193,EXP11A_HISTORICAL_BANK_SENSITIVITY,historical-bank sensitivity supporting interpretation boundaries,EXP-11A,DESCRIPTIVE_ONLY,DESCRIPTIVE,H50-D1-R02,EXP11A_RUN_SENSITIVITY,Top-10,frozen Top-10 for one complete-DAM historical-bank run,769,1056,0.728219696969697,proportion,MATERIALIZED_FROZEN_VALUE,EVAL_V02_CHAPTER_87,3ddb7a0e80d8bfa20b985655f03d6ab65470b40f0738093413909b6584aee941,1056,67,SERIE for metrics; run/condition for sensitivity summaries,same EVAL series repeated across runs and nested in 67 DAM,outputs/experiments/exp11a_historical_size_sensitivity_v0.3/exp11_metrics_by_run.csv,9b434d7e09e6db7e9de061953b59c53aac2337ad,17ea82be306b81a44760716a0a6f5e55c0b7b5a97e30bc8e12ca59d58ad79958,main=366bf529c29cb999bfd043db33674a510ba184c7; main=a33fc7e10b5bc25a053e982f0ff24ff60eda042f; EXP11A execution=22b18cdc743b4b0f37b8b345215fb747d614d6eb,outputs/experiments/exp11a_historical_size_sensitivity_v0.3/exp11_case_level_ranks.csv,b5d8bc8cec3f07863f01faef79ea3c4e7e55221c,EXP11A_HISTORICAL_BANK_SENSITIVITY:Top-10,none inferential; descriptive sensitivity across coupled size/composition conditions,not assigned,DESCRIPTIVE_ONLY,not applicable because no inferential decision is authorized,H50 D1/D2 paired on seeds 20261001-20261005; other runs are sensitivity replicates,preserve frozen run/condition summaries without new inferential interval,isolated causal bank-size effect | independence of 1056 cases across runs | split 3000/1006,complete-DAM construction changes composition with nominal size,
G3F02-0194,EXP11A_HISTORICAL_BANK_SENSITIVITY,historical-bank sensitivity supporting interpretation boundaries,EXP-11A,DESCRIPTIVE_ONLY,DESCRIPTIVE,H50-D1-R02,EXP11A_RUN_SENSITIVITY,Top-50,frozen Top-50 for one complete-DAM historical-bank run,1020,1056,0.9659090909090909,proportion,MATERIALIZED_FROZEN_VALUE,EVAL_V02_CHAPTER_87,3ddb7a0e80d8bfa20b985655f03d6ab65470b40f0738093413909b6584aee941,1056,67,SERIE for metrics; run/condition for sensitivity summaries,same EVAL series repeated across runs and nested in 67 DAM,outputs/experiments/exp11a_historical_size_sensitivity_v0.3/exp11_metrics_by_run.csv,9b434d7e09e6db7e9de061953b59c53aac2337ad,17ea82be306b81a44760716a0a6f5e55c0b7b5a97e30bc8e12ca59d58ad79958,main=366bf529c29cb999bfd043db33674a510ba184c7; main=a33fc7e10b5bc25a053e982f0ff24ff60eda042f; EXP11A execution=22b18cdc743b4b0f37b8b345215fb747d614d6eb,outputs/experiments/exp11a_historical_size_sensitivity_v0.3/exp11_case_level_ranks.csv,b5d8bc8cec3f07863f01faef79ea3c4e7e55221c,EXP11A_HISTORICAL_BANK_SENSITIVITY:Top-50,none inferential; descriptive sensitivity across coupled size/composition conditions,not assigned,DESCRIPTIVE_ONLY,not applicable because no inferential decision is authorized,H50 D1/D2 paired on seeds 20261001-20261005; other runs are sensitivity replicates,preserve frozen run/condition summaries without new inferential interval,isolated causal bank-size effect | independence of 1056 cases across runs | split 3000/1006,complete-DAM construction changes composition with nominal size,
G3F02-0195,EXP11A_HISTORICAL_BANK_SENSITIVITY,historical-bank sensitivity supporting interpretation boundaries,EXP-11A,DESCRIPTIVE_ONLY,DESCRIPTIVE,H50-D1-R02,EXP11A_RUN_SENSITIVITY,MRR@100,frozen MRR@100 for one complete-DAM historical-bank run,,1056,0.49635678113706727,mean_reciprocal_rank,SOURCE_VALUE_MATERIALIZED_WITHOUT_NUMERATOR,EVAL_V02_CHAPTER_87,3ddb7a0e80d8bfa20b985655f03d6ab65470b40f0738093413909b6584aee941,1056,67,SERIE for metrics; run/condition for sensitivity summaries,same EVAL series repeated across runs and nested in 67 DAM,outputs/experiments/exp11a_historical_size_sensitivity_v0.3/exp11_metrics_by_run.csv,9b434d7e09e6db7e9de061953b59c53aac2337ad,17ea82be306b81a44760716a0a6f5e55c0b7b5a97e30bc8e12ca59d58ad79958,main=366bf529c29cb999bfd043db33674a510ba184c7; main=a33fc7e10b5bc25a053e982f0ff24ff60eda042f; EXP11A execution=22b18cdc743b4b0f37b8b345215fb747d614d6eb,outputs/experiments/exp11a_historical_size_sensitivity_v0.3/exp11_case_level_ranks.csv,b5d8bc8cec3f07863f01faef79ea3c4e7e55221c,EXP11A_HISTORICAL_BANK_SENSITIVITY:MRR@100,none inferential; descriptive sensitivity across coupled size/composition conditions,not assigned,DESCRIPTIVE_ONLY,not applicable because no inferential decision is authorized,H50 D1/D2 paired on seeds 20261001-20261005; other runs are sensitivity replicates,preserve frozen run/condition summaries without new inferential interval,isolated causal bank-size effect | independence of 1056 cases across runs | split 3000/1006,complete-DAM construction changes composition with nominal size,
G3F02-0196,EXP11A_HISTORICAL_BANK_SENSITIVITY,historical-bank sensitivity supporting interpretation boundaries,EXP-11A,DESCRIPTIVE_ONLY,DESCRIPTIVE,H50-D2-R02,EXP11A_RUN_SENSITIVITY,Top-1,frozen Top-1 for one complete-DAM historical-bank run,543,1056,0.5142045454545454,proportion,MATERIALIZED_FROZEN_VALUE,EVAL_V02_CHAPTER_87,3ddb7a0e80d8bfa20b985655f03d6ab65470b40f0738093413909b6584aee941,1056,67,SERIE for metrics; run/condition for sensitivity summaries,same EVAL series repeated across runs and nested in 67 DAM,outputs/experiments/exp11a_historical_size_sensitivity_v0.3/exp11_metrics_by_run.csv,9b434d7e09e6db7e9de061953b59c53aac2337ad,17ea82be306b81a44760716a0a6f5e55c0b7b5a97e30bc8e12ca59d58ad79958,main=366bf529c29cb999bfd043db33674a510ba184c7; main=a33fc7e10b5bc25a053e982f0ff24ff60eda042f; EXP11A execution=22b18cdc743b4b0f37b8b345215fb747d614d6eb,outputs/experiments/exp11a_historical_size_sensitivity_v0.3/exp11_case_level_ranks.csv,b5d8bc8cec3f07863f01faef79ea3c4e7e55221c,EXP11A_HISTORICAL_BANK_SENSITIVITY:Top-1,none inferential; descriptive sensitivity across coupled size/composition conditions,not assigned,DESCRIPTIVE_ONLY,not applicable because no inferential decision is authorized,H50 D1/D2 paired on seeds 20261001-20261005; other runs are sensitivity replicates,preserve frozen run/condition summaries without new inferential interval,isolated causal bank-size effect | independence of 1056 cases across runs | split 3000/1006,complete-DAM construction changes composition with nominal size,
G3F02-0197,EXP11A_HISTORICAL_BANK_SENSITIVITY,historical-bank sensitivity supporting interpretation boundaries,EXP-11A,DESCRIPTIVE_ONLY,DESCRIPTIVE,H50-D2-R02,EXP11A_RUN_SENSITIVITY,Top-3,frozen Top-3 for one complete-DAM historical-bank run,728,1056,0.6893939393939394,proportion,MATERIALIZED_FROZEN_VALUE,EVAL_V02_CHAPTER_87,3ddb7a0e80d8bfa20b985655f03d6ab65470b40f0738093413909b6584aee941,1056,67,SERIE for metrics; run/condition for sensitivity summaries,same EVAL series repeated across runs and nested in 67 DAM,outputs/experiments/exp11a_historical_size_sensitivity_v0.3/exp11_metrics_by_run.csv,9b434d7e09e6db7e9de061953b59c53aac2337ad,17ea82be306b81a44760716a0a6f5e55c0b7b5a97e30bc8e12ca59d58ad79958,main=366bf529c29cb999bfd043db33674a510ba184c7; main=a33fc7e10b5bc25a053e982f0ff24ff60eda042f; EXP11A execution=22b18cdc743b4b0f37b8b345215fb747d614d6eb,outputs/experiments/exp11a_historical_size_sensitivity_v0.3/exp11_case_level_ranks.csv,b5d8bc8cec3f07863f01faef79ea3c4e7e55221c,EXP11A_HISTORICAL_BANK_SENSITIVITY:Top-3,none inferential; descriptive sensitivity across coupled size/composition conditions,not assigned,DESCRIPTIVE_ONLY,not applicable because no inferential decision is authorized,H50 D1/D2 paired on seeds 20261001-20261005; other runs are sensitivity replicates,preserve frozen run/condition summaries without new inferential interval,isolated causal bank-size effect | independence of 1056 cases across runs | split 3000/1006,complete-DAM construction changes composition with nominal size,
G3F02-0198,EXP11A_HISTORICAL_BANK_SENSITIVITY,historical-bank sensitivity supporting interpretation boundaries,EXP-11A,DESCRIPTIVE_ONLY,DESCRIPTIVE,H50-D2-R02,EXP11A_RUN_SENSITIVITY,Top-5,frozen Top-5 for one complete-DAM historical-bank run,802,1056,0.759469696969697,proportion,MATERIALIZED_FROZEN_VALUE,EVAL_V02_CHAPTER_87,3ddb7a0e80d8bfa20b985655f03d6ab65470b40f0738093413909b6584aee941,1056,67,SERIE for metrics; run/condition for sensitivity summaries,same EVAL series repeated across runs and nested in 67 DAM,outputs/experiments/exp11a_historical_size_sensitivity_v0.3/exp11_metrics_by_run.csv,9b434d7e09e6db7e9de061953b59c53aac2337ad,17ea82be306b81a44760716a0a6f5e55c0b7b5a97e30bc8e12ca59d58ad79958,main=366bf529c29cb999bfd043db33674a510ba184c7; main=a33fc7e10b5bc25a053e982f0ff24ff60eda042f; EXP11A execution=22b18cdc743b4b0f37b8b345215fb747d614d6eb,outputs/experiments/exp11a_historical_size_sensitivity_v0.3/exp11_case_level_ranks.csv,b5d8bc8cec3f07863f01faef79ea3c4e7e55221c,EXP11A_HISTORICAL_BANK_SENSITIVITY:Top-5,none inferential; descriptive sensitivity across coupled size/composition conditions,not assigned,DESCRIPTIVE_ONLY,not applicable because no inferential decision is authorized,H50 D1/D2 paired on seeds 20261001-20261005; other runs are sensitivity replicates,preserve frozen run/condition summaries without new inferential interval,isolated causal bank-size effect | independence of 1056 cases across runs | split 3000/1006,complete-DAM construction changes composition with nominal size,
G3F02-0199,EXP11A_HISTORICAL_BANK_SENSITIVITY,historical-bank sensitivity supporting interpretation boundaries,EXP-11A,DESCRIPTIVE_ONLY,DESCRIPTIVE,H50-D2-R02,EXP11A_RUN_SENSITIVITY,Top-10,frozen Top-10 for one complete-DAM historical-bank run,904,1056,0.8560606060606061,proportion,MATERIALIZED_FROZEN_VALUE,EVAL_V02_CHAPTER_87,3ddb7a0e80d8bfa20b985655f03d6ab65470b40f0738093413909b6584aee941,1056,67,SERIE for metrics; run/condition for sensitivity summaries,same EVAL series repeated across runs and nested in 67 DAM,outputs/experiments/exp11a_historical_size_sensitivity_v0.3/exp11_metrics_by_run.csv,9b434d7e09e6db7e9de061953b59c53aac2337ad,17ea82be306b81a44760716a0a6f5e55c0b7b5a97e30bc8e12ca59d58ad79958,main=366bf529c29cb999bfd043db33674a510ba184c7; main=a33fc7e10b5bc25a053e982f0ff24ff60eda042f; EXP11A execution=22b18cdc743b4b0f37b8b345215fb747d614d6eb,outputs/experiments/exp11a_historical_size_sensitivity_v0.3/exp11_case_level_ranks.csv,b5d8bc8cec3f07863f01faef79ea3c4e7e55221c,EXP11A_HISTORICAL_BANK_SENSITIVITY:Top-10,none inferential; descriptive sensitivity across coupled size/composition conditions,not assigned,DESCRIPTIVE_ONLY,not applicable because no inferential decision is authorized,H50 D1/D2 paired on seeds 20261001-20261005; other runs are sensitivity replicates,preserve frozen run/condition summaries without new inferential interval,isolated causal bank-size effect | independence of 1056 cases across runs | split 3000/1006,complete-DAM construction changes composition with nominal size,
G3F02-0200,EXP11A_HISTORICAL_BANK_SENSITIVITY,historical-bank sensitivity supporting interpretation boundaries,EXP-11A,DESCRIPTIVE_ONLY,DESCRIPTIVE,H50-D2-R02,EXP11A_RUN_SENSITIVITY,Top-50,frozen Top-50 for one complete-DAM historical-bank run,1033,1056,0.978219696969697,proportion,MATERIALIZED_FROZEN_VALUE,EVAL_V02_CHAPTER_87,3ddb7a0e80d8bfa20b985655f03d6ab65470b40f0738093413909b6584aee941,1056,67,SERIE for metrics; run/condition for sensitivity summaries,same EVAL series repeated across runs and nested in 67 DAM,outputs/experiments/exp11a_historical_size_sensitivity_v0.3/exp11_metrics_by_run.csv,9b434d7e09e6db7e9de061953b59c53aac2337ad,17ea82be306b81a44760716a0a6f5e55c0b7b5a97e30bc8e12ca59d58ad79958,main=366bf529c29cb999bfd043db33674a510ba184c7; main=a33fc7e10b5bc25a053e982f0ff24ff60eda042f; EXP11A execution=22b18cdc743b4b0f37b8b345215fb747d614d6eb,outputs/experiments/exp11a_historical_size_sensitivity_v0.3/exp11_case_level_ranks.csv,b5d8bc8cec3f07863f01faef79ea3c4e7e55221c,EXP11A_HISTORICAL_BANK_SENSITIVITY:Top-50,none inferential; descriptive sensitivity across coupled size/composition conditions,not assigned,DESCRIPTIVE_ONLY,not applicable because no inferential decision is authorized,H50 D1/D2 paired on seeds 20261001-20261005; other runs are sensitivity replicates,preserve frozen run/condition summaries without new inferential interval,isolated causal bank-size effect | independence of 1056 cases across runs | split 3000/1006,complete-DAM construction changes composition with nominal size,
G3F02-0201,EXP11A_HISTORICAL_BANK_SENSITIVITY,historical-bank sensitivity supporting interpretation boundaries,EXP-11A,DESCRIPTIVE_ONLY,DESCRIPTIVE,H50-D2-R02,EXP11A_RUN_SENSITIVITY,MRR@100,frozen MRR@100 for one complete-DAM historical-bank run,,1056,0.6238993963170083,mean_reciprocal_rank,SOURCE_VALUE_MATERIALIZED_WITHOUT_NUMERATOR,EVAL_V02_CHAPTER_87,3ddb7a0e80d8bfa20b985655f03d6ab65470b40f0738093413909b6584aee941,1056,67,SERIE for metrics; run/condition for sensitivity summaries,same EVAL series repeated across runs and nested in 67 DAM,outputs/experiments/exp11a_historical_size_sensitivity_v0.3/exp11_metrics_by_run.csv,9b434d7e09e6db7e9de061953b59c53aac2337ad,17ea82be306b81a44760716a0a6f5e55c0b7b5a97e30bc8e12ca59d58ad79958,main=366bf529c29cb999bfd043db33674a510ba184c7; main=a33fc7e10b5bc25a053e982f0ff24ff60eda042f; EXP11A execution=22b18cdc743b4b0f37b8b345215fb747d614d6eb,outputs/experiments/exp11a_historical_size_sensitivity_v0.3/exp11_case_level_ranks.csv,b5d8bc8cec3f07863f01faef79ea3c4e7e55221c,EXP11A_HISTORICAL_BANK_SENSITIVITY:MRR@100,none inferential; descriptive sensitivity across coupled size/composition conditions,not assigned,DESCRIPTIVE_ONLY,not applicable because no inferential decision is authorized,H50 D1/D2 paired on seeds 20261001-20261005; other runs are sensitivity replicates,preserve frozen run/condition summaries without new inferential interval,isolated causal bank-size effect | independence of 1056 cases across runs | split 3000/1006,complete-DAM construction changes composition with nominal size,
G3F02-0202,EXP11A_HISTORICAL_BANK_SENSITIVITY,historical-bank sensitivity supporting interpretation boundaries,EXP-11A,DESCRIPTIVE_ONLY,DESCRIPTIVE,H50-D1-R03,EXP11A_RUN_SENSITIVITY,Top-1,frozen Top-1 for one complete-DAM historical-bank run,454,1056,0.42992424242424243,proportion,MATERIALIZED_FROZEN_VALUE,EVAL_V02_CHAPTER_87,3ddb7a0e80d8bfa20b985655f03d6ab65470b40f0738093413909b6584aee941,1056,67,SERIE for metrics; run/condition for sensitivity summaries,same EVAL series repeated across runs and nested in 67 DAM,outputs/experiments/exp11a_historical_size_sensitivity_v0.3/exp11_metrics_by_run.csv,9b434d7e09e6db7e9de061953b59c53aac2337ad,17ea82be306b81a44760716a0a6f5e55c0b7b5a97e30bc8e12ca59d58ad79958,main=366bf529c29cb999bfd043db33674a510ba184c7; main=a33fc7e10b5bc25a053e982f0ff24ff60eda042f; EXP11A execution=22b18cdc743b4b0f37b8b345215fb747d614d6eb,outputs/experiments/exp11a_historical_size_sensitivity_v0.3/exp11_case_level_ranks.csv,b5d8bc8cec3f07863f01faef79ea3c4e7e55221c,EXP11A_HISTORICAL_BANK_SENSITIVITY:Top-1,none inferential; descriptive sensitivity across coupled size/composition conditions,not assigned,DESCRIPTIVE_ONLY,not applicable because no inferential decision is authorized,H50 D1/D2 paired on seeds 20261001-20261005; other runs are sensitivity replicates,preserve frozen run/condition summaries without new inferential interval,isolated causal bank-size effect | independence of 1056 cases across runs | split 3000/1006,complete-DAM construction changes composition with nominal size,
G3F02-0203,EXP11A_HISTORICAL_BANK_SENSITIVITY,historical-bank sensitivity supporting interpretation boundaries,EXP-11A,DESCRIPTIVE_ONLY,DESCRIPTIVE,H50-D1-R03,EXP11A_RUN_SENSITIVITY,Top-3,frozen Top-3 for one complete-DAM historical-bank run,620,1056,0.5871212121212122,proportion,MATERIALIZED_FROZEN_VALUE,EVAL_V02_CHAPTER_87,3ddb7a0e80d8bfa20b985655f03d6ab65470b40f0738093413909b6584aee941,1056,67,SERIE for metrics; run/condition for sensitivity summaries,same EVAL series repeated across runs and nested in 67 DAM,outputs/experiments/exp11a_historical_size_sensitivity_v0.3/exp11_metrics_by_run.csv,9b434d7e09e6db7e9de061953b59c53aac2337ad,17ea82be306b81a44760716a0a6f5e55c0b7b5a97e30bc8e12ca59d58ad79958,main=366bf529c29cb999bfd043db33674a510ba184c7; main=a33fc7e10b5bc25a053e982f0ff24ff60eda042f; EXP11A execution=22b18cdc743b4b0f37b8b345215fb747d614d6eb,outputs/experiments/exp11a_historical_size_sensitivity_v0.3/exp11_case_level_ranks.csv,b5d8bc8cec3f07863f01faef79ea3c4e7e55221c,EXP11A_HISTORICAL_BANK_SENSITIVITY:Top-3,none inferential; descriptive sensitivity across coupled size/composition conditions,not assigned,DESCRIPTIVE_ONLY,not applicable because no inferential decision is authorized,H50 D1/D2 paired on seeds 20261001-20261005; other runs are sensitivity replicates,preserve frozen run/condition summaries without new inferential interval,isolated causal bank-size effect | independence of 1056 cases across runs | split 3000/1006,complete-DAM construction changes composition with nominal size,
G3F02-0204,EXP11A_HISTORICAL_BANK_SENSITIVITY,historical-bank sensitivity supporting interpretation boundaries,EXP-11A,DESCRIPTIVE_ONLY,DESCRIPTIVE,H50-D1-R03,EXP11A_RUN_SENSITIVITY,Top-5,frozen Top-5 for one complete-DAM historical-bank run,726,1056,0.6875,proportion,MATERIALIZED_FROZEN_VALUE,EVAL_V02_CHAPTER_87,3ddb7a0e80d8bfa20b985655f03d6ab65470b40f0738093413909b6584aee941,1056,67,SERIE for metrics; run/condition for sensitivity summaries,same EVAL series repeated across runs and nested in 67 DAM,outputs/experiments/exp11a_historical_size_sensitivity_v0.3/exp11_metrics_by_run.csv,9b434d7e09e6db7e9de061953b59c53aac2337ad,17ea82be306b81a44760716a0a6f5e55c0b7b5a97e30bc8e12ca59d58ad79958,main=366bf529c29cb999bfd043db33674a510ba184c7; main=a33fc7e10b5bc25a053e982f0ff24ff60eda042f; EXP11A execution=22b18cdc743b4b0f37b8b345215fb747d614d6eb,outputs/experiments/exp11a_historical_size_sensitivity_v0.3/exp11_case_level_ranks.csv,b5d8bc8cec3f07863f01faef79ea3c4e7e55221c,EXP11A_HISTORICAL_BANK_SENSITIVITY:Top-5,none inferential; descriptive sensitivity across coupled size/composition conditions,not assigned,DESCRIPTIVE_ONLY,not applicable because no inferential decision is authorized,H50 D1/D2 paired on seeds 20261001-20261005; other runs are sensitivity replicates,preserve frozen run/condition summaries without new inferential interval,isolated causal bank-size effect | independence of 1056 cases across runs | split 3000/1006,complete-DAM construction changes composition with nominal size,
G3F02-0205,EXP11A_HISTORICAL_BANK_SENSITIVITY,historical-bank sensitivity supporting interpretation boundaries,EXP-11A,DESCRIPTIVE_ONLY,DESCRIPTIVE,H50-D1-R03,EXP11A_RUN_SENSITIVITY,Top-10,frozen Top-10 for one complete-DAM historical-bank run,820,1056,0.7765151515151515,proportion,MATERIALIZED_FROZEN_VALUE,EVAL_V02_CHAPTER_87,3ddb7a0e80d8bfa20b985655f03d6ab65470b40f0738093413909b6584aee941,1056,67,SERIE for metrics; run/condition for sensitivity summaries,same EVAL series repeated across runs and nested in 67 DAM,outputs/experiments/exp11a_historical_size_sensitivity_v0.3/exp11_metrics_by_run.csv,9b434d7e09e6db7e9de061953b59c53aac2337ad,17ea82be306b81a44760716a0a6f5e55c0b7b5a97e30bc8e12ca59d58ad79958,main=366bf529c29cb999bfd043db33674a510ba184c7; main=a33fc7e10b5bc25a053e982f0ff24ff60eda042f; EXP11A execution=22b18cdc743b4b0f37b8b345215fb747d614d6eb,outputs/experiments/exp11a_historical_size_sensitivity_v0.3/exp11_case_level_ranks.csv,b5d8bc8cec3f07863f01faef79ea3c4e7e55221c,EXP11A_HISTORICAL_BANK_SENSITIVITY:Top-10,none inferential; descriptive sensitivity across coupled size/composition conditions,not assigned,DESCRIPTIVE_ONLY,not applicable because no inferential decision is authorized,H50 D1/D2 paired on seeds 20261001-20261005; other runs are sensitivity replicates,preserve frozen run/condition summaries without new inferential interval,isolated causal bank-size effect | independence of 1056 cases across runs | split 3000/1006,complete-DAM construction changes composition with nominal size,
G3F02-0206,EXP11A_HISTORICAL_BANK_SENSITIVITY,historical-bank sensitivity supporting interpretation boundaries,EXP-11A,DESCRIPTIVE_ONLY,DESCRIPTIVE,H50-D1-R03,EXP11A_RUN_SENSITIVITY,Top-50,frozen Top-50 for one complete-DAM historical-bank run,944,1056,0.8939393939393939,proportion,MATERIALIZED_FROZEN_VALUE,EVAL_V02_CHAPTER_87,3ddb7a0e80d8bfa20b985655f03d6ab65470b40f0738093413909b6584aee941,1056,67,SERIE for metrics; run/condition for sensitivity summaries,same EVAL series repeated across runs and nested in 67 DAM,outputs/experiments/exp11a_historical_size_sensitivity_v0.3/exp11_metrics_by_run.csv,9b434d7e09e6db7e9de061953b59c53aac2337ad,17ea82be306b81a44760716a0a6f5e55c0b7b5a97e30bc8e12ca59d58ad79958,main=366bf529c29cb999bfd043db33674a510ba184c7; main=a33fc7e10b5bc25a053e982f0ff24ff60eda042f; EXP11A execution=22b18cdc743b4b0f37b8b345215fb747d614d6eb,outputs/experiments/exp11a_historical_size_sensitivity_v0.3/exp11_case_level_ranks.csv,b5d8bc8cec3f07863f01faef79ea3c4e7e55221c,EXP11A_HISTORICAL_BANK_SENSITIVITY:Top-50,none inferential; descriptive sensitivity across coupled size/composition conditions,not assigned,DESCRIPTIVE_ONLY,not applicable because no inferential decision is authorized,H50 D1/D2 paired on seeds 20261001-20261005; other runs are sensitivity replicates,preserve frozen run/condition summaries without new inferential interval,isolated causal bank-size effect | independence of 1056 cases across runs | split 3000/1006,complete-DAM construction changes composition with nominal size,
G3F02-0207,EXP11A_HISTORICAL_BANK_SENSITIVITY,historical-bank sensitivity supporting interpretation boundaries,EXP-11A,DESCRIPTIVE_ONLY,DESCRIPTIVE,H50-D1-R03,EXP11A_RUN_SENSITIVITY,MRR@100,frozen MRR@100 for one complete-DAM historical-bank run,,1056,0.5370212297015066,mean_reciprocal_rank,SOURCE_VALUE_MATERIALIZED_WITHOUT_NUMERATOR,EVAL_V02_CHAPTER_87,3ddb7a0e80d8bfa20b985655f03d6ab65470b40f0738093413909b6584aee941,1056,67,SERIE for metrics; run/condition for sensitivity summaries,same EVAL series repeated across runs and nested in 67 DAM,outputs/experiments/exp11a_historical_size_sensitivity_v0.3/exp11_metrics_by_run.csv,9b434d7e09e6db7e9de061953b59c53aac2337ad,17ea82be306b81a44760716a0a6f5e55c0b7b5a97e30bc8e12ca59d58ad79958,main=366bf529c29cb999bfd043db33674a510ba184c7; main=a33fc7e10b5bc25a053e982f0ff24ff60eda042f; EXP11A execution=22b18cdc743b4b0f37b8b345215fb747d614d6eb,outputs/experiments/exp11a_historical_size_sensitivity_v0.3/exp11_case_level_ranks.csv,b5d8bc8cec3f07863f01faef79ea3c4e7e55221c,EXP11A_HISTORICAL_BANK_SENSITIVITY:MRR@100,none inferential; descriptive sensitivity across coupled size/composition conditions,not assigned,DESCRIPTIVE_ONLY,not applicable because no inferential decision is authorized,H50 D1/D2 paired on seeds 20261001-20261005; other runs are sensitivity replicates,preserve frozen run/condition summaries without new inferential interval,isolated causal bank-size effect | independence of 1056 cases across runs | split 3000/1006,complete-DAM construction changes composition with nominal size,
G3F02-0208,EXP11A_HISTORICAL_BANK_SENSITIVITY,historical-bank sensitivity supporting interpretation boundaries,EXP-11A,DESCRIPTIVE_ONLY,DESCRIPTIVE,H50-D2-R03,EXP11A_RUN_SENSITIVITY,Top-1,frozen Top-1 for one complete-DAM historical-bank run,446,1056,0.42234848484848486,proportion,MATERIALIZED_FROZEN_VALUE,EVAL_V02_CHAPTER_87,3ddb7a0e80d8bfa20b985655f03d6ab65470b40f0738093413909b6584aee941,1056,67,SERIE for metrics; run/condition for sensitivity summaries,same EVAL series repeated across runs and nested in 67 DAM,outputs/experiments/exp11a_historical_size_sensitivity_v0.3/exp11_metrics_by_run.csv,9b434d7e09e6db7e9de061953b59c53aac2337ad,17ea82be306b81a44760716a0a6f5e55c0b7b5a97e30bc8e12ca59d58ad79958,main=366bf529c29cb999bfd043db33674a510ba184c7; main=a33fc7e10b5bc25a053e982f0ff24ff60eda042f; EXP11A execution=22b18cdc743b4b0f37b8b345215fb747d614d6eb,outputs/experiments/exp11a_historical_size_sensitivity_v0.3/exp11_case_level_ranks.csv,b5d8bc8cec3f07863f01faef79ea3c4e7e55221c,EXP11A_HISTORICAL_BANK_SENSITIVITY:Top-1,none inferential; descriptive sensitivity across coupled size/composition conditions,not assigned,DESCRIPTIVE_ONLY,not applicable because no inferential decision is authorized,H50 D1/D2 paired on seeds 20261001-20261005; other runs are sensitivity replicates,preserve frozen run/condition summaries without new inferential interval,isolated causal bank-size effect | independence of 1056 cases across runs | split 3000/1006,complete-DAM construction changes composition with nominal size,
G3F02-0209,EXP11A_HISTORICAL_BANK_SENSITIVITY,historical-bank sensitivity supporting interpretation boundaries,EXP-11A,DESCRIPTIVE_ONLY,DESCRIPTIVE,H50-D2-R03,EXP11A_RUN_SENSITIVITY,Top-3,frozen Top-3 for one complete-DAM historical-bank run,656,1056,0.6212121212121212,proportion,MATERIALIZED_FROZEN_VALUE,EVAL_V02_CHAPTER_87,3ddb7a0e80d8bfa20b985655f03d6ab65470b40f0738093413909b6584aee941,1056,67,SERIE for metrics; run/condition for sensitivity summaries,same EVAL series repeated across runs and nested in 67 DAM,outputs/experiments/exp11a_historical_size_sensitivity_v0.3/exp11_metrics_by_run.csv,9b434d7e09e6db7e9de061953b59c53aac2337ad,17ea82be306b81a44760716a0a6f5e55c0b7b5a97e30bc8e12ca59d58ad79958,main=366bf529c29cb999bfd043db33674a510ba184c7; main=a33fc7e10b5bc25a053e982f0ff24ff60eda042f; EXP11A execution=22b18cdc743b4b0f37b8b345215fb747d614d6eb,outputs/experiments/exp11a_historical_size_sensitivity_v0.3/exp11_case_level_ranks.csv,b5d8bc8cec3f07863f01faef79ea3c4e7e55221c,EXP11A_HISTORICAL_BANK_SENSITIVITY:Top-3,none inferential; descriptive sensitivity across coupled size/composition conditions,not assigned,DESCRIPTIVE_ONLY,not applicable because no inferential decision is authorized,H50 D1/D2 paired on seeds 20261001-20261005; other runs are sensitivity replicates,preserve frozen run/condition summaries without new inferential interval,isolated causal bank-size effect | independence of 1056 cases across runs | split 3000/1006,complete-DAM construction changes composition with nominal size,
G3F02-0210,EXP11A_HISTORICAL_BANK_SENSITIVITY,historical-bank sensitivity supporting interpretation boundaries,EXP-11A,DESCRIPTIVE_ONLY,DESCRIPTIVE,H50-D2-R03,EXP11A_RUN_SENSITIVITY,Top-5,frozen Top-5 for one complete-DAM historical-bank run,727,1056,0.6884469696969697,proportion,MATERIALIZED_FROZEN_VALUE,EVAL_V02_CHAPTER_87,3ddb7a0e80d8bfa20b985655f03d6ab65470b40f0738093413909b6584aee941,1056,67,SERIE for metrics; run/condition for sensitivity summaries,same EVAL series repeated across runs and nested in 67 DAM,outputs/experiments/exp11a_historical_size_sensitivity_v0.3/exp11_metrics_by_run.csv,9b434d7e09e6db7e9de061953b59c53aac2337ad,17ea82be306b81a44760716a0a6f5e55c0b7b5a97e30bc8e12ca59d58ad79958,main=366bf529c29cb999bfd043db33674a510ba184c7; main=a33fc7e10b5bc25a053e982f0ff24ff60eda042f; EXP11A execution=22b18cdc743b4b0f37b8b345215fb747d614d6eb,outputs/experiments/exp11a_historical_size_sensitivity_v0.3/exp11_case_level_ranks.csv,b5d8bc8cec3f07863f01faef79ea3c4e7e55221c,EXP11A_HISTORICAL_BANK_SENSITIVITY:Top-5,none inferential; descriptive sensitivity across coupled size/composition conditions,not assigned,DESCRIPTIVE_ONLY,not applicable because no inferential decision is authorized,H50 D1/D2 paired on seeds 20261001-20261005; other runs are sensitivity replicates,preserve frozen run/condition summaries without new inferential interval,isolated causal bank-size effect | independence of 1056 cases across runs | split 3000/1006,complete-DAM construction changes composition with nominal size,
G3F02-0211,EXP11A_HISTORICAL_BANK_SENSITIVITY,historical-bank sensitivity supporting interpretation boundaries,EXP-11A,DESCRIPTIVE_ONLY,DESCRIPTIVE,H50-D2-R03,EXP11A_RUN_SENSITIVITY,Top-10,frozen Top-10 for one complete-DAM historical-bank run,838,1056,0.7935606060606061,proportion,MATERIALIZED_FROZEN_VALUE,EVAL_V02_CHAPTER_87,3ddb7a0e80d8bfa20b985655f03d6ab65470b40f0738093413909b6584aee941,1056,67,SERIE for metrics; run/condition for sensitivity summaries,same EVAL series repeated across runs and nested in 67 DAM,outputs/experiments/exp11a_historical_size_sensitivity_v0.3/exp11_metrics_by_run.csv,9b434d7e09e6db7e9de061953b59c53aac2337ad,17ea82be306b81a44760716a0a6f5e55c0b7b5a97e30bc8e12ca59d58ad79958,main=366bf529c29cb999bfd043db33674a510ba184c7; main=a33fc7e10b5bc25a053e982f0ff24ff60eda042f; EXP11A execution=22b18cdc743b4b0f37b8b345215fb747d614d6eb,outputs/experiments/exp11a_historical_size_sensitivity_v0.3/exp11_case_level_ranks.csv,b5d8bc8cec3f07863f01faef79ea3c4e7e55221c,EXP11A_HISTORICAL_BANK_SENSITIVITY:Top-10,none inferential; descriptive sensitivity across coupled size/composition conditions,not assigned,DESCRIPTIVE_ONLY,not applicable because no inferential decision is authorized,H50 D1/D2 paired on seeds 20261001-20261005; other runs are sensitivity replicates,preserve frozen run/condition summaries without new inferential interval,isolated causal bank-size effect | independence of 1056 cases across runs | split 3000/1006,complete-DAM construction changes composition with nominal size,
G3F02-0212,EXP11A_HISTORICAL_BANK_SENSITIVITY,historical-bank sensitivity supporting interpretation boundaries,EXP-11A,DESCRIPTIVE_ONLY,DESCRIPTIVE,H50-D2-R03,EXP11A_RUN_SENSITIVITY,Top-50,frozen Top-50 for one complete-DAM historical-bank run,1034,1056,0.9791666666666666,proportion,MATERIALIZED_FROZEN_VALUE,EVAL_V02_CHAPTER_87,3ddb7a0e80d8bfa20b985655f03d6ab65470b40f0738093413909b6584aee941,1056,67,SERIE for metrics; run/condition for sensitivity summaries,same EVAL series repeated across runs and nested in 67 DAM,outputs/experiments/exp11a_historical_size_sensitivity_v0.3/exp11_metrics_by_run.csv,9b434d7e09e6db7e9de061953b59c53aac2337ad,17ea82be306b81a44760716a0a6f5e55c0b7b5a97e30bc8e12ca59d58ad79958,main=366bf529c29cb999bfd043db33674a510ba184c7; main=a33fc7e10b5bc25a053e982f0ff24ff60eda042f; EXP11A execution=22b18cdc743b4b0f37b8b345215fb747d614d6eb,outputs/experiments/exp11a_historical_size_sensitivity_v0.3/exp11_case_level_ranks.csv,b5d8bc8cec3f07863f01faef79ea3c4e7e55221c,EXP11A_HISTORICAL_BANK_SENSITIVITY:Top-50,none inferential; descriptive sensitivity across coupled size/composition conditions,not assigned,DESCRIPTIVE_ONLY,not applicable because no inferential decision is authorized,H50 D1/D2 paired on seeds 20261001-20261005; other runs are sensitivity replicates,preserve frozen run/condition summaries without new inferential interval,isolated causal bank-size effect | independence of 1056 cases across runs | split 3000/1006,complete-DAM construction changes composition with nominal size,
G3F02-0213,EXP11A_HISTORICAL_BANK_SENSITIVITY,historical-bank sensitivity supporting interpretation boundaries,EXP-11A,DESCRIPTIVE_ONLY,DESCRIPTIVE,H50-D2-R03,EXP11A_RUN_SENSITIVITY,MRR@100,frozen MRR@100 for one complete-DAM historical-bank run,,1056,0.553573572384902,mean_reciprocal_rank,SOURCE_VALUE_MATERIALIZED_WITHOUT_NUMERATOR,EVAL_V02_CHAPTER_87,3ddb7a0e80d8bfa20b985655f03d6ab65470b40f0738093413909b6584aee941,1056,67,SERIE for metrics; run/condition for sensitivity summaries,same EVAL series repeated across runs and nested in 67 DAM,outputs/experiments/exp11a_historical_size_sensitivity_v0.3/exp11_metrics_by_run.csv,9b434d7e09e6db7e9de061953b59c53aac2337ad,17ea82be306b81a44760716a0a6f5e55c0b7b5a97e30bc8e12ca59d58ad79958,main=366bf529c29cb999bfd043db33674a510ba184c7; main=a33fc7e10b5bc25a053e982f0ff24ff60eda042f; EXP11A execution=22b18cdc743b4b0f37b8b345215fb747d614d6eb,outputs/experiments/exp11a_historical_size_sensitivity_v0.3/exp11_case_level_ranks.csv,b5d8bc8cec3f07863f01faef79ea3c4e7e55221c,EXP11A_HISTORICAL_BANK_SENSITIVITY:MRR@100,none inferential; descriptive sensitivity across coupled size/composition conditions,not assigned,DESCRIPTIVE_ONLY,not applicable because no inferential decision is authorized,H50 D1/D2 paired on seeds 20261001-20261005; other runs are sensitivity replicates,preserve frozen run/condition summaries without new inferential interval,isolated causal bank-size effect | independence of 1056 cases across runs | split 3000/1006,complete-DAM construction changes composition with nominal size,
G3F02-0214,EXP11A_HISTORICAL_BANK_SENSITIVITY,historical-bank sensitivity supporting interpretation boundaries,EXP-11A,DESCRIPTIVE_ONLY,DESCRIPTIVE,H50-D1-R04,EXP11A_RUN_SENSITIVITY,Top-1,frozen Top-1 for one complete-DAM historical-bank run,528,1056,0.5,proportion,MATERIALIZED_FROZEN_VALUE,EVAL_V02_CHAPTER_87,3ddb7a0e80d8bfa20b985655f03d6ab65470b40f0738093413909b6584aee941,1056,67,SERIE for metrics; run/condition for sensitivity summaries,same EVAL series repeated across runs and nested in 67 DAM,outputs/experiments/exp11a_historical_size_sensitivity_v0.3/exp11_metrics_by_run.csv,9b434d7e09e6db7e9de061953b59c53aac2337ad,17ea82be306b81a44760716a0a6f5e55c0b7b5a97e30bc8e12ca59d58ad79958,main=366bf529c29cb999bfd043db33674a510ba184c7; main=a33fc7e10b5bc25a053e982f0ff24ff60eda042f; EXP11A execution=22b18cdc743b4b0f37b8b345215fb747d614d6eb,outputs/experiments/exp11a_historical_size_sensitivity_v0.3/exp11_case_level_ranks.csv,b5d8bc8cec3f07863f01faef79ea3c4e7e55221c,EXP11A_HISTORICAL_BANK_SENSITIVITY:Top-1,none inferential; descriptive sensitivity across coupled size/composition conditions,not assigned,DESCRIPTIVE_ONLY,not applicable because no inferential decision is authorized,H50 D1/D2 paired on seeds 20261001-20261005; other runs are sensitivity replicates,preserve frozen run/condition summaries without new inferential interval,isolated causal bank-size effect | independence of 1056 cases across runs | split 3000/1006,complete-DAM construction changes composition with nominal size,
G3F02-0215,EXP11A_HISTORICAL_BANK_SENSITIVITY,historical-bank sensitivity supporting interpretation boundaries,EXP-11A,DESCRIPTIVE_ONLY,DESCRIPTIVE,H50-D1-R04,EXP11A_RUN_SENSITIVITY,Top-3,frozen Top-3 for one complete-DAM historical-bank run,687,1056,0.6505681818181818,proportion,MATERIALIZED_FROZEN_VALUE,EVAL_V02_CHAPTER_87,3ddb7a0e80d8bfa20b985655f03d6ab65470b40f0738093413909b6584aee941,1056,67,SERIE for metrics; run/condition for sensitivity summaries,same EVAL series repeated across runs and nested in 67 DAM,outputs/experiments/exp11a_historical_size_sensitivity_v0.3/exp11_metrics_by_run.csv,9b434d7e09e6db7e9de061953b59c53aac2337ad,17ea82be306b81a44760716a0a6f5e55c0b7b5a97e30bc8e12ca59d58ad79958,main=366bf529c29cb999bfd043db33674a510ba184c7; main=a33fc7e10b5bc25a053e982f0ff24ff60eda042f; EXP11A execution=22b18cdc743b4b0f37b8b345215fb747d614d6eb,outputs/experiments/exp11a_historical_size_sensitivity_v0.3/exp11_case_level_ranks.csv,b5d8bc8cec3f07863f01faef79ea3c4e7e55221c,EXP11A_HISTORICAL_BANK_SENSITIVITY:Top-3,none inferential; descriptive sensitivity across coupled size/composition conditions,not assigned,DESCRIPTIVE_ONLY,not applicable because no inferential decision is authorized,H50 D1/D2 paired on seeds 20261001-20261005; other runs are sensitivity replicates,preserve frozen run/condition summaries without new inferential interval,isolated causal bank-size effect | independence of 1056 cases across runs | split 3000/1006,complete-DAM construction changes composition with nominal size,
G3F02-0216,EXP11A_HISTORICAL_BANK_SENSITIVITY,historical-bank sensitivity supporting interpretation boundaries,EXP-11A,DESCRIPTIVE_ONLY,DESCRIPTIVE,H50-D1-R04,EXP11A_RUN_SENSITIVITY,Top-5,frozen Top-5 for one complete-DAM historical-bank run,765,1056,0.7244318181818182,proportion,MATERIALIZED_FROZEN_VALUE,EVAL_V02_CHAPTER_87,3ddb7a0e80d8bfa20b985655f03d6ab65470b40f0738093413909b6584aee941,1056,67,SERIE for metrics; run/condition for sensitivity summaries,same EVAL series repeated across runs and nested in 67 DAM,outputs/experiments/exp11a_historical_size_sensitivity_v0.3/exp11_metrics_by_run.csv,9b434d7e09e6db7e9de061953b59c53aac2337ad,17ea82be306b81a44760716a0a6f5e55c0b7b5a97e30bc8e12ca59d58ad79958,main=366bf529c29cb999bfd043db33674a510ba184c7; main=a33fc7e10b5bc25a053e982f0ff24ff60eda042f; EXP11A execution=22b18cdc743b4b0f37b8b345215fb747d614d6eb,outputs/experiments/exp11a_historical_size_sensitivity_v0.3/exp11_case_level_ranks.csv,b5d8bc8cec3f07863f01faef79ea3c4e7e55221c,EXP11A_HISTORICAL_BANK_SENSITIVITY:Top-5,none inferential; descriptive sensitivity across coupled size/composition conditions,not assigned,DESCRIPTIVE_ONLY,not applicable because no inferential decision is authorized,H50 D1/D2 paired on seeds 20261001-20261005; other runs are sensitivity replicates,preserve frozen run/condition summaries without new inferential interval,isolated causal bank-size effect | independence of 1056 cases across runs | split 3000/1006,complete-DAM construction changes composition with nominal size,
G3F02-0217,EXP11A_HISTORICAL_BANK_SENSITIVITY,historical-bank sensitivity supporting interpretation boundaries,EXP-11A,DESCRIPTIVE_ONLY,DESCRIPTIVE,H50-D1-R04,EXP11A_RUN_SENSITIVITY,Top-10,frozen Top-10 for one complete-DAM historical-bank run,868,1056,0.821969696969697,proportion,MATERIALIZED_FROZEN_VALUE,EVAL_V02_CHAPTER_87,3ddb7a0e80d8bfa20b985655f03d6ab65470b40f0738093413909b6584aee941,1056,67,SERIE for metrics; run/condition for sensitivity summaries,same EVAL series repeated across runs and nested in 67 DAM,outputs/experiments/exp11a_historical_size_sensitivity_v0.3/exp11_metrics_by_run.csv,9b434d7e09e6db7e9de061953b59c53aac2337ad,17ea82be306b81a44760716a0a6f5e55c0b7b5a97e30bc8e12ca59d58ad79958,main=366bf529c29cb999bfd043db33674a510ba184c7; main=a33fc7e10b5bc25a053e982f0ff24ff60eda042f; EXP11A execution=22b18cdc743b4b0f37b8b345215fb747d614d6eb,outputs/experiments/exp11a_historical_size_sensitivity_v0.3/exp11_case_level_ranks.csv,b5d8bc8cec3f07863f01faef79ea3c4e7e55221c,EXP11A_HISTORICAL_BANK_SENSITIVITY:Top-10,none inferential; descriptive sensitivity across coupled size/composition conditions,not assigned,DESCRIPTIVE_ONLY,not applicable because no inferential decision is authorized,H50 D1/D2 paired on seeds 20261001-20261005; other runs are sensitivity replicates,preserve frozen run/condition summaries without new inferential interval,isolated causal bank-size effect | independence of 1056 cases across runs | split 3000/1006,complete-DAM construction changes composition with nominal size,
G3F02-0218,EXP11A_HISTORICAL_BANK_SENSITIVITY,historical-bank sensitivity supporting interpretation boundaries,EXP-11A,DESCRIPTIVE_ONLY,DESCRIPTIVE,H50-D1-R04,EXP11A_RUN_SENSITIVITY,Top-50,frozen Top-50 for one complete-DAM historical-bank run,1038,1056,0.9829545454545454,proportion,MATERIALIZED_FROZEN_VALUE,EVAL_V02_CHAPTER_87,3ddb7a0e80d8bfa20b985655f03d6ab65470b40f0738093413909b6584aee941,1056,67,SERIE for metrics; run/condition for sensitivity summaries,same EVAL series repeated across runs and nested in 67 DAM,outputs/experiments/exp11a_historical_size_sensitivity_v0.3/exp11_metrics_by_run.csv,9b434d7e09e6db7e9de061953b59c53aac2337ad,17ea82be306b81a44760716a0a6f5e55c0b7b5a97e30bc8e12ca59d58ad79958,main=366bf529c29cb999bfd043db33674a510ba184c7; main=a33fc7e10b5bc25a053e982f0ff24ff60eda042f; EXP11A execution=22b18cdc743b4b0f37b8b345215fb747d614d6eb,outputs/experiments/exp11a_historical_size_sensitivity_v0.3/exp11_case_level_ranks.csv,b5d8bc8cec3f07863f01faef79ea3c4e7e55221c,EXP11A_HISTORICAL_BANK_SENSITIVITY:Top-50,none inferential; descriptive sensitivity across coupled size/composition conditions,not assigned,DESCRIPTIVE_ONLY,not applicable because no inferential decision is authorized,H50 D1/D2 paired on seeds 20261001-20261005; other runs are sensitivity replicates,preserve frozen run/condition summaries without new inferential interval,isolated causal bank-size effect | independence of 1056 cases across runs | split 3000/1006,complete-DAM construction changes composition with nominal size,
G3F02-0219,EXP11A_HISTORICAL_BANK_SENSITIVITY,historical-bank sensitivity supporting interpretation boundaries,EXP-11A,DESCRIPTIVE_ONLY,DESCRIPTIVE,H50-D1-R04,EXP11A_RUN_SENSITIVITY,MRR@100,frozen MRR@100 for one complete-DAM historical-bank run,,1056,0.603770960315055,mean_reciprocal_rank,SOURCE_VALUE_MATERIALIZED_WITHOUT_NUMERATOR,EVAL_V02_CHAPTER_87,3ddb7a0e80d8bfa20b985655f03d6ab65470b40f0738093413909b6584aee941,1056,67,SERIE for metrics; run/condition for sensitivity summaries,same EVAL series repeated across runs and nested in 67 DAM,outputs/experiments/exp11a_historical_size_sensitivity_v0.3/exp11_metrics_by_run.csv,9b434d7e09e6db7e9de061953b59c53aac2337ad,17ea82be306b81a44760716a0a6f5e55c0b7b5a97e30bc8e12ca59d58ad79958,main=366bf529c29cb999bfd043db33674a510ba184c7; main=a33fc7e10b5bc25a053e982f0ff24ff60eda042f; EXP11A execution=22b18cdc743b4b0f37b8b345215fb747d614d6eb,outputs/experiments/exp11a_historical_size_sensitivity_v0.3/exp11_case_level_ranks.csv,b5d8bc8cec3f07863f01faef79ea3c4e7e55221c,EXP11A_HISTORICAL_BANK_SENSITIVITY:MRR@100,none inferential; descriptive sensitivity across coupled size/composition conditions,not assigned,DESCRIPTIVE_ONLY,not applicable because no inferential decision is authorized,H50 D1/D2 paired on seeds 20261001-20261005; other runs are sensitivity replicates,preserve frozen run/condition summaries without new inferential interval,isolated causal bank-size effect | independence of 1056 cases across runs | split 3000/1006,complete-DAM construction changes composition with nominal size,
G3F02-0220,EXP11A_HISTORICAL_BANK_SENSITIVITY,historical-bank sensitivity supporting interpretation boundaries,EXP-11A,DESCRIPTIVE_ONLY,DESCRIPTIVE,H50-D2-R04,EXP11A_RUN_SENSITIVITY,Top-1,frozen Top-1 for one complete-DAM historical-bank run,433,1056,0.4100378787878788,proportion,MATERIALIZED_FROZEN_VALUE,EVAL_V02_CHAPTER_87,3ddb7a0e80d8bfa20b985655f03d6ab65470b40f0738093413909b6584aee941,1056,67,SERIE for metrics; run/condition for sensitivity summaries,same EVAL series repeated across runs and nested in 67 DAM,outputs/experiments/exp11a_historical_size_sensitivity_v0.3/exp11_metrics_by_run.csv,9b434d7e09e6db7e9de061953b59c53aac2337ad,17ea82be306b81a44760716a0a6f5e55c0b7b5a97e30bc8e12ca59d58ad79958,main=366bf529c29cb999bfd043db33674a510ba184c7; main=a33fc7e10b5bc25a053e982f0ff24ff60eda042f; EXP11A execution=22b18cdc743b4b0f37b8b345215fb747d614d6eb,outputs/experiments/exp11a_historical_size_sensitivity_v0.3/exp11_case_level_ranks.csv,b5d8bc8cec3f07863f01faef79ea3c4e7e55221c,EXP11A_HISTORICAL_BANK_SENSITIVITY:Top-1,none inferential; descriptive sensitivity across coupled size/composition conditions,not assigned,DESCRIPTIVE_ONLY,not applicable because no inferential decision is authorized,H50 D1/D2 paired on seeds 20261001-20261005; other runs are sensitivity replicates,preserve frozen run/condition summaries without new inferential interval,isolated causal bank-size effect | independence of 1056 cases across runs | split 3000/1006,complete-DAM construction changes composition with nominal size,
G3F02-0221,EXP11A_HISTORICAL_BANK_SENSITIVITY,historical-bank sensitivity supporting interpretation boundaries,EXP-11A,DESCRIPTIVE_ONLY,DESCRIPTIVE,H50-D2-R04,EXP11A_RUN_SENSITIVITY,Top-3,frozen Top-3 for one complete-DAM historical-bank run,676,1056,0.6401515151515151,proportion,MATERIALIZED_FROZEN_VALUE,EVAL_V02_CHAPTER_87,3ddb7a0e80d8bfa20b985655f03d6ab65470b40f0738093413909b6584aee941,1056,67,SERIE for metrics; run/condition for sensitivity summaries,same EVAL series repeated across runs and nested in 67 DAM,outputs/experiments/exp11a_historical_size_sensitivity_v0.3/exp11_metrics_by_run.csv,9b434d7e09e6db7e9de061953b59c53aac2337ad,17ea82be306b81a44760716a0a6f5e55c0b7b5a97e30bc8e12ca59d58ad79958,main=366bf529c29cb999bfd043db33674a510ba184c7; main=a33fc7e10b5bc25a053e982f0ff24ff60eda042f; EXP11A execution=22b18cdc743b4b0f37b8b345215fb747d614d6eb,outputs/experiments/exp11a_historical_size_sensitivity_v0.3/exp11_case_level_ranks.csv,b5d8bc8cec3f07863f01faef79ea3c4e7e55221c,EXP11A_HISTORICAL_BANK_SENSITIVITY:Top-3,none inferential; descriptive sensitivity across coupled size/composition conditions,not assigned,DESCRIPTIVE_ONLY,not applicable because no inferential decision is authorized,H50 D1/D2 paired on seeds 20261001-20261005; other runs are sensitivity replicates,preserve frozen run/condition summaries without new inferential interval,isolated causal bank-size effect | independence of 1056 cases across runs | split 3000/1006,complete-DAM construction changes composition with nominal size,
G3F02-0222,EXP11A_HISTORICAL_BANK_SENSITIVITY,historical-bank sensitivity supporting interpretation boundaries,EXP-11A,DESCRIPTIVE_ONLY,DESCRIPTIVE,H50-D2-R04,EXP11A_RUN_SENSITIVITY,Top-5,frozen Top-5 for one complete-DAM historical-bank run,767,1056,0.7263257575757576,proportion,MATERIALIZED_FROZEN_VALUE,EVAL_V02_CHAPTER_87,3ddb7a0e80d8bfa20b985655f03d6ab65470b40f0738093413909b6584aee941,1056,67,SERIE for metrics; run/condition for sensitivity summaries,same EVAL series repeated across runs and nested in 67 DAM,outputs/experiments/exp11a_historical_size_sensitivity_v0.3/exp11_metrics_by_run.csv,9b434d7e09e6db7e9de061953b59c53aac2337ad,17ea82be306b81a44760716a0a6f5e55c0b7b5a97e30bc8e12ca59d58ad79958,main=366bf529c29cb999bfd043db33674a510ba184c7; main=a33fc7e10b5bc25a053e982f0ff24ff60eda042f; EXP11A execution=22b18cdc743b4b0f37b8b345215fb747d614d6eb,outputs/experiments/exp11a_historical_size_sensitivity_v0.3/exp11_case_level_ranks.csv,b5d8bc8cec3f07863f01faef79ea3c4e7e55221c,EXP11A_HISTORICAL_BANK_SENSITIVITY:Top-5,none inferential; descriptive sensitivity across coupled size/composition conditions,not assigned,DESCRIPTIVE_ONLY,not applicable because no inferential decision is authorized,H50 D1/D2 paired on seeds 20261001-20261005; other runs are sensitivity replicates,preserve frozen run/condition summaries without new inferential interval,isolated causal bank-size effect | independence of 1056 cases across runs | split 3000/1006,complete-DAM construction changes composition with nominal size,
G3F02-0223,EXP11A_HISTORICAL_BANK_SENSITIVITY,historical-bank sensitivity supporting interpretation boundaries,EXP-11A,DESCRIPTIVE_ONLY,DESCRIPTIVE,H50-D2-R04,EXP11A_RUN_SENSITIVITY,Top-10,frozen Top-10 for one complete-DAM historical-bank run,894,1056,0.8465909090909091,proportion,MATERIALIZED_FROZEN_VALUE,EVAL_V02_CHAPTER_87,3ddb7a0e80d8bfa20b985655f03d6ab65470b40f0738093413909b6584aee941,1056,67,SERIE for metrics; run/condition for sensitivity summaries,same EVAL series repeated across runs and nested in 67 DAM,outputs/experiments/exp11a_historical_size_sensitivity_v0.3/exp11_metrics_by_run.csv,9b434d7e09e6db7e9de061953b59c53aac2337ad,17ea82be306b81a44760716a0a6f5e55c0b7b5a97e30bc8e12ca59d58ad79958,main=366bf529c29cb999bfd043db33674a510ba184c7; main=a33fc7e10b5bc25a053e982f0ff24ff60eda042f; EXP11A execution=22b18cdc743b4b0f37b8b345215fb747d614d6eb,outputs/experiments/exp11a_historical_size_sensitivity_v0.3/exp11_case_level_ranks.csv,b5d8bc8cec3f07863f01faef79ea3c4e7e55221c,EXP11A_HISTORICAL_BANK_SENSITIVITY:Top-10,none inferential; descriptive sensitivity across coupled size/composition conditions,not assigned,DESCRIPTIVE_ONLY,not applicable because no inferential decision is authorized,H50 D1/D2 paired on seeds 20261001-20261005; other runs are sensitivity replicates,preserve frozen run/condition summaries without new inferential interval,isolated causal bank-size effect | independence of 1056 cases across runs | split 3000/1006,complete-DAM construction changes composition with nominal size,
G3F02-0224,EXP11A_HISTORICAL_BANK_SENSITIVITY,historical-bank sensitivity supporting interpretation boundaries,EXP-11A,DESCRIPTIVE_ONLY,DESCRIPTIVE,H50-D2-R04,EXP11A_RUN_SENSITIVITY,Top-50,frozen Top-50 for one complete-DAM historical-bank run,1030,1056,0.9753787878787878,proportion,MATERIALIZED_FROZEN_VALUE,EVAL_V02_CHAPTER_87,3ddb7a0e80d8bfa20b985655f03d6ab65470b40f0738093413909b6584aee941,1056,67,SERIE for metrics; run/condition for sensitivity summaries,same EVAL series repeated across runs and nested in 67 DAM,outputs/experiments/exp11a_historical_size_sensitivity_v0.3/exp11_metrics_by_run.csv,9b434d7e09e6db7e9de061953b59c53aac2337ad,17ea82be306b81a44760716a0a6f5e55c0b7b5a97e30bc8e12ca59d58ad79958,main=366bf529c29cb999bfd043db33674a510ba184c7; main=a33fc7e10b5bc25a053e982f0ff24ff60eda042f; EXP11A execution=22b18cdc743b4b0f37b8b345215fb747d614d6eb,outputs/experiments/exp11a_historical_size_sensitivity_v0.3/exp11_case_level_ranks.csv,b5d8bc8cec3f07863f01faef79ea3c4e7e55221c,EXP11A_HISTORICAL_BANK_SENSITIVITY:Top-50,none inferential; descriptive sensitivity across coupled size/composition conditions,not assigned,DESCRIPTIVE_ONLY,not applicable because no inferential decision is authorized,H50 D1/D2 paired on seeds 20261001-20261005; other runs are sensitivity replicates,preserve frozen run/condition summaries without new inferential interval,isolated causal bank-size effect | independence of 1056 cases across runs | split 3000/1006,complete-DAM construction changes composition with nominal size,
G3F02-0225,EXP11A_HISTORICAL_BANK_SENSITIVITY,historical-bank sensitivity supporting interpretation boundaries,EXP-11A,DESCRIPTIVE_ONLY,DESCRIPTIVE,H50-D2-R04,EXP11A_RUN_SENSITIVITY,MRR@100,frozen MRR@100 for one complete-DAM historical-bank run,,1056,0.554169933294284,mean_reciprocal_rank,SOURCE_VALUE_MATERIALIZED_WITHOUT_NUMERATOR,EVAL_V02_CHAPTER_87,3ddb7a0e80d8bfa20b985655f03d6ab65470b40f0738093413909b6584aee941,1056,67,SERIE for metrics; run/condition for sensitivity summaries,same EVAL series repeated across runs and nested in 67 DAM,outputs/experiments/exp11a_historical_size_sensitivity_v0.3/exp11_metrics_by_run.csv,9b434d7e09e6db7e9de061953b59c53aac2337ad,17ea82be306b81a44760716a0a6f5e55c0b7b5a97e30bc8e12ca59d58ad79958,main=366bf529c29cb999bfd043db33674a510ba184c7; main=a33fc7e10b5bc25a053e982f0ff24ff60eda042f; EXP11A execution=22b18cdc743b4b0f37b8b345215fb747d614d6eb,outputs/experiments/exp11a_historical_size_sensitivity_v0.3/exp11_case_level_ranks.csv,b5d8bc8cec3f07863f01faef79ea3c4e7e55221c,EXP11A_HISTORICAL_BANK_SENSITIVITY:MRR@100,none inferential; descriptive sensitivity across coupled size/composition conditions,not assigned,DESCRIPTIVE_ONLY,not applicable because no inferential decision is authorized,H50 D1/D2 paired on seeds 20261001-20261005; other runs are sensitivity replicates,preserve frozen run/condition summaries without new inferential interval,isolated causal bank-size effect | independence of 1056 cases across runs | split 3000/1006,complete-DAM construction changes composition with nominal size,
G3F02-0226,EXP11A_HISTORICAL_BANK_SENSITIVITY,historical-bank sensitivity supporting interpretation boundaries,EXP-11A,DESCRIPTIVE_ONLY,DESCRIPTIVE,H50-D1-R05,EXP11A_RUN_SENSITIVITY,Top-1,frozen Top-1 for one complete-DAM historical-bank run,387,1056,0.3664772727272727,proportion,MATERIALIZED_FROZEN_VALUE,EVAL_V02_CHAPTER_87,3ddb7a0e80d8bfa20b985655f03d6ab65470b40f0738093413909b6584aee941,1056,67,SERIE for metrics; run/condition for sensitivity summaries,same EVAL series repeated across runs and nested in 67 DAM,outputs/experiments/exp11a_historical_size_sensitivity_v0.3/exp11_metrics_by_run.csv,9b434d7e09e6db7e9de061953b59c53aac2337ad,17ea82be306b81a44760716a0a6f5e55c0b7b5a97e30bc8e12ca59d58ad79958,main=366bf529c29cb999bfd043db33674a510ba184c7; main=a33fc7e10b5bc25a053e982f0ff24ff60eda042f; EXP11A execution=22b18cdc743b4b0f37b8b345215fb747d614d6eb,outputs/experiments/exp11a_historical_size_sensitivity_v0.3/exp11_case_level_ranks.csv,b5d8bc8cec3f07863f01faef79ea3c4e7e55221c,EXP11A_HISTORICAL_BANK_SENSITIVITY:Top-1,none inferential; descriptive sensitivity across coupled size/composition conditions,not assigned,DESCRIPTIVE_ONLY,not applicable because no inferential decision is authorized,H50 D1/D2 paired on seeds 20261001-20261005; other runs are sensitivity replicates,preserve frozen run/condition summaries without new inferential interval,isolated causal bank-size effect | independence of 1056 cases across runs | split 3000/1006,complete-DAM construction changes composition with nominal size,
G3F02-0227,EXP11A_HISTORICAL_BANK_SENSITIVITY,historical-bank sensitivity supporting interpretation boundaries,EXP-11A,DESCRIPTIVE_ONLY,DESCRIPTIVE,H50-D1-R05,EXP11A_RUN_SENSITIVITY,Top-3,frozen Top-3 for one complete-DAM historical-bank run,519,1056,0.4914772727272727,proportion,MATERIALIZED_FROZEN_VALUE,EVAL_V02_CHAPTER_87,3ddb7a0e80d8bfa20b985655f03d6ab65470b40f0738093413909b6584aee941,1056,67,SERIE for metrics; run/condition for sensitivity summaries,same EVAL series repeated across runs and nested in 67 DAM,outputs/experiments/exp11a_historical_size_sensitivity_v0.3/exp11_metrics_by_run.csv,9b434d7e09e6db7e9de061953b59c53aac2337ad,17ea82be306b81a44760716a0a6f5e55c0b7b5a97e30bc8e12ca59d58ad79958,main=366bf529c29cb999bfd043db33674a510ba184c7; main=a33fc7e10b5bc25a053e982f0ff24ff60eda042f; EXP11A execution=22b18cdc743b4b0f37b8b345215fb747d614d6eb,outputs/experiments/exp11a_historical_size_sensitivity_v0.3/exp11_case_level_ranks.csv,b5d8bc8cec3f07863f01faef79ea3c4e7e55221c,EXP11A_HISTORICAL_BANK_SENSITIVITY:Top-3,none inferential; descriptive sensitivity across coupled size/composition conditions,not assigned,DESCRIPTIVE_ONLY,not applicable because no inferential decision is authorized,H50 D1/D2 paired on seeds 20261001-20261005; other runs are sensitivity replicates,preserve frozen run/condition summaries without new inferential interval,isolated causal bank-size effect | independence of 1056 cases across runs | split 3000/1006,complete-DAM construction changes composition with nominal size,
G3F02-0228,EXP11A_HISTORICAL_BANK_SENSITIVITY,historical-bank sensitivity supporting interpretation boundaries,EXP-11A,DESCRIPTIVE_ONLY,DESCRIPTIVE,H50-D1-R05,EXP11A_RUN_SENSITIVITY,Top-5,frozen Top-5 for one complete-DAM historical-bank run,630,1056,0.5965909090909091,proportion,MATERIALIZED_FROZEN_VALUE,EVAL_V02_CHAPTER_87,3ddb7a0e80d8bfa20b985655f03d6ab65470b40f0738093413909b6584aee941,1056,67,SERIE for metrics; run/condition for sensitivity summaries,same EVAL series repeated across runs and nested in 67 DAM,outputs/experiments/exp11a_historical_size_sensitivity_v0.3/exp11_metrics_by_run.csv,9b434d7e09e6db7e9de061953b59c53aac2337ad,17ea82be306b81a44760716a0a6f5e55c0b7b5a97e30bc8e12ca59d58ad79958,main=366bf529c29cb999bfd043db33674a510ba184c7; main=a33fc7e10b5bc25a053e982f0ff24ff60eda042f; EXP11A execution=22b18cdc743b4b0f37b8b345215fb747d614d6eb,outputs/experiments/exp11a_historical_size_sensitivity_v0.3/exp11_case_level_ranks.csv,b5d8bc8cec3f07863f01faef79ea3c4e7e55221c,EXP11A_HISTORICAL_BANK_SENSITIVITY:Top-5,none inferential; descriptive sensitivity across coupled size/composition conditions,not assigned,DESCRIPTIVE_ONLY,not applicable because no inferential decision is authorized,H50 D1/D2 paired on seeds 20261001-20261005; other runs are sensitivity replicates,preserve frozen run/condition summaries without new inferential interval,isolated causal bank-size effect | independence of 1056 cases across runs | split 3000/1006,complete-DAM construction changes composition with nominal size,
G3F02-0229,EXP11A_HISTORICAL_BANK_SENSITIVITY,historical-bank sensitivity supporting interpretation boundaries,EXP-11A,DESCRIPTIVE_ONLY,DESCRIPTIVE,H50-D1-R05,EXP11A_RUN_SENSITIVITY,Top-10,frozen Top-10 for one complete-DAM historical-bank run,725,1056,0.6865530303030303,proportion,MATERIALIZED_FROZEN_VALUE,EVAL_V02_CHAPTER_87,3ddb7a0e80d8bfa20b985655f03d6ab65470b40f0738093413909b6584aee941,1056,67,SERIE for metrics; run/condition for sensitivity summaries,same EVAL series repeated across runs and nested in 67 DAM,outputs/experiments/exp11a_historical_size_sensitivity_v0.3/exp11_metrics_by_run.csv,9b434d7e09e6db7e9de061953b59c53aac2337ad,17ea82be306b81a44760716a0a6f5e55c0b7b5a97e30bc8e12ca59d58ad79958,main=366bf529c29cb999bfd043db33674a510ba184c7; main=a33fc7e10b5bc25a053e982f0ff24ff60eda042f; EXP11A execution=22b18cdc743b4b0f37b8b345215fb747d614d6eb,outputs/experiments/exp11a_historical_size_sensitivity_v0.3/exp11_case_level_ranks.csv,b5d8bc8cec3f07863f01faef79ea3c4e7e55221c,EXP11A_HISTORICAL_BANK_SENSITIVITY:Top-10,none inferential; descriptive sensitivity across coupled size/composition conditions,not assigned,DESCRIPTIVE_ONLY,not applicable because no inferential decision is authorized,H50 D1/D2 paired on seeds 20261001-20261005; other runs are sensitivity replicates,preserve frozen run/condition summaries without new inferential interval,isolated causal bank-size effect | independence of 1056 cases across runs | split 3000/1006,complete-DAM construction changes composition with nominal size,
G3F02-0230,EXP11A_HISTORICAL_BANK_SENSITIVITY,historical-bank sensitivity supporting interpretation boundaries,EXP-11A,DESCRIPTIVE_ONLY,DESCRIPTIVE,H50-D1-R05,EXP11A_RUN_SENSITIVITY,Top-50,frozen Top-50 for one complete-DAM historical-bank run,958,1056,0.9071969696969697,proportion,MATERIALIZED_FROZEN_VALUE,EVAL_V02_CHAPTER_87,3ddb7a0e80d8bfa20b985655f03d6ab65470b40f0738093413909b6584aee941,1056,67,SERIE for metrics; run/condition for sensitivity summaries,same EVAL series repeated across runs and nested in 67 DAM,outputs/experiments/exp11a_historical_size_sensitivity_v0.3/exp11_metrics_by_run.csv,9b434d7e09e6db7e9de061953b59c53aac2337ad,17ea82be306b81a44760716a0a6f5e55c0b7b5a97e30bc8e12ca59d58ad79958,main=366bf529c29cb999bfd043db33674a510ba184c7; main=a33fc7e10b5bc25a053e982f0ff24ff60eda042f; EXP11A execution=22b18cdc743b4b0f37b8b345215fb747d614d6eb,outputs/experiments/exp11a_historical_size_sensitivity_v0.3/exp11_case_level_ranks.csv,b5d8bc8cec3f07863f01faef79ea3c4e7e55221c,EXP11A_HISTORICAL_BANK_SENSITIVITY:Top-50,none inferential; descriptive sensitivity across coupled size/composition conditions,not assigned,DESCRIPTIVE_ONLY,not applicable because no inferential decision is authorized,H50 D1/D2 paired on seeds 20261001-20261005; other runs are sensitivity replicates,preserve frozen run/condition summaries without new inferential interval,isolated causal bank-size effect | independence of 1056 cases across runs | split 3000/1006,complete-DAM construction changes composition with nominal size,
G3F02-0231,EXP11A_HISTORICAL_BANK_SENSITIVITY,historical-bank sensitivity supporting interpretation boundaries,EXP-11A,DESCRIPTIVE_ONLY,DESCRIPTIVE,H50-D1-R05,EXP11A_RUN_SENSITIVITY,MRR@100,frozen MRR@100 for one complete-DAM historical-bank run,,1056,0.4693450656065269,mean_reciprocal_rank,SOURCE_VALUE_MATERIALIZED_WITHOUT_NUMERATOR,EVAL_V02_CHAPTER_87,3ddb7a0e80d8bfa20b985655f03d6ab65470b40f0738093413909b6584aee941,1056,67,SERIE for metrics; run/condition for sensitivity summaries,same EVAL series repeated across runs and nested in 67 DAM,outputs/experiments/exp11a_historical_size_sensitivity_v0.3/exp11_metrics_by_run.csv,9b434d7e09e6db7e9de061953b59c53aac2337ad,17ea82be306b81a44760716a0a6f5e55c0b7b5a97e30bc8e12ca59d58ad79958,main=366bf529c29cb999bfd043db33674a510ba184c7; main=a33fc7e10b5bc25a053e982f0ff24ff60eda042f; EXP11A execution=22b18cdc743b4b0f37b8b345215fb747d614d6eb,outputs/experiments/exp11a_historical_size_sensitivity_v0.3/exp11_case_level_ranks.csv,b5d8bc8cec3f07863f01faef79ea3c4e7e55221c,EXP11A_HISTORICAL_BANK_SENSITIVITY:MRR@100,none inferential; descriptive sensitivity across coupled size/composition conditions,not assigned,DESCRIPTIVE_ONLY,not applicable because no inferential decision is authorized,H50 D1/D2 paired on seeds 20261001-20261005; other runs are sensitivity replicates,preserve frozen run/condition summaries without new inferential interval,isolated causal bank-size effect | independence of 1056 cases across runs | split 3000/1006,complete-DAM construction changes composition with nominal size,
G3F02-0232,EXP11A_HISTORICAL_BANK_SENSITIVITY,historical-bank sensitivity supporting interpretation boundaries,EXP-11A,DESCRIPTIVE_ONLY,DESCRIPTIVE,H50-D2-R05,EXP11A_RUN_SENSITIVITY,Top-1,frozen Top-1 for one complete-DAM historical-bank run,508,1056,0.4810606060606061,proportion,MATERIALIZED_FROZEN_VALUE,EVAL_V02_CHAPTER_87,3ddb7a0e80d8bfa20b985655f03d6ab65470b40f0738093413909b6584aee941,1056,67,SERIE for metrics; run/condition for sensitivity summaries,same EVAL series repeated across runs and nested in 67 DAM,outputs/experiments/exp11a_historical_size_sensitivity_v0.3/exp11_metrics_by_run.csv,9b434d7e09e6db7e9de061953b59c53aac2337ad,17ea82be306b81a44760716a0a6f5e55c0b7b5a97e30bc8e12ca59d58ad79958,main=366bf529c29cb999bfd043db33674a510ba184c7; main=a33fc7e10b5bc25a053e982f0ff24ff60eda042f; EXP11A execution=22b18cdc743b4b0f37b8b345215fb747d614d6eb,outputs/experiments/exp11a_historical_size_sensitivity_v0.3/exp11_case_level_ranks.csv,b5d8bc8cec3f07863f01faef79ea3c4e7e55221c,EXP11A_HISTORICAL_BANK_SENSITIVITY:Top-1,none inferential; descriptive sensitivity across coupled size/composition conditions,not assigned,DESCRIPTIVE_ONLY,not applicable because no inferential decision is authorized,H50 D1/D2 paired on seeds 20261001-20261005; other runs are sensitivity replicates,preserve frozen run/condition summaries without new inferential interval,isolated causal bank-size effect | independence of 1056 cases across runs | split 3000/1006,complete-DAM construction changes composition with nominal size,
G3F02-0233,EXP11A_HISTORICAL_BANK_SENSITIVITY,historical-bank sensitivity supporting interpretation boundaries,EXP-11A,DESCRIPTIVE_ONLY,DESCRIPTIVE,H50-D2-R05,EXP11A_RUN_SENSITIVITY,Top-3,frozen Top-3 for one complete-DAM historical-bank run,643,1056,0.6089015151515151,proportion,MATERIALIZED_FROZEN_VALUE,EVAL_V02_CHAPTER_87,3ddb7a0e80d8bfa20b985655f03d6ab65470b40f0738093413909b6584aee941,1056,67,SERIE for metrics; run/condition for sensitivity summaries,same EVAL series repeated across runs and nested in 67 DAM,outputs/experiments/exp11a_historical_size_sensitivity_v0.3/exp11_metrics_by_run.csv,9b434d7e09e6db7e9de061953b59c53aac2337ad,17ea82be306b81a44760716a0a6f5e55c0b7b5a97e30bc8e12ca59d58ad79958,main=366bf529c29cb999bfd043db33674a510ba184c7; main=a33fc7e10b5bc25a053e982f0ff24ff60eda042f; EXP11A execution=22b18cdc743b4b0f37b8b345215fb747d614d6eb,outputs/experiments/exp11a_historical_size_sensitivity_v0.3/exp11_case_level_ranks.csv,b5d8bc8cec3f07863f01faef79ea3c4e7e55221c,EXP11A_HISTORICAL_BANK_SENSITIVITY:Top-3,none inferential; descriptive sensitivity across coupled size/composition conditions,not assigned,DESCRIPTIVE_ONLY,not applicable because no inferential decision is authorized,H50 D1/D2 paired on seeds 20261001-20261005; other runs are sensitivity replicates,preserve frozen run/condition summaries without new inferential interval,isolated causal bank-size effect | independence of 1056 cases across runs | split 3000/1006,complete-DAM construction changes composition with nominal size,
G3F02-0234,EXP11A_HISTORICAL_BANK_SENSITIVITY,historical-bank sensitivity supporting interpretation boundaries,EXP-11A,DESCRIPTIVE_ONLY,DESCRIPTIVE,H50-D2-R05,EXP11A_RUN_SENSITIVITY,Top-5,frozen Top-5 for one complete-DAM historical-bank run,731,1056,0.6922348484848485,proportion,MATERIALIZED_FROZEN_VALUE,EVAL_V02_CHAPTER_87,3ddb7a0e80d8bfa20b985655f03d6ab65470b40f0738093413909b6584aee941,1056,67,SERIE for metrics; run/condition for sensitivity summaries,same EVAL series repeated across runs and nested in 67 DAM,outputs/experiments/exp11a_historical_size_sensitivity_v0.3/exp11_metrics_by_run.csv,9b434d7e09e6db7e9de061953b59c53aac2337ad,17ea82be306b81a44760716a0a6f5e55c0b7b5a97e30bc8e12ca59d58ad79958,main=366bf529c29cb999bfd043db33674a510ba184c7; main=a33fc7e10b5bc25a053e982f0ff24ff60eda042f; EXP11A execution=22b18cdc743b4b0f37b8b345215fb747d614d6eb,outputs/experiments/exp11a_historical_size_sensitivity_v0.3/exp11_case_level_ranks.csv,b5d8bc8cec3f07863f01faef79ea3c4e7e55221c,EXP11A_HISTORICAL_BANK_SENSITIVITY:Top-5,none inferential; descriptive sensitivity across coupled size/composition conditions,not assigned,DESCRIPTIVE_ONLY,not applicable because no inferential decision is authorized,H50 D1/D2 paired on seeds 20261001-20261005; other runs are sensitivity replicates,preserve frozen run/condition summaries without new inferential interval,isolated causal bank-size effect | independence of 1056 cases across runs | split 3000/1006,complete-DAM construction changes composition with nominal size,
G3F02-0235,EXP11A_HISTORICAL_BANK_SENSITIVITY,historical-bank sensitivity supporting interpretation boundaries,EXP-11A,DESCRIPTIVE_ONLY,DESCRIPTIVE,H50-D2-R05,EXP11A_RUN_SENSITIVITY,Top-10,frozen Top-10 for one complete-DAM historical-bank run,838,1056,0.7935606060606061,proportion,MATERIALIZED_FROZEN_VALUE,EVAL_V02_CHAPTER_87,3ddb7a0e80d8bfa20b985655f03d6ab65470b40f0738093413909b6584aee941,1056,67,SERIE for metrics; run/condition for sensitivity summaries,same EVAL series repeated across runs and nested in 67 DAM,outputs/experiments/exp11a_historical_size_sensitivity_v0.3/exp11_metrics_by_run.csv,9b434d7e09e6db7e9de061953b59c53aac2337ad,17ea82be306b81a44760716a0a6f5e55c0b7b5a97e30bc8e12ca59d58ad79958,main=366bf529c29cb999bfd043db33674a510ba184c7; main=a33fc7e10b5bc25a053e982f0ff24ff60eda042f; EXP11A execution=22b18cdc743b4b0f37b8b345215fb747d614d6eb,outputs/experiments/exp11a_historical_size_sensitivity_v0.3/exp11_case_level_ranks.csv,b5d8bc8cec3f07863f01faef79ea3c4e7e55221c,EXP11A_HISTORICAL_BANK_SENSITIVITY:Top-10,none inferential; descriptive sensitivity across coupled size/composition conditions,not assigned,DESCRIPTIVE_ONLY,not applicable because no inferential decision is authorized,H50 D1/D2 paired on seeds 20261001-20261005; other runs are sensitivity replicates,preserve frozen run/condition summaries without new inferential interval,isolated causal bank-size effect | independence of 1056 cases across runs | split 3000/1006,complete-DAM construction changes composition with nominal size,
G3F02-0236,EXP11A_HISTORICAL_BANK_SENSITIVITY,historical-bank sensitivity supporting interpretation boundaries,EXP-11A,DESCRIPTIVE_ONLY,DESCRIPTIVE,H50-D2-R05,EXP11A_RUN_SENSITIVITY,Top-50,frozen Top-50 for one complete-DAM historical-bank run,1036,1056,0.9810606060606061,proportion,MATERIALIZED_FROZEN_VALUE,EVAL_V02_CHAPTER_87,3ddb7a0e80d8bfa20b985655f03d6ab65470b40f0738093413909b6584aee941,1056,67,SERIE for metrics; run/condition for sensitivity summaries,same EVAL series repeated across runs and nested in 67 DAM,outputs/experiments/exp11a_historical_size_sensitivity_v0.3/exp11_metrics_by_run.csv,9b434d7e09e6db7e9de061953b59c53aac2337ad,17ea82be306b81a44760716a0a6f5e55c0b7b5a97e30bc8e12ca59d58ad79958,main=366bf529c29cb999bfd043db33674a510ba184c7; main=a33fc7e10b5bc25a053e982f0ff24ff60eda042f; EXP11A execution=22b18cdc743b4b0f37b8b345215fb747d614d6eb,outputs/experiments/exp11a_historical_size_sensitivity_v0.3/exp11_case_level_ranks.csv,b5d8bc8cec3f07863f01faef79ea3c4e7e55221c,EXP11A_HISTORICAL_BANK_SENSITIVITY:Top-50,none inferential; descriptive sensitivity across coupled size/composition conditions,not assigned,DESCRIPTIVE_ONLY,not applicable because no inferential decision is authorized,H50 D1/D2 paired on seeds 20261001-20261005; other runs are sensitivity replicates,preserve frozen run/condition summaries without new inferential interval,isolated causal bank-size effect | independence of 1056 cases across runs | split 3000/1006,complete-DAM construction changes composition with nominal size,
G3F02-0237,EXP11A_HISTORICAL_BANK_SENSITIVITY,historical-bank sensitivity supporting interpretation boundaries,EXP-11A,DESCRIPTIVE_ONLY,DESCRIPTIVE,H50-D2-R05,EXP11A_RUN_SENSITIVITY,MRR@100,frozen MRR@100 for one complete-DAM historical-bank run,,1056,0.5813432430665831,mean_reciprocal_rank,SOURCE_VALUE_MATERIALIZED_WITHOUT_NUMERATOR,EVAL_V02_CHAPTER_87,3ddb7a0e80d8bfa20b985655f03d6ab65470b40f0738093413909b6584aee941,1056,67,SERIE for metrics; run/condition for sensitivity summaries,same EVAL series repeated across runs and nested in 67 DAM,outputs/experiments/exp11a_historical_size_sensitivity_v0.3/exp11_metrics_by_run.csv,9b434d7e09e6db7e9de061953b59c53aac2337ad,17ea82be306b81a44760716a0a6f5e55c0b7b5a97e30bc8e12ca59d58ad79958,main=366bf529c29cb999bfd043db33674a510ba184c7; main=a33fc7e10b5bc25a053e982f0ff24ff60eda042f; EXP11A execution=22b18cdc743b4b0f37b8b345215fb747d614d6eb,outputs/experiments/exp11a_historical_size_sensitivity_v0.3/exp11_case_level_ranks.csv,b5d8bc8cec3f07863f01faef79ea3c4e7e55221c,EXP11A_HISTORICAL_BANK_SENSITIVITY:MRR@100,none inferential; descriptive sensitivity across coupled size/composition conditions,not assigned,DESCRIPTIVE_ONLY,not applicable because no inferential decision is authorized,H50 D1/D2 paired on seeds 20261001-20261005; other runs are sensitivity replicates,preserve frozen run/condition summaries without new inferential interval,isolated causal bank-size effect | independence of 1056 cases across runs | split 3000/1006,complete-DAM construction changes composition with nominal size,
G3F02-0238,EXP11A_HISTORICAL_BANK_SENSITIVITY,historical-bank sensitivity supporting interpretation boundaries,EXP-11A,DESCRIPTIVE_ONLY,DESCRIPTIVE,H75-R01,EXP11A_RUN_SENSITIVITY,Top-1,frozen Top-1 for one complete-DAM historical-bank run,154,1056,0.14583333333333334,proportion,MATERIALIZED_FROZEN_VALUE,EVAL_V02_CHAPTER_87,3ddb7a0e80d8bfa20b985655f03d6ab65470b40f0738093413909b6584aee941,1056,67,SERIE for metrics; run/condition for sensitivity summaries,same EVAL series repeated across runs and nested in 67 DAM,outputs/experiments/exp11a_historical_size_sensitivity_v0.3/exp11_metrics_by_run.csv,9b434d7e09e6db7e9de061953b59c53aac2337ad,17ea82be306b81a44760716a0a6f5e55c0b7b5a97e30bc8e12ca59d58ad79958,main=366bf529c29cb999bfd043db33674a510ba184c7; main=a33fc7e10b5bc25a053e982f0ff24ff60eda042f; EXP11A execution=22b18cdc743b4b0f37b8b345215fb747d614d6eb,outputs/experiments/exp11a_historical_size_sensitivity_v0.3/exp11_case_level_ranks.csv,b5d8bc8cec3f07863f01faef79ea3c4e7e55221c,EXP11A_HISTORICAL_BANK_SENSITIVITY:Top-1,none inferential; descriptive sensitivity across coupled size/composition conditions,not assigned,DESCRIPTIVE_ONLY,not applicable because no inferential decision is authorized,H50 D1/D2 paired on seeds 20261001-20261005; other runs are sensitivity replicates,preserve frozen run/condition summaries without new inferential interval,isolated causal bank-size effect | independence of 1056 cases across runs | split 3000/1006,complete-DAM construction changes composition with nominal size,
G3F02-0239,EXP11A_HISTORICAL_BANK_SENSITIVITY,historical-bank sensitivity supporting interpretation boundaries,EXP-11A,DESCRIPTIVE_ONLY,DESCRIPTIVE,H75-R01,EXP11A_RUN_SENSITIVITY,Top-3,frozen Top-3 for one complete-DAM historical-bank run,299,1056,0.2831439393939394,proportion,MATERIALIZED_FROZEN_VALUE,EVAL_V02_CHAPTER_87,3ddb7a0e80d8bfa20b985655f03d6ab65470b40f0738093413909b6584aee941,1056,67,SERIE for metrics; run/condition for sensitivity summaries,same EVAL series repeated across runs and nested in 67 DAM,outputs/experiments/exp11a_historical_size_sensitivity_v0.3/exp11_metrics_by_run.csv,9b434d7e09e6db7e9de061953b59c53aac2337ad,17ea82be306b81a44760716a0a6f5e55c0b7b5a97e30bc8e12ca59d58ad79958,main=366bf529c29cb999bfd043db33674a510ba184c7; main=a33fc7e10b5bc25a053e982f0ff24ff60eda042f; EXP11A execution=22b18cdc743b4b0f37b8b345215fb747d614d6eb,outputs/experiments/exp11a_historical_size_sensitivity_v0.3/exp11_case_level_ranks.csv,b5d8bc8cec3f07863f01faef79ea3c4e7e55221c,EXP11A_HISTORICAL_BANK_SENSITIVITY:Top-3,none inferential; descriptive sensitivity across coupled size/composition conditions,not assigned,DESCRIPTIVE_ONLY,not applicable because no inferential decision is authorized,H50 D1/D2 paired on seeds 20261001-20261005; other runs are sensitivity replicates,preserve frozen run/condition summaries without new inferential interval,isolated causal bank-size effect | independence of 1056 cases across runs | split 3000/1006,complete-DAM construction changes composition with nominal size,
G3F02-0240,EXP11A_HISTORICAL_BANK_SENSITIVITY,historical-bank sensitivity supporting interpretation boundaries,EXP-11A,DESCRIPTIVE_ONLY,DESCRIPTIVE,H75-R01,EXP11A_RUN_SENSITIVITY,Top-5,frozen Top-5 for one complete-DAM historical-bank run,390,1056,0.3693181818181818,proportion,MATERIALIZED_FROZEN_VALUE,EVAL_V02_CHAPTER_87,3ddb7a0e80d8bfa20b985655f03d6ab65470b40f0738093413909b6584aee941,1056,67,SERIE for metrics; run/condition for sensitivity summaries,same EVAL series repeated across runs and nested in 67 DAM,outputs/experiments/exp11a_historical_size_sensitivity_v0.3/exp11_metrics_by_run.csv,9b434d7e09e6db7e9de061953b59c53aac2337ad,17ea82be306b81a44760716a0a6f5e55c0b7b5a97e30bc8e12ca59d58ad79958,main=366bf529c29cb999bfd043db33674a510ba184c7; main=a33fc7e10b5bc25a053e982f0ff24ff60eda042f; EXP11A execution=22b18cdc743b4b0f37b8b345215fb747d614d6eb,outputs/experiments/exp11a_historical_size_sensitivity_v0.3/exp11_case_level_ranks.csv,b5d8bc8cec3f07863f01faef79ea3c4e7e55221c,EXP11A_HISTORICAL_BANK_SENSITIVITY:Top-5,none inferential; descriptive sensitivity across coupled size/composition conditions,not assigned,DESCRIPTIVE_ONLY,not applicable because no inferential decision is authorized,H50 D1/D2 paired on seeds 20261001-20261005; other runs are sensitivity replicates,preserve frozen run/condition summaries without new inferential interval,isolated causal bank-size effect | independence of 1056 cases across runs | split 3000/1006,complete-DAM construction changes composition with nominal size,
G3F02-0241,EXP11A_HISTORICAL_BANK_SENSITIVITY,historical-bank sensitivity supporting interpretation boundaries,EXP-11A,DESCRIPTIVE_ONLY,DESCRIPTIVE,H75-R01,EXP11A_RUN_SENSITIVITY,Top-10,frozen Top-10 for one complete-DAM historical-bank run,503,1056,0.47632575757575757,proportion,MATERIALIZED_FROZEN_VALUE,EVAL_V02_CHAPTER_87,3ddb7a0e80d8bfa20b985655f03d6ab65470b40f0738093413909b6584aee941,1056,67,SERIE for metrics; run/condition for sensitivity summaries,same EVAL series repeated across runs and nested in 67 DAM,outputs/experiments/exp11a_historical_size_sensitivity_v0.3/exp11_metrics_by_run.csv,9b434d7e09e6db7e9de061953b59c53aac2337ad,17ea82be306b81a44760716a0a6f5e55c0b7b5a97e30bc8e12ca59d58ad79958,main=366bf529c29cb999bfd043db33674a510ba184c7; main=a33fc7e10b5bc25a053e982f0ff24ff60eda042f; EXP11A execution=22b18cdc743b4b0f37b8b345215fb747d614d6eb,outputs/experiments/exp11a_historical_size_sensitivity_v0.3/exp11_case_level_ranks.csv,b5d8bc8cec3f07863f01faef79ea3c4e7e55221c,EXP11A_HISTORICAL_BANK_SENSITIVITY:Top-10,none inferential; descriptive sensitivity across coupled size/composition conditions,not assigned,DESCRIPTIVE_ONLY,not applicable because no inferential decision is authorized,H50 D1/D2 paired on seeds 20261001-20261005; other runs are sensitivity replicates,preserve frozen run/condition summaries without new inferential interval,isolated causal bank-size effect | independence of 1056 cases across runs | split 3000/1006,complete-DAM construction changes composition with nominal size,
G3F02-0242,EXP11A_HISTORICAL_BANK_SENSITIVITY,historical-bank sensitivity supporting interpretation boundaries,EXP-11A,DESCRIPTIVE_ONLY,DESCRIPTIVE,H75-R01,EXP11A_RUN_SENSITIVITY,Top-50,frozen Top-50 for one complete-DAM historical-bank run,779,1056,0.7376893939393939,proportion,MATERIALIZED_FROZEN_VALUE,EVAL_V02_CHAPTER_87,3ddb7a0e80d8bfa20b985655f03d6ab65470b40f0738093413909b6584aee941,1056,67,SERIE for metrics; run/condition for sensitivity summaries,same EVAL series repeated across runs and nested in 67 DAM,outputs/experiments/exp11a_historical_size_sensitivity_v0.3/exp11_metrics_by_run.csv,9b434d7e09e6db7e9de061953b59c53aac2337ad,17ea82be306b81a44760716a0a6f5e55c0b7b5a97e30bc8e12ca59d58ad79958,main=366bf529c29cb999bfd043db33674a510ba184c7; main=a33fc7e10b5bc25a053e982f0ff24ff60eda042f; EXP11A execution=22b18cdc743b4b0f37b8b345215fb747d614d6eb,outputs/experiments/exp11a_historical_size_sensitivity_v0.3/exp11_case_level_ranks.csv,b5d8bc8cec3f07863f01faef79ea3c4e7e55221c,EXP11A_HISTORICAL_BANK_SENSITIVITY:Top-50,none inferential; descriptive sensitivity across coupled size/composition conditions,not assigned,DESCRIPTIVE_ONLY,not applicable because no inferential decision is authorized,H50 D1/D2 paired on seeds 20261001-20261005; other runs are sensitivity replicates,preserve frozen run/condition summaries without new inferential interval,isolated causal bank-size effect | independence of 1056 cases across runs | split 3000/1006,complete-DAM construction changes composition with nominal size,
G3F02-0243,EXP11A_HISTORICAL_BANK_SENSITIVITY,historical-bank sensitivity supporting interpretation boundaries,EXP-11A,DESCRIPTIVE_ONLY,DESCRIPTIVE,H75-R01,EXP11A_RUN_SENSITIVITY,MRR@100,frozen MRR@100 for one complete-DAM historical-bank run,,1056,0.2559054387612576,mean_reciprocal_rank,SOURCE_VALUE_MATERIALIZED_WITHOUT_NUMERATOR,EVAL_V02_CHAPTER_87,3ddb7a0e80d8bfa20b985655f03d6ab65470b40f0738093413909b6584aee941,1056,67,SERIE for metrics; run/condition for sensitivity summaries,same EVAL series repeated across runs and nested in 67 DAM,outputs/experiments/exp11a_historical_size_sensitivity_v0.3/exp11_metrics_by_run.csv,9b434d7e09e6db7e9de061953b59c53aac2337ad,17ea82be306b81a44760716a0a6f5e55c0b7b5a97e30bc8e12ca59d58ad79958,main=366bf529c29cb999bfd043db33674a510ba184c7; main=a33fc7e10b5bc25a053e982f0ff24ff60eda042f; EXP11A execution=22b18cdc743b4b0f37b8b345215fb747d614d6eb,outputs/experiments/exp11a_historical_size_sensitivity_v0.3/exp11_case_level_ranks.csv,b5d8bc8cec3f07863f01faef79ea3c4e7e55221c,EXP11A_HISTORICAL_BANK_SENSITIVITY:MRR@100,none inferential; descriptive sensitivity across coupled size/composition conditions,not assigned,DESCRIPTIVE_ONLY,not applicable because no inferential decision is authorized,H50 D1/D2 paired on seeds 20261001-20261005; other runs are sensitivity replicates,preserve frozen run/condition summaries without new inferential interval,isolated causal bank-size effect | independence of 1056 cases across runs | split 3000/1006,complete-DAM construction changes composition with nominal size,
G3F02-0244,EXP11A_HISTORICAL_BANK_SENSITIVITY,historical-bank sensitivity supporting interpretation boundaries,EXP-11A,DESCRIPTIVE_ONLY,DESCRIPTIVE,H75-R02,EXP11A_RUN_SENSITIVITY,Top-1,frozen Top-1 for one complete-DAM historical-bank run,354,1056,0.3352272727272727,proportion,MATERIALIZED_FROZEN_VALUE,EVAL_V02_CHAPTER_87,3ddb7a0e80d8bfa20b985655f03d6ab65470b40f0738093413909b6584aee941,1056,67,SERIE for metrics; run/condition for sensitivity summaries,same EVAL series repeated across runs and nested in 67 DAM,outputs/experiments/exp11a_historical_size_sensitivity_v0.3/exp11_metrics_by_run.csv,9b434d7e09e6db7e9de061953b59c53aac2337ad,17ea82be306b81a44760716a0a6f5e55c0b7b5a97e30bc8e12ca59d58ad79958,main=366bf529c29cb999bfd043db33674a510ba184c7; main=a33fc7e10b5bc25a053e982f0ff24ff60eda042f; EXP11A execution=22b18cdc743b4b0f37b8b345215fb747d614d6eb,outputs/experiments/exp11a_historical_size_sensitivity_v0.3/exp11_case_level_ranks.csv,b5d8bc8cec3f07863f01faef79ea3c4e7e55221c,EXP11A_HISTORICAL_BANK_SENSITIVITY:Top-1,none inferential; descriptive sensitivity across coupled size/composition conditions,not assigned,DESCRIPTIVE_ONLY,not applicable because no inferential decision is authorized,H50 D1/D2 paired on seeds 20261001-20261005; other runs are sensitivity replicates,preserve frozen run/condition summaries without new inferential interval,isolated causal bank-size effect | independence of 1056 cases across runs | split 3000/1006,complete-DAM construction changes composition with nominal size,
G3F02-0245,EXP11A_HISTORICAL_BANK_SENSITIVITY,historical-bank sensitivity supporting interpretation boundaries,EXP-11A,DESCRIPTIVE_ONLY,DESCRIPTIVE,H75-R02,EXP11A_RUN_SENSITIVITY,Top-3,frozen Top-3 for one complete-DAM historical-bank run,532,1056,0.5037878787878788,proportion,MATERIALIZED_FROZEN_VALUE,EVAL_V02_CHAPTER_87,3ddb7a0e80d8bfa20b985655f03d6ab65470b40f0738093413909b6584aee941,1056,67,SERIE for metrics; run/condition for sensitivity summaries,same EVAL series repeated across runs and nested in 67 DAM,outputs/experiments/exp11a_historical_size_sensitivity_v0.3/exp11_metrics_by_run.csv,9b434d7e09e6db7e9de061953b59c53aac2337ad,17ea82be306b81a44760716a0a6f5e55c0b7b5a97e30bc8e12ca59d58ad79958,main=366bf529c29cb999bfd043db33674a510ba184c7; main=a33fc7e10b5bc25a053e982f0ff24ff60eda042f; EXP11A execution=22b18cdc743b4b0f37b8b345215fb747d614d6eb,outputs/experiments/exp11a_historical_size_sensitivity_v0.3/exp11_case_level_ranks.csv,b5d8bc8cec3f07863f01faef79ea3c4e7e55221c,EXP11A_HISTORICAL_BANK_SENSITIVITY:Top-3,none inferential; descriptive sensitivity across coupled size/composition conditions,not assigned,DESCRIPTIVE_ONLY,not applicable because no inferential decision is authorized,H50 D1/D2 paired on seeds 20261001-20261005; other runs are sensitivity replicates,preserve frozen run/condition summaries without new inferential interval,isolated causal bank-size effect | independence of 1056 cases across runs | split 3000/1006,complete-DAM construction changes composition with nominal size,
G3F02-0246,EXP11A_HISTORICAL_BANK_SENSITIVITY,historical-bank sensitivity supporting interpretation boundaries,EXP-11A,DESCRIPTIVE_ONLY,DESCRIPTIVE,H75-R02,EXP11A_RUN_SENSITIVITY,Top-5,frozen Top-5 for one complete-DAM historical-bank run,627,1056,0.59375,proportion,MATERIALIZED_FROZEN_VALUE,EVAL_V02_CHAPTER_87,3ddb7a0e80d8bfa20b985655f03d6ab65470b40f0738093413909b6584aee941,1056,67,SERIE for metrics; run/condition for sensitivity summaries,same EVAL series repeated across runs and nested in 67 DAM,outputs/experiments/exp11a_historical_size_sensitivity_v0.3/exp11_metrics_by_run.csv,9b434d7e09e6db7e9de061953b59c53aac2337ad,17ea82be306b81a44760716a0a6f5e55c0b7b5a97e30bc8e12ca59d58ad79958,main=366bf529c29cb999bfd043db33674a510ba184c7; main=a33fc7e10b5bc25a053e982f0ff24ff60eda042f; EXP11A execution=22b18cdc743b4b0f37b8b345215fb747d614d6eb,outputs/experiments/exp11a_historical_size_sensitivity_v0.3/exp11_case_level_ranks.csv,b5d8bc8cec3f07863f01faef79ea3c4e7e55221c,EXP11A_HISTORICAL_BANK_SENSITIVITY:Top-5,none inferential; descriptive sensitivity across coupled size/composition conditions,not assigned,DESCRIPTIVE_ONLY,not applicable because no inferential decision is authorized,H50 D1/D2 paired on seeds 20261001-20261005; other runs are sensitivity replicates,preserve frozen run/condition summaries without new inferential interval,isolated causal bank-size effect | independence of 1056 cases across runs | split 3000/1006,complete-DAM construction changes composition with nominal size,
G3F02-0247,EXP11A_HISTORICAL_BANK_SENSITIVITY,historical-bank sensitivity supporting interpretation boundaries,EXP-11A,DESCRIPTIVE_ONLY,DESCRIPTIVE,H75-R02,EXP11A_RUN_SENSITIVITY,Top-10,frozen Top-10 for one complete-DAM historical-bank run,749,1056,0.709280303030303,proportion,MATERIALIZED_FROZEN_VALUE,EVAL_V02_CHAPTER_87,3ddb7a0e80d8bfa20b985655f03d6ab65470b40f0738093413909b6584aee941,1056,67,SERIE for metrics; run/condition for sensitivity summaries,same EVAL series repeated across runs and nested in 67 DAM,outputs/experiments/exp11a_historical_size_sensitivity_v0.3/exp11_metrics_by_run.csv,9b434d7e09e6db7e9de061953b59c53aac2337ad,17ea82be306b81a44760716a0a6f5e55c0b7b5a97e30bc8e12ca59d58ad79958,main=366bf529c29cb999bfd043db33674a510ba184c7; main=a33fc7e10b5bc25a053e982f0ff24ff60eda042f; EXP11A execution=22b18cdc743b4b0f37b8b345215fb747d614d6eb,outputs/experiments/exp11a_historical_size_sensitivity_v0.3/exp11_case_level_ranks.csv,b5d8bc8cec3f07863f01faef79ea3c4e7e55221c,EXP11A_HISTORICAL_BANK_SENSITIVITY:Top-10,none inferential; descriptive sensitivity across coupled size/composition conditions,not assigned,DESCRIPTIVE_ONLY,not applicable because no inferential decision is authorized,H50 D1/D2 paired on seeds 20261001-20261005; other runs are sensitivity replicates,preserve frozen run/condition summaries without new inferential interval,isolated causal bank-size effect | independence of 1056 cases across runs | split 3000/1006,complete-DAM construction changes composition with nominal size,
G3F02-0248,EXP11A_HISTORICAL_BANK_SENSITIVITY,historical-bank sensitivity supporting interpretation boundaries,EXP-11A,DESCRIPTIVE_ONLY,DESCRIPTIVE,H75-R02,EXP11A_RUN_SENSITIVITY,Top-50,frozen Top-50 for one complete-DAM historical-bank run,930,1056,0.8806818181818182,proportion,MATERIALIZED_FROZEN_VALUE,EVAL_V02_CHAPTER_87,3ddb7a0e80d8bfa20b985655f03d6ab65470b40f0738093413909b6584aee941,1056,67,SERIE for metrics; run/condition for sensitivity summaries,same EVAL series repeated across runs and nested in 67 DAM,outputs/experiments/exp11a_historical_size_sensitivity_v0.3/exp11_metrics_by_run.csv,9b434d7e09e6db7e9de061953b59c53aac2337ad,17ea82be306b81a44760716a0a6f5e55c0b7b5a97e30bc8e12ca59d58ad79958,main=366bf529c29cb999bfd043db33674a510ba184c7; main=a33fc7e10b5bc25a053e982f0ff24ff60eda042f; EXP11A execution=22b18cdc743b4b0f37b8b345215fb747d614d6eb,outputs/experiments/exp11a_historical_size_sensitivity_v0.3/exp11_case_level_ranks.csv,b5d8bc8cec3f07863f01faef79ea3c4e7e55221c,EXP11A_HISTORICAL_BANK_SENSITIVITY:Top-50,none inferential; descriptive sensitivity across coupled size/composition conditions,not assigned,DESCRIPTIVE_ONLY,not applicable because no inferential decision is authorized,H50 D1/D2 paired on seeds 20261001-20261005; other runs are sensitivity replicates,preserve frozen run/condition summaries without new inferential interval,isolated causal bank-size effect | independence of 1056 cases across runs | split 3000/1006,complete-DAM construction changes composition with nominal size,
G3F02-0249,EXP11A_HISTORICAL_BANK_SENSITIVITY,historical-bank sensitivity supporting interpretation boundaries,EXP-11A,DESCRIPTIVE_ONLY,DESCRIPTIVE,H75-R02,EXP11A_RUN_SENSITIVITY,MRR@100,frozen MRR@100 for one complete-DAM historical-bank run,,1056,0.45626559479143525,mean_reciprocal_rank,SOURCE_VALUE_MATERIALIZED_WITHOUT_NUMERATOR,EVAL_V02_CHAPTER_87,3ddb7a0e80d8bfa20b985655f03d6ab65470b40f0738093413909b6584aee941,1056,67,SERIE for metrics; run/condition for sensitivity summaries,same EVAL series repeated across runs and nested in 67 DAM,outputs/experiments/exp11a_historical_size_sensitivity_v0.3/exp11_metrics_by_run.csv,9b434d7e09e6db7e9de061953b59c53aac2337ad,17ea82be306b81a44760716a0a6f5e55c0b7b5a97e30bc8e12ca59d58ad79958,main=366bf529c29cb999bfd043db33674a510ba184c7; main=a33fc7e10b5bc25a053e982f0ff24ff60eda042f; EXP11A execution=22b18cdc743b4b0f37b8b345215fb747d614d6eb,outputs/experiments/exp11a_historical_size_sensitivity_v0.3/exp11_case_level_ranks.csv,b5d8bc8cec3f07863f01faef79ea3c4e7e55221c,EXP11A_HISTORICAL_BANK_SENSITIVITY:MRR@100,none inferential; descriptive sensitivity across coupled size/composition conditions,not assigned,DESCRIPTIVE_ONLY,not applicable because no inferential decision is authorized,H50 D1/D2 paired on seeds 20261001-20261005; other runs are sensitivity replicates,preserve frozen run/condition summaries without new inferential interval,isolated causal bank-size effect | independence of 1056 cases across runs | split 3000/1006,complete-DAM construction changes composition with nominal size,
G3F02-0250,EXP11A_HISTORICAL_BANK_SENSITIVITY,historical-bank sensitivity supporting interpretation boundaries,EXP-11A,DESCRIPTIVE_ONLY,DESCRIPTIVE,H75-R03,EXP11A_RUN_SENSITIVITY,Top-1,frozen Top-1 for one complete-DAM historical-bank run,167,1056,0.1581439393939394,proportion,MATERIALIZED_FROZEN_VALUE,EVAL_V02_CHAPTER_87,3ddb7a0e80d8bfa20b985655f03d6ab65470b40f0738093413909b6584aee941,1056,67,SERIE for metrics; run/condition for sensitivity summaries,same EVAL series repeated across runs and nested in 67 DAM,outputs/experiments/exp11a_historical_size_sensitivity_v0.3/exp11_metrics_by_run.csv,9b434d7e09e6db7e9de061953b59c53aac2337ad,17ea82be306b81a44760716a0a6f5e55c0b7b5a97e30bc8e12ca59d58ad79958,main=366bf529c29cb999bfd043db33674a510ba184c7; main=a33fc7e10b5bc25a053e982f0ff24ff60eda042f; EXP11A execution=22b18cdc743b4b0f37b8b345215fb747d614d6eb,outputs/experiments/exp11a_historical_size_sensitivity_v0.3/exp11_case_level_ranks.csv,b5d8bc8cec3f07863f01faef79ea3c4e7e55221c,EXP11A_HISTORICAL_BANK_SENSITIVITY:Top-1,none inferential; descriptive sensitivity across coupled size/composition conditions,not assigned,DESCRIPTIVE_ONLY,not applicable because no inferential decision is authorized,H50 D1/D2 paired on seeds 20261001-20261005; other runs are sensitivity replicates,preserve frozen run/condition summaries without new inferential interval,isolated causal bank-size effect | independence of 1056 cases across runs | split 3000/1006,complete-DAM construction changes composition with nominal size,
G3F02-0251,EXP11A_HISTORICAL_BANK_SENSITIVITY,historical-bank sensitivity supporting interpretation boundaries,EXP-11A,DESCRIPTIVE_ONLY,DESCRIPTIVE,H75-R03,EXP11A_RUN_SENSITIVITY,Top-3,frozen Top-3 for one complete-DAM historical-bank run,354,1056,0.3352272727272727,proportion,MATERIALIZED_FROZEN_VALUE,EVAL_V02_CHAPTER_87,3ddb7a0e80d8bfa20b985655f03d6ab65470b40f0738093413909b6584aee941,1056,67,SERIE for metrics; run/condition for sensitivity summaries,same EVAL series repeated across runs and nested in 67 DAM,outputs/experiments/exp11a_historical_size_sensitivity_v0.3/exp11_metrics_by_run.csv,9b434d7e09e6db7e9de061953b59c53aac2337ad,17ea82be306b81a44760716a0a6f5e55c0b7b5a97e30bc8e12ca59d58ad79958,main=366bf529c29cb999bfd043db33674a510ba184c7; main=a33fc7e10b5bc25a053e982f0ff24ff60eda042f; EXP11A execution=22b18cdc743b4b0f37b8b345215fb747d614d6eb,outputs/experiments/exp11a_historical_size_sensitivity_v0.3/exp11_case_level_ranks.csv,b5d8bc8cec3f07863f01faef79ea3c4e7e55221c,EXP11A_HISTORICAL_BANK_SENSITIVITY:Top-3,none inferential; descriptive sensitivity across coupled size/composition conditions,not assigned,DESCRIPTIVE_ONLY,not applicable because no inferential decision is authorized,H50 D1/D2 paired on seeds 20261001-20261005; other runs are sensitivity replicates,preserve frozen run/condition summaries without new inferential interval,isolated causal bank-size effect | independence of 1056 cases across runs | split 3000/1006,complete-DAM construction changes composition with nominal size,
G3F02-0252,EXP11A_HISTORICAL_BANK_SENSITIVITY,historical-bank sensitivity supporting interpretation boundaries,EXP-11A,DESCRIPTIVE_ONLY,DESCRIPTIVE,H75-R03,EXP11A_RUN_SENSITIVITY,Top-5,frozen Top-5 for one complete-DAM historical-bank run,440,1056,0.4166666666666667,proportion,MATERIALIZED_FROZEN_VALUE,EVAL_V02_CHAPTER_87,3ddb7a0e80d8bfa20b985655f03d6ab65470b40f0738093413909b6584aee941,1056,67,SERIE for metrics; run/condition for sensitivity summaries,same EVAL series repeated across runs and nested in 67 DAM,outputs/experiments/exp11a_historical_size_sensitivity_v0.3/exp11_metrics_by_run.csv,9b434d7e09e6db7e9de061953b59c53aac2337ad,17ea82be306b81a44760716a0a6f5e55c0b7b5a97e30bc8e12ca59d58ad79958,main=366bf529c29cb999bfd043db33674a510ba184c7; main=a33fc7e10b5bc25a053e982f0ff24ff60eda042f; EXP11A execution=22b18cdc743b4b0f37b8b345215fb747d614d6eb,outputs/experiments/exp11a_historical_size_sensitivity_v0.3/exp11_case_level_ranks.csv,b5d8bc8cec3f07863f01faef79ea3c4e7e55221c,EXP11A_HISTORICAL_BANK_SENSITIVITY:Top-5,none inferential; descriptive sensitivity across coupled size/composition conditions,not assigned,DESCRIPTIVE_ONLY,not applicable because no inferential decision is authorized,H50 D1/D2 paired on seeds 20261001-20261005; other runs are sensitivity replicates,preserve frozen run/condition summaries without new inferential interval,isolated causal bank-size effect | independence of 1056 cases across runs | split 3000/1006,complete-DAM construction changes composition with nominal size,
G3F02-0253,EXP11A_HISTORICAL_BANK_SENSITIVITY,historical-bank sensitivity supporting interpretation boundaries,EXP-11A,DESCRIPTIVE_ONLY,DESCRIPTIVE,H75-R03,EXP11A_RUN_SENSITIVITY,Top-10,frozen Top-10 for one complete-DAM historical-bank run,556,1056,0.5265151515151515,proportion,MATERIALIZED_FROZEN_VALUE,EVAL_V02_CHAPTER_87,3ddb7a0e80d8bfa20b985655f03d6ab65470b40f0738093413909b6584aee941,1056,67,SERIE for metrics; run/condition for sensitivity summaries,same EVAL series repeated across runs and nested in 67 DAM,outputs/experiments/exp11a_historical_size_sensitivity_v0.3/exp11_metrics_by_run.csv,9b434d7e09e6db7e9de061953b59c53aac2337ad,17ea82be306b81a44760716a0a6f5e55c0b7b5a97e30bc8e12ca59d58ad79958,main=366bf529c29cb999bfd043db33674a510ba184c7; main=a33fc7e10b5bc25a053e982f0ff24ff60eda042f; EXP11A execution=22b18cdc743b4b0f37b8b345215fb747d614d6eb,outputs/experiments/exp11a_historical_size_sensitivity_v0.3/exp11_case_level_ranks.csv,b5d8bc8cec3f07863f01faef79ea3c4e7e55221c,EXP11A_HISTORICAL_BANK_SENSITIVITY:Top-10,none inferential; descriptive sensitivity across coupled size/composition conditions,not assigned,DESCRIPTIVE_ONLY,not applicable because no inferential decision is authorized,H50 D1/D2 paired on seeds 20261001-20261005; other runs are sensitivity replicates,preserve frozen run/condition summaries without new inferential interval,isolated causal bank-size effect | independence of 1056 cases across runs | split 3000/1006,complete-DAM construction changes composition with nominal size,
G3F02-0254,EXP11A_HISTORICAL_BANK_SENSITIVITY,historical-bank sensitivity supporting interpretation boundaries,EXP-11A,DESCRIPTIVE_ONLY,DESCRIPTIVE,H75-R03,EXP11A_RUN_SENSITIVITY,Top-50,frozen Top-50 for one complete-DAM historical-bank run,736,1056,0.696969696969697,proportion,MATERIALIZED_FROZEN_VALUE,EVAL_V02_CHAPTER_87,3ddb7a0e80d8bfa20b985655f03d6ab65470b40f0738093413909b6584aee941,1056,67,SERIE for metrics; run/condition for sensitivity summaries,same EVAL series repeated across runs and nested in 67 DAM,outputs/experiments/exp11a_historical_size_sensitivity_v0.3/exp11_metrics_by_run.csv,9b434d7e09e6db7e9de061953b59c53aac2337ad,17ea82be306b81a44760716a0a6f5e55c0b7b5a97e30bc8e12ca59d58ad79958,main=366bf529c29cb999bfd043db33674a510ba184c7; main=a33fc7e10b5bc25a053e982f0ff24ff60eda042f; EXP11A execution=22b18cdc743b4b0f37b8b345215fb747d614d6eb,outputs/experiments/exp11a_historical_size_sensitivity_v0.3/exp11_case_level_ranks.csv,b5d8bc8cec3f07863f01faef79ea3c4e7e55221c,EXP11A_HISTORICAL_BANK_SENSITIVITY:Top-50,none inferential; descriptive sensitivity across coupled size/composition conditions,not assigned,DESCRIPTIVE_ONLY,not applicable because no inferential decision is authorized,H50 D1/D2 paired on seeds 20261001-20261005; other runs are sensitivity replicates,preserve frozen run/condition summaries without new inferential interval,isolated causal bank-size effect | independence of 1056 cases across runs | split 3000/1006,complete-DAM construction changes composition with nominal size,
G3F02-0255,EXP11A_HISTORICAL_BANK_SENSITIVITY,historical-bank sensitivity supporting interpretation boundaries,EXP-11A,DESCRIPTIVE_ONLY,DESCRIPTIVE,H75-R03,EXP11A_RUN_SENSITIVITY,MRR@100,frozen MRR@100 for one complete-DAM historical-bank run,,1056,0.2807108393534188,mean_reciprocal_rank,SOURCE_VALUE_MATERIALIZED_WITHOUT_NUMERATOR,EVAL_V02_CHAPTER_87,3ddb7a0e80d8bfa20b985655f03d6ab65470b40f0738093413909b6584aee941,1056,67,SERIE for metrics; run/condition for sensitivity summaries,same EVAL series repeated across runs and nested in 67 DAM,outputs/experiments/exp11a_historical_size_sensitivity_v0.3/exp11_metrics_by_run.csv,9b434d7e09e6db7e9de061953b59c53aac2337ad,17ea82be306b81a44760716a0a6f5e55c0b7b5a97e30bc8e12ca59d58ad79958,main=366bf529c29cb999bfd043db33674a510ba184c7; main=a33fc7e10b5bc25a053e982f0ff24ff60eda042f; EXP11A execution=22b18cdc743b4b0f37b8b345215fb747d614d6eb,outputs/experiments/exp11a_historical_size_sensitivity_v0.3/exp11_case_level_ranks.csv,b5d8bc8cec3f07863f01faef79ea3c4e7e55221c,EXP11A_HISTORICAL_BANK_SENSITIVITY:MRR@100,none inferential; descriptive sensitivity across coupled size/composition conditions,not assigned,DESCRIPTIVE_ONLY,not applicable because no inferential decision is authorized,H50 D1/D2 paired on seeds 20261001-20261005; other runs are sensitivity replicates,preserve frozen run/condition summaries without new inferential interval,isolated causal bank-size effect | independence of 1056 cases across runs | split 3000/1006,complete-DAM construction changes composition with nominal size,
G3F02-0256,EXP11A_HISTORICAL_BANK_SENSITIVITY,historical-bank sensitivity supporting interpretation boundaries,EXP-11A,DESCRIPTIVE_ONLY,DESCRIPTIVE,H75-R04,EXP11A_RUN_SENSITIVITY,Top-1,frozen Top-1 for one complete-DAM historical-bank run,228,1056,0.2159090909090909,proportion,MATERIALIZED_FROZEN_VALUE,EVAL_V02_CHAPTER_87,3ddb7a0e80d8bfa20b985655f03d6ab65470b40f0738093413909b6584aee941,1056,67,SERIE for metrics; run/condition for sensitivity summaries,same EVAL series repeated across runs and nested in 67 DAM,outputs/experiments/exp11a_historical_size_sensitivity_v0.3/exp11_metrics_by_run.csv,9b434d7e09e6db7e9de061953b59c53aac2337ad,17ea82be306b81a44760716a0a6f5e55c0b7b5a97e30bc8e12ca59d58ad79958,main=366bf529c29cb999bfd043db33674a510ba184c7; main=a33fc7e10b5bc25a053e982f0ff24ff60eda042f; EXP11A execution=22b18cdc743b4b0f37b8b345215fb747d614d6eb,outputs/experiments/exp11a_historical_size_sensitivity_v0.3/exp11_case_level_ranks.csv,b5d8bc8cec3f07863f01faef79ea3c4e7e55221c,EXP11A_HISTORICAL_BANK_SENSITIVITY:Top-1,none inferential; descriptive sensitivity across coupled size/composition conditions,not assigned,DESCRIPTIVE_ONLY,not applicable because no inferential decision is authorized,H50 D1/D2 paired on seeds 20261001-20261005; other runs are sensitivity replicates,preserve frozen run/condition summaries without new inferential interval,isolated causal bank-size effect | independence of 1056 cases across runs | split 3000/1006,complete-DAM construction changes composition with nominal size,
G3F02-0257,EXP11A_HISTORICAL_BANK_SENSITIVITY,historical-bank sensitivity supporting interpretation boundaries,EXP-11A,DESCRIPTIVE_ONLY,DESCRIPTIVE,H75-R04,EXP11A_RUN_SENSITIVITY,Top-3,frozen Top-3 for one complete-DAM historical-bank run,415,1056,0.39299242424242425,proportion,MATERIALIZED_FROZEN_VALUE,EVAL_V02_CHAPTER_87,3ddb7a0e80d8bfa20b985655f03d6ab65470b40f0738093413909b6584aee941,1056,67,SERIE for metrics; run/condition for sensitivity summaries,same EVAL series repeated across runs and nested in 67 DAM,outputs/experiments/exp11a_historical_size_sensitivity_v0.3/exp11_metrics_by_run.csv,9b434d7e09e6db7e9de061953b59c53aac2337ad,17ea82be306b81a44760716a0a6f5e55c0b7b5a97e30bc8e12ca59d58ad79958,main=366bf529c29cb999bfd043db33674a510ba184c7; main=a33fc7e10b5bc25a053e982f0ff24ff60eda042f; EXP11A execution=22b18cdc743b4b0f37b8b345215fb747d614d6eb,outputs/experiments/exp11a_historical_size_sensitivity_v0.3/exp11_case_level_ranks.csv,b5d8bc8cec3f07863f01faef79ea3c4e7e55221c,EXP11A_HISTORICAL_BANK_SENSITIVITY:Top-3,none inferential; descriptive sensitivity across coupled size/composition conditions,not assigned,DESCRIPTIVE_ONLY,not applicable because no inferential decision is authorized,H50 D1/D2 paired on seeds 20261001-20261005; other runs are sensitivity replicates,preserve frozen run/condition summaries without new inferential interval,isolated causal bank-size effect | independence of 1056 cases across runs | split 3000/1006,complete-DAM construction changes composition with nominal size,
G3F02-0258,EXP11A_HISTORICAL_BANK_SENSITIVITY,historical-bank sensitivity supporting interpretation boundaries,EXP-11A,DESCRIPTIVE_ONLY,DESCRIPTIVE,H75-R04,EXP11A_RUN_SENSITIVITY,Top-5,frozen Top-5 for one complete-DAM historical-bank run,501,1056,0.4744318181818182,proportion,MATERIALIZED_FROZEN_VALUE,EVAL_V02_CHAPTER_87,3ddb7a0e80d8bfa20b985655f03d6ab65470b40f0738093413909b6584aee941,1056,67,SERIE for metrics; run/condition for sensitivity summaries,same EVAL series repeated across runs and nested in 67 DAM,outputs/experiments/exp11a_historical_size_sensitivity_v0.3/exp11_metrics_by_run.csv,9b434d7e09e6db7e9de061953b59c53aac2337ad,17ea82be306b81a44760716a0a6f5e55c0b7b5a97e30bc8e12ca59d58ad79958,main=366bf529c29cb999bfd043db33674a510ba184c7; main=a33fc7e10b5bc25a053e982f0ff24ff60eda042f; EXP11A execution=22b18cdc743b4b0f37b8b345215fb747d614d6eb,outputs/experiments/exp11a_historical_size_sensitivity_v0.3/exp11_case_level_ranks.csv,b5d8bc8cec3f07863f01faef79ea3c4e7e55221c,EXP11A_HISTORICAL_BANK_SENSITIVITY:Top-5,none inferential; descriptive sensitivity across coupled size/composition conditions,not assigned,DESCRIPTIVE_ONLY,not applicable because no inferential decision is authorized,H50 D1/D2 paired on seeds 20261001-20261005; other runs are sensitivity replicates,preserve frozen run/condition summaries without new inferential interval,isolated causal bank-size effect | independence of 1056 cases across runs | split 3000/1006,complete-DAM construction changes composition with nominal size,
G3F02-0259,EXP11A_HISTORICAL_BANK_SENSITIVITY,historical-bank sensitivity supporting interpretation boundaries,EXP-11A,DESCRIPTIVE_ONLY,DESCRIPTIVE,H75-R04,EXP11A_RUN_SENSITIVITY,Top-10,frozen Top-10 for one complete-DAM historical-bank run,605,1056,0.5729166666666666,proportion,MATERIALIZED_FROZEN_VALUE,EVAL_V02_CHAPTER_87,3ddb7a0e80d8bfa20b985655f03d6ab65470b40f0738093413909b6584aee941,1056,67,SERIE for metrics; run/condition for sensitivity summaries,same EVAL series repeated across runs and nested in 67 DAM,outputs/experiments/exp11a_historical_size_sensitivity_v0.3/exp11_metrics_by_run.csv,9b434d7e09e6db7e9de061953b59c53aac2337ad,17ea82be306b81a44760716a0a6f5e55c0b7b5a97e30bc8e12ca59d58ad79958,main=366bf529c29cb999bfd043db33674a510ba184c7; main=a33fc7e10b5bc25a053e982f0ff24ff60eda042f; EXP11A execution=22b18cdc743b4b0f37b8b345215fb747d614d6eb,outputs/experiments/exp11a_historical_size_sensitivity_v0.3/exp11_case_level_ranks.csv,b5d8bc8cec3f07863f01faef79ea3c4e7e55221c,EXP11A_HISTORICAL_BANK_SENSITIVITY:Top-10,none inferential; descriptive sensitivity across coupled size/composition conditions,not assigned,DESCRIPTIVE_ONLY,not applicable because no inferential decision is authorized,H50 D1/D2 paired on seeds 20261001-20261005; other runs are sensitivity replicates,preserve frozen run/condition summaries without new inferential interval,isolated causal bank-size effect | independence of 1056 cases across runs | split 3000/1006,complete-DAM construction changes composition with nominal size,
G3F02-0260,EXP11A_HISTORICAL_BANK_SENSITIVITY,historical-bank sensitivity supporting interpretation boundaries,EXP-11A,DESCRIPTIVE_ONLY,DESCRIPTIVE,H75-R04,EXP11A_RUN_SENSITIVITY,Top-50,frozen Top-50 for one complete-DAM historical-bank run,700,1056,0.6628787878787878,proportion,MATERIALIZED_FROZEN_VALUE,EVAL_V02_CHAPTER_87,3ddb7a0e80d8bfa20b985655f03d6ab65470b40f0738093413909b6584aee941,1056,67,SERIE for metrics; run/condition for sensitivity summaries,same EVAL series repeated across runs and nested in 67 DAM,outputs/experiments/exp11a_historical_size_sensitivity_v0.3/exp11_metrics_by_run.csv,9b434d7e09e6db7e9de061953b59c53aac2337ad,17ea82be306b81a44760716a0a6f5e55c0b7b5a97e30bc8e12ca59d58ad79958,main=366bf529c29cb999bfd043db33674a510ba184c7; main=a33fc7e10b5bc25a053e982f0ff24ff60eda042f; EXP11A execution=22b18cdc743b4b0f37b8b345215fb747d614d6eb,outputs/experiments/exp11a_historical_size_sensitivity_v0.3/exp11_case_level_ranks.csv,b5d8bc8cec3f07863f01faef79ea3c4e7e55221c,EXP11A_HISTORICAL_BANK_SENSITIVITY:Top-50,none inferential; descriptive sensitivity across coupled size/composition conditions,not assigned,DESCRIPTIVE_ONLY,not applicable because no inferential decision is authorized,H50 D1/D2 paired on seeds 20261001-20261005; other runs are sensitivity replicates,preserve frozen run/condition summaries without new inferential interval,isolated causal bank-size effect | independence of 1056 cases across runs | split 3000/1006,complete-DAM construction changes composition with nominal size,
G3F02-0261,EXP11A_HISTORICAL_BANK_SENSITIVITY,historical-bank sensitivity supporting interpretation boundaries,EXP-11A,DESCRIPTIVE_ONLY,DESCRIPTIVE,H75-R04,EXP11A_RUN_SENSITIVITY,MRR@100,frozen MRR@100 for one complete-DAM historical-bank run,,1056,0.329215873028332,mean_reciprocal_rank,SOURCE_VALUE_MATERIALIZED_WITHOUT_NUMERATOR,EVAL_V02_CHAPTER_87,3ddb7a0e80d8bfa20b985655f03d6ab65470b40f0738093413909b6584aee941,1056,67,SERIE for metrics; run/condition for sensitivity summaries,same EVAL series repeated across runs and nested in 67 DAM,outputs/experiments/exp11a_historical_size_sensitivity_v0.3/exp11_metrics_by_run.csv,9b434d7e09e6db7e9de061953b59c53aac2337ad,17ea82be306b81a44760716a0a6f5e55c0b7b5a97e30bc8e12ca59d58ad79958,main=366bf529c29cb999bfd043db33674a510ba184c7; main=a33fc7e10b5bc25a053e982f0ff24ff60eda042f; EXP11A execution=22b18cdc743b4b0f37b8b345215fb747d614d6eb,outputs/experiments/exp11a_historical_size_sensitivity_v0.3/exp11_case_level_ranks.csv,b5d8bc8cec3f07863f01faef79ea3c4e7e55221c,EXP11A_HISTORICAL_BANK_SENSITIVITY:MRR@100,none inferential; descriptive sensitivity across coupled size/composition conditions,not assigned,DESCRIPTIVE_ONLY,not applicable because no inferential decision is authorized,H50 D1/D2 paired on seeds 20261001-20261005; other runs are sensitivity replicates,preserve frozen run/condition summaries without new inferential interval,isolated causal bank-size effect | independence of 1056 cases across runs | split 3000/1006,complete-DAM construction changes composition with nominal size,
G3F02-0262,EXP11A_HISTORICAL_BANK_SENSITIVITY,historical-bank sensitivity supporting interpretation boundaries,EXP-11A,DESCRIPTIVE_ONLY,DESCRIPTIVE,H75-R05,EXP11A_RUN_SENSITIVITY,Top-1,frozen Top-1 for one complete-DAM historical-bank run,420,1056,0.3977272727272727,proportion,MATERIALIZED_FROZEN_VALUE,EVAL_V02_CHAPTER_87,3ddb7a0e80d8bfa20b985655f03d6ab65470b40f0738093413909b6584aee941,1056,67,SERIE for metrics; run/condition for sensitivity summaries,same EVAL series repeated across runs and nested in 67 DAM,outputs/experiments/exp11a_historical_size_sensitivity_v0.3/exp11_metrics_by_run.csv,9b434d7e09e6db7e9de061953b59c53aac2337ad,17ea82be306b81a44760716a0a6f5e55c0b7b5a97e30bc8e12ca59d58ad79958,main=366bf529c29cb999bfd043db33674a510ba184c7; main=a33fc7e10b5bc25a053e982f0ff24ff60eda042f; EXP11A execution=22b18cdc743b4b0f37b8b345215fb747d614d6eb,outputs/experiments/exp11a_historical_size_sensitivity_v0.3/exp11_case_level_ranks.csv,b5d8bc8cec3f07863f01faef79ea3c4e7e55221c,EXP11A_HISTORICAL_BANK_SENSITIVITY:Top-1,none inferential; descriptive sensitivity across coupled size/composition conditions,not assigned,DESCRIPTIVE_ONLY,not applicable because no inferential decision is authorized,H50 D1/D2 paired on seeds 20261001-20261005; other runs are sensitivity replicates,preserve frozen run/condition summaries without new inferential interval,isolated causal bank-size effect | independence of 1056 cases across runs | split 3000/1006,complete-DAM construction changes composition with nominal size,
G3F02-0263,EXP11A_HISTORICAL_BANK_SENSITIVITY,historical-bank sensitivity supporting interpretation boundaries,EXP-11A,DESCRIPTIVE_ONLY,DESCRIPTIVE,H75-R05,EXP11A_RUN_SENSITIVITY,Top-3,frozen Top-3 for one complete-DAM historical-bank run,599,1056,0.5672348484848485,proportion,MATERIALIZED_FROZEN_VALUE,EVAL_V02_CHAPTER_87,3ddb7a0e80d8bfa20b985655f03d6ab65470b40f0738093413909b6584aee941,1056,67,SERIE for metrics; run/condition for sensitivity summaries,same EVAL series repeated across runs and nested in 67 DAM,outputs/experiments/exp11a_historical_size_sensitivity_v0.3/exp11_metrics_by_run.csv,9b434d7e09e6db7e9de061953b59c53aac2337ad,17ea82be306b81a44760716a0a6f5e55c0b7b5a97e30bc8e12ca59d58ad79958,main=366bf529c29cb999bfd043db33674a510ba184c7; main=a33fc7e10b5bc25a053e982f0ff24ff60eda042f; EXP11A execution=22b18cdc743b4b0f37b8b345215fb747d614d6eb,outputs/experiments/exp11a_historical_size_sensitivity_v0.3/exp11_case_level_ranks.csv,b5d8bc8cec3f07863f01faef79ea3c4e7e55221c,EXP11A_HISTORICAL_BANK_SENSITIVITY:Top-3,none inferential; descriptive sensitivity across coupled size/composition conditions,not assigned,DESCRIPTIVE_ONLY,not applicable because no inferential decision is authorized,H50 D1/D2 paired on seeds 20261001-20261005; other runs are sensitivity replicates,preserve frozen run/condition summaries without new inferential interval,isolated causal bank-size effect | independence of 1056 cases across runs | split 3000/1006,complete-DAM construction changes composition with nominal size,
G3F02-0264,EXP11A_HISTORICAL_BANK_SENSITIVITY,historical-bank sensitivity supporting interpretation boundaries,EXP-11A,DESCRIPTIVE_ONLY,DESCRIPTIVE,H75-R05,EXP11A_RUN_SENSITIVITY,Top-5,frozen Top-5 for one complete-DAM historical-bank run,688,1056,0.6515151515151515,proportion,MATERIALIZED_FROZEN_VALUE,EVAL_V02_CHAPTER_87,3ddb7a0e80d8bfa20b985655f03d6ab65470b40f0738093413909b6584aee941,1056,67,SERIE for metrics; run/condition for sensitivity summaries,same EVAL series repeated across runs and nested in 67 DAM,outputs/experiments/exp11a_historical_size_sensitivity_v0.3/exp11_metrics_by_run.csv,9b434d7e09e6db7e9de061953b59c53aac2337ad,17ea82be306b81a44760716a0a6f5e55c0b7b5a97e30bc8e12ca59d58ad79958,main=366bf529c29cb999bfd043db33674a510ba184c7; main=a33fc7e10b5bc25a053e982f0ff24ff60eda042f; EXP11A execution=22b18cdc743b4b0f37b8b345215fb747d614d6eb,outputs/experiments/exp11a_historical_size_sensitivity_v0.3/exp11_case_level_ranks.csv,b5d8bc8cec3f07863f01faef79ea3c4e7e55221c,EXP11A_HISTORICAL_BANK_SENSITIVITY:Top-5,none inferential; descriptive sensitivity across coupled size/composition conditions,not assigned,DESCRIPTIVE_ONLY,not applicable because no inferential decision is authorized,H50 D1/D2 paired on seeds 20261001-20261005; other runs are sensitivity replicates,preserve frozen run/condition summaries without new inferential interval,isolated causal bank-size effect | independence of 1056 cases across runs | split 3000/1006,complete-DAM construction changes composition with nominal size,
G3F02-0265,EXP11A_HISTORICAL_BANK_SENSITIVITY,historical-bank sensitivity supporting interpretation boundaries,EXP-11A,DESCRIPTIVE_ONLY,DESCRIPTIVE,H75-R05,EXP11A_RUN_SENSITIVITY,Top-10,frozen Top-10 for one complete-DAM historical-bank run,826,1056,0.7821969696969697,proportion,MATERIALIZED_FROZEN_VALUE,EVAL_V02_CHAPTER_87,3ddb7a0e80d8bfa20b985655f03d6ab65470b40f0738093413909b6584aee941,1056,67,SERIE for metrics; run/condition for sensitivity summaries,same EVAL series repeated across runs and nested in 67 DAM,outputs/experiments/exp11a_historical_size_sensitivity_v0.3/exp11_metrics_by_run.csv,9b434d7e09e6db7e9de061953b59c53aac2337ad,17ea82be306b81a44760716a0a6f5e55c0b7b5a97e30bc8e12ca59d58ad79958,main=366bf529c29cb999bfd043db33674a510ba184c7; main=a33fc7e10b5bc25a053e982f0ff24ff60eda042f; EXP11A execution=22b18cdc743b4b0f37b8b345215fb747d614d6eb,outputs/experiments/exp11a_historical_size_sensitivity_v0.3/exp11_case_level_ranks.csv,b5d8bc8cec3f07863f01faef79ea3c4e7e55221c,EXP11A_HISTORICAL_BANK_SENSITIVITY:Top-10,none inferential; descriptive sensitivity across coupled size/composition conditions,not assigned,DESCRIPTIVE_ONLY,not applicable because no inferential decision is authorized,H50 D1/D2 paired on seeds 20261001-20261005; other runs are sensitivity replicates,preserve frozen run/condition summaries without new inferential interval,isolated causal bank-size effect | independence of 1056 cases across runs | split 3000/1006,complete-DAM construction changes composition with nominal size,
G3F02-0266,EXP11A_HISTORICAL_BANK_SENSITIVITY,historical-bank sensitivity supporting interpretation boundaries,EXP-11A,DESCRIPTIVE_ONLY,DESCRIPTIVE,H75-R05,EXP11A_RUN_SENSITIVITY,Top-50,frozen Top-50 for one complete-DAM historical-bank run,1014,1056,0.9602272727272727,proportion,MATERIALIZED_FROZEN_VALUE,EVAL_V02_CHAPTER_87,3ddb7a0e80d8bfa20b985655f03d6ab65470b40f0738093413909b6584aee941,1056,67,SERIE for metrics; run/condition for sensitivity summaries,same EVAL series repeated across runs and nested in 67 DAM,outputs/experiments/exp11a_historical_size_sensitivity_v0.3/exp11_metrics_by_run.csv,9b434d7e09e6db7e9de061953b59c53aac2337ad,17ea82be306b81a44760716a0a6f5e55c0b7b5a97e30bc8e12ca59d58ad79958,main=366bf529c29cb999bfd043db33674a510ba184c7; main=a33fc7e10b5bc25a053e982f0ff24ff60eda042f; EXP11A execution=22b18cdc743b4b0f37b8b345215fb747d614d6eb,outputs/experiments/exp11a_historical_size_sensitivity_v0.3/exp11_case_level_ranks.csv,b5d8bc8cec3f07863f01faef79ea3c4e7e55221c,EXP11A_HISTORICAL_BANK_SENSITIVITY:Top-50,none inferential; descriptive sensitivity across coupled size/composition conditions,not assigned,DESCRIPTIVE_ONLY,not applicable because no inferential decision is authorized,H50 D1/D2 paired on seeds 20261001-20261005; other runs are sensitivity replicates,preserve frozen run/condition summaries without new inferential interval,isolated causal bank-size effect | independence of 1056 cases across runs | split 3000/1006,complete-DAM construction changes composition with nominal size,
G3F02-0267,EXP11A_HISTORICAL_BANK_SENSITIVITY,historical-bank sensitivity supporting interpretation boundaries,EXP-11A,DESCRIPTIVE_ONLY,DESCRIPTIVE,H75-R05,EXP11A_RUN_SENSITIVITY,MRR@100,frozen MRR@100 for one complete-DAM historical-bank run,,1056,0.5210573835597707,mean_reciprocal_rank,SOURCE_VALUE_MATERIALIZED_WITHOUT_NUMERATOR,EVAL_V02_CHAPTER_87,3ddb7a0e80d8bfa20b985655f03d6ab65470b40f0738093413909b6584aee941,1056,67,SERIE for metrics; run/condition for sensitivity summaries,same EVAL series repeated across runs and nested in 67 DAM,outputs/experiments/exp11a_historical_size_sensitivity_v0.3/exp11_metrics_by_run.csv,9b434d7e09e6db7e9de061953b59c53aac2337ad,17ea82be306b81a44760716a0a6f5e55c0b7b5a97e30bc8e12ca59d58ad79958,main=366bf529c29cb999bfd043db33674a510ba184c7; main=a33fc7e10b5bc25a053e982f0ff24ff60eda042f; EXP11A execution=22b18cdc743b4b0f37b8b345215fb747d614d6eb,outputs/experiments/exp11a_historical_size_sensitivity_v0.3/exp11_case_level_ranks.csv,b5d8bc8cec3f07863f01faef79ea3c4e7e55221c,EXP11A_HISTORICAL_BANK_SENSITIVITY:MRR@100,none inferential; descriptive sensitivity across coupled size/composition conditions,not assigned,DESCRIPTIVE_ONLY,not applicable because no inferential decision is authorized,H50 D1/D2 paired on seeds 20261001-20261005; other runs are sensitivity replicates,preserve frozen run/condition summaries without new inferential interval,isolated causal bank-size effect | independence of 1056 cases across runs | split 3000/1006,complete-DAM construction changes composition with nominal size,
G3F02-0268,EXP11A_HISTORICAL_BANK_SENSITIVITY,historical-bank sensitivity supporting interpretation boundaries,EXP-11A,DESCRIPTIVE_ONLY,DESCRIPTIVE,H75-R06,EXP11A_RUN_SENSITIVITY,Top-1,frozen Top-1 for one complete-DAM historical-bank run,144,1056,0.13636363636363635,proportion,MATERIALIZED_FROZEN_VALUE,EVAL_V02_CHAPTER_87,3ddb7a0e80d8bfa20b985655f03d6ab65470b40f0738093413909b6584aee941,1056,67,SERIE for metrics; run/condition for sensitivity summaries,same EVAL series repeated across runs and nested in 67 DAM,outputs/experiments/exp11a_historical_size_sensitivity_v0.3/exp11_metrics_by_run.csv,9b434d7e09e6db7e9de061953b59c53aac2337ad,17ea82be306b81a44760716a0a6f5e55c0b7b5a97e30bc8e12ca59d58ad79958,main=366bf529c29cb999bfd043db33674a510ba184c7; main=a33fc7e10b5bc25a053e982f0ff24ff60eda042f; EXP11A execution=22b18cdc743b4b0f37b8b345215fb747d614d6eb,outputs/experiments/exp11a_historical_size_sensitivity_v0.3/exp11_case_level_ranks.csv,b5d8bc8cec3f07863f01faef79ea3c4e7e55221c,EXP11A_HISTORICAL_BANK_SENSITIVITY:Top-1,none inferential; descriptive sensitivity across coupled size/composition conditions,not assigned,DESCRIPTIVE_ONLY,not applicable because no inferential decision is authorized,H50 D1/D2 paired on seeds 20261001-20261005; other runs are sensitivity replicates,preserve frozen run/condition summaries without new inferential interval,isolated causal bank-size effect | independence of 1056 cases across runs | split 3000/1006,complete-DAM construction changes composition with nominal size,
G3F02-0269,EXP11A_HISTORICAL_BANK_SENSITIVITY,historical-bank sensitivity supporting interpretation boundaries,EXP-11A,DESCRIPTIVE_ONLY,DESCRIPTIVE,H75-R06,EXP11A_RUN_SENSITIVITY,Top-3,frozen Top-3 for one complete-DAM historical-bank run,300,1056,0.2840909090909091,proportion,MATERIALIZED_FROZEN_VALUE,EVAL_V02_CHAPTER_87,3ddb7a0e80d8bfa20b985655f03d6ab65470b40f0738093413909b6584aee941,1056,67,SERIE for metrics; run/condition for sensitivity summaries,same EVAL series repeated across runs and nested in 67 DAM,outputs/experiments/exp11a_historical_size_sensitivity_v0.3/exp11_metrics_by_run.csv,9b434d7e09e6db7e9de061953b59c53aac2337ad,17ea82be306b81a44760716a0a6f5e55c0b7b5a97e30bc8e12ca59d58ad79958,main=366bf529c29cb999bfd043db33674a510ba184c7; main=a33fc7e10b5bc25a053e982f0ff24ff60eda042f; EXP11A execution=22b18cdc743b4b0f37b8b345215fb747d614d6eb,outputs/experiments/exp11a_historical_size_sensitivity_v0.3/exp11_case_level_ranks.csv,b5d8bc8cec3f07863f01faef79ea3c4e7e55221c,EXP11A_HISTORICAL_BANK_SENSITIVITY:Top-3,none inferential; descriptive sensitivity across coupled size/composition conditions,not assigned,DESCRIPTIVE_ONLY,not applicable because no inferential decision is authorized,H50 D1/D2 paired on seeds 20261001-20261005; other runs are sensitivity replicates,preserve frozen run/condition summaries without new inferential interval,isolated causal bank-size effect | independence of 1056 cases across runs | split 3000/1006,complete-DAM construction changes composition with nominal size,
G3F02-0270,EXP11A_HISTORICAL_BANK_SENSITIVITY,historical-bank sensitivity supporting interpretation boundaries,EXP-11A,DESCRIPTIVE_ONLY,DESCRIPTIVE,H75-R06,EXP11A_RUN_SENSITIVITY,Top-5,frozen Top-5 for one complete-DAM historical-bank run,402,1056,0.3806818181818182,proportion,MATERIALIZED_FROZEN_VALUE,EVAL_V02_CHAPTER_87,3ddb7a0e80d8bfa20b985655f03d6ab65470b40f0738093413909b6584aee941,1056,67,SERIE for metrics; run/condition for sensitivity summaries,same EVAL series repeated across runs and nested in 67 DAM,outputs/experiments/exp11a_historical_size_sensitivity_v0.3/exp11_metrics_by_run.csv,9b434d7e09e6db7e9de061953b59c53aac2337ad,17ea82be306b81a44760716a0a6f5e55c0b7b5a97e30bc8e12ca59d58ad79958,main=366bf529c29cb999bfd043db33674a510ba184c7; main=a33fc7e10b5bc25a053e982f0ff24ff60eda042f; EXP11A execution=22b18cdc743b4b0f37b8b345215fb747d614d6eb,outputs/experiments/exp11a_historical_size_sensitivity_v0.3/exp11_case_level_ranks.csv,b5d8bc8cec3f07863f01faef79ea3c4e7e55221c,EXP11A_HISTORICAL_BANK_SENSITIVITY:Top-5,none inferential; descriptive sensitivity across coupled size/composition conditions,not assigned,DESCRIPTIVE_ONLY,not applicable because no inferential decision is authorized,H50 D1/D2 paired on seeds 20261001-20261005; other runs are sensitivity replicates,preserve frozen run/condition summaries without new inferential interval,isolated causal bank-size effect | independence of 1056 cases across runs | split 3000/1006,complete-DAM construction changes composition with nominal size,
G3F02-0271,EXP11A_HISTORICAL_BANK_SENSITIVITY,historical-bank sensitivity supporting interpretation boundaries,EXP-11A,DESCRIPTIVE_ONLY,DESCRIPTIVE,H75-R06,EXP11A_RUN_SENSITIVITY,Top-10,frozen Top-10 for one complete-DAM historical-bank run,521,1056,0.4933712121212121,proportion,MATERIALIZED_FROZEN_VALUE,EVAL_V02_CHAPTER_87,3ddb7a0e80d8bfa20b985655f03d6ab65470b40f0738093413909b6584aee941,1056,67,SERIE for metrics; run/condition for sensitivity summaries,same EVAL series repeated across runs and nested in 67 DAM,outputs/experiments/exp11a_historical_size_sensitivity_v0.3/exp11_metrics_by_run.csv,9b434d7e09e6db7e9de061953b59c53aac2337ad,17ea82be306b81a44760716a0a6f5e55c0b7b5a97e30bc8e12ca59d58ad79958,main=366bf529c29cb999bfd043db33674a510ba184c7; main=a33fc7e10b5bc25a053e982f0ff24ff60eda042f; EXP11A execution=22b18cdc743b4b0f37b8b345215fb747d614d6eb,outputs/experiments/exp11a_historical_size_sensitivity_v0.3/exp11_case_level_ranks.csv,b5d8bc8cec3f07863f01faef79ea3c4e7e55221c,EXP11A_HISTORICAL_BANK_SENSITIVITY:Top-10,none inferential; descriptive sensitivity across coupled size/composition conditions,not assigned,DESCRIPTIVE_ONLY,not applicable because no inferential decision is authorized,H50 D1/D2 paired on seeds 20261001-20261005; other runs are sensitivity replicates,preserve frozen run/condition summaries without new inferential interval,isolated causal bank-size effect | independence of 1056 cases across runs | split 3000/1006,complete-DAM construction changes composition with nominal size,
G3F02-0272,EXP11A_HISTORICAL_BANK_SENSITIVITY,historical-bank sensitivity supporting interpretation boundaries,EXP-11A,DESCRIPTIVE_ONLY,DESCRIPTIVE,H75-R06,EXP11A_RUN_SENSITIVITY,Top-50,frozen Top-50 for one complete-DAM historical-bank run,708,1056,0.6704545454545454,proportion,MATERIALIZED_FROZEN_VALUE,EVAL_V02_CHAPTER_87,3ddb7a0e80d8bfa20b985655f03d6ab65470b40f0738093413909b6584aee941,1056,67,SERIE for metrics; run/condition for sensitivity summaries,same EVAL series repeated across runs and nested in 67 DAM,outputs/experiments/exp11a_historical_size_sensitivity_v0.3/exp11_metrics_by_run.csv,9b434d7e09e6db7e9de061953b59c53aac2337ad,17ea82be306b81a44760716a0a6f5e55c0b7b5a97e30bc8e12ca59d58ad79958,main=366bf529c29cb999bfd043db33674a510ba184c7; main=a33fc7e10b5bc25a053e982f0ff24ff60eda042f; EXP11A execution=22b18cdc743b4b0f37b8b345215fb747d614d6eb,outputs/experiments/exp11a_historical_size_sensitivity_v0.3/exp11_case_level_ranks.csv,b5d8bc8cec3f07863f01faef79ea3c4e7e55221c,EXP11A_HISTORICAL_BANK_SENSITIVITY:Top-50,none inferential; descriptive sensitivity across coupled size/composition conditions,not assigned,DESCRIPTIVE_ONLY,not applicable because no inferential decision is authorized,H50 D1/D2 paired on seeds 20261001-20261005; other runs are sensitivity replicates,preserve frozen run/condition summaries without new inferential interval,isolated causal bank-size effect | independence of 1056 cases across runs | split 3000/1006,complete-DAM construction changes composition with nominal size,
G3F02-0273,EXP11A_HISTORICAL_BANK_SENSITIVITY,historical-bank sensitivity supporting interpretation boundaries,EXP-11A,DESCRIPTIVE_ONLY,DESCRIPTIVE,H75-R06,EXP11A_RUN_SENSITIVITY,MRR@100,frozen MRR@100 for one complete-DAM historical-bank run,,1056,0.248756555443534,mean_reciprocal_rank,SOURCE_VALUE_MATERIALIZED_WITHOUT_NUMERATOR,EVAL_V02_CHAPTER_87,3ddb7a0e80d8bfa20b985655f03d6ab65470b40f0738093413909b6584aee941,1056,67,SERIE for metrics; run/condition for sensitivity summaries,same EVAL series repeated across runs and nested in 67 DAM,outputs/experiments/exp11a_historical_size_sensitivity_v0.3/exp11_metrics_by_run.csv,9b434d7e09e6db7e9de061953b59c53aac2337ad,17ea82be306b81a44760716a0a6f5e55c0b7b5a97e30bc8e12ca59d58ad79958,main=366bf529c29cb999bfd043db33674a510ba184c7; main=a33fc7e10b5bc25a053e982f0ff24ff60eda042f; EXP11A execution=22b18cdc743b4b0f37b8b345215fb747d614d6eb,outputs/experiments/exp11a_historical_size_sensitivity_v0.3/exp11_case_level_ranks.csv,b5d8bc8cec3f07863f01faef79ea3c4e7e55221c,EXP11A_HISTORICAL_BANK_SENSITIVITY:MRR@100,none inferential; descriptive sensitivity across coupled size/composition conditions,not assigned,DESCRIPTIVE_ONLY,not applicable because no inferential decision is authorized,H50 D1/D2 paired on seeds 20261001-20261005; other runs are sensitivity replicates,preserve frozen run/condition summaries without new inferential interval,isolated causal bank-size effect | independence of 1056 cases across runs | split 3000/1006,complete-DAM construction changes composition with nominal size,
G3F02-0274,EXP11A_HISTORICAL_BANK_SENSITIVITY,historical-bank sensitivity supporting interpretation boundaries,EXP-11A,DESCRIPTIVE_ONLY,DESCRIPTIVE,H75-R07,EXP11A_RUN_SENSITIVITY,Top-1,frozen Top-1 for one complete-DAM historical-bank run,433,1056,0.4100378787878788,proportion,MATERIALIZED_FROZEN_VALUE,EVAL_V02_CHAPTER_87,3ddb7a0e80d8bfa20b985655f03d6ab65470b40f0738093413909b6584aee941,1056,67,SERIE for metrics; run/condition for sensitivity summaries,same EVAL series repeated across runs and nested in 67 DAM,outputs/experiments/exp11a_historical_size_sensitivity_v0.3/exp11_metrics_by_run.csv,9b434d7e09e6db7e9de061953b59c53aac2337ad,17ea82be306b81a44760716a0a6f5e55c0b7b5a97e30bc8e12ca59d58ad79958,main=366bf529c29cb999bfd043db33674a510ba184c7; main=a33fc7e10b5bc25a053e982f0ff24ff60eda042f; EXP11A execution=22b18cdc743b4b0f37b8b345215fb747d614d6eb,outputs/experiments/exp11a_historical_size_sensitivity_v0.3/exp11_case_level_ranks.csv,b5d8bc8cec3f07863f01faef79ea3c4e7e55221c,EXP11A_HISTORICAL_BANK_SENSITIVITY:Top-1,none inferential; descriptive sensitivity across coupled size/composition conditions,not assigned,DESCRIPTIVE_ONLY,not applicable because no inferential decision is authorized,H50 D1/D2 paired on seeds 20261001-20261005; other runs are sensitivity replicates,preserve frozen run/condition summaries without new inferential interval,isolated causal bank-size effect | independence of 1056 cases across runs | split 3000/1006,complete-DAM construction changes composition with nominal size,
G3F02-0275,EXP11A_HISTORICAL_BANK_SENSITIVITY,historical-bank sensitivity supporting interpretation boundaries,EXP-11A,DESCRIPTIVE_ONLY,DESCRIPTIVE,H75-R07,EXP11A_RUN_SENSITIVITY,Top-3,frozen Top-3 for one complete-DAM historical-bank run,562,1056,0.5321969696969697,proportion,MATERIALIZED_FROZEN_VALUE,EVAL_V02_CHAPTER_87,3ddb7a0e80d8bfa20b985655f03d6ab65470b40f0738093413909b6584aee941,1056,67,SERIE for metrics; run/condition for sensitivity summaries,same EVAL series repeated across runs and nested in 67 DAM,outputs/experiments/exp11a_historical_size_sensitivity_v0.3/exp11_metrics_by_run.csv,9b434d7e09e6db7e9de061953b59c53aac2337ad,17ea82be306b81a44760716a0a6f5e55c0b7b5a97e30bc8e12ca59d58ad79958,main=366bf529c29cb999bfd043db33674a510ba184c7; main=a33fc7e10b5bc25a053e982f0ff24ff60eda042f; EXP11A execution=22b18cdc743b4b0f37b8b345215fb747d614d6eb,outputs/experiments/exp11a_historical_size_sensitivity_v0.3/exp11_case_level_ranks.csv,b5d8bc8cec3f07863f01faef79ea3c4e7e55221c,EXP11A_HISTORICAL_BANK_SENSITIVITY:Top-3,none inferential; descriptive sensitivity across coupled size/composition conditions,not assigned,DESCRIPTIVE_ONLY,not applicable because no inferential decision is authorized,H50 D1/D2 paired on seeds 20261001-20261005; other runs are sensitivity replicates,preserve frozen run/condition summaries without new inferential interval,isolated causal bank-size effect | independence of 1056 cases across runs | split 3000/1006,complete-DAM construction changes composition with nominal size,
G3F02-0276,EXP11A_HISTORICAL_BANK_SENSITIVITY,historical-bank sensitivity supporting interpretation boundaries,EXP-11A,DESCRIPTIVE_ONLY,DESCRIPTIVE,H75-R07,EXP11A_RUN_SENSITIVITY,Top-5,frozen Top-5 for one complete-DAM historical-bank run,672,1056,0.6363636363636364,proportion,MATERIALIZED_FROZEN_VALUE,EVAL_V02_CHAPTER_87,3ddb7a0e80d8bfa20b985655f03d6ab65470b40f0738093413909b6584aee941,1056,67,SERIE for metrics; run/condition for sensitivity summaries,same EVAL series repeated across runs and nested in 67 DAM,outputs/experiments/exp11a_historical_size_sensitivity_v0.3/exp11_metrics_by_run.csv,9b434d7e09e6db7e9de061953b59c53aac2337ad,17ea82be306b81a44760716a0a6f5e55c0b7b5a97e30bc8e12ca59d58ad79958,main=366bf529c29cb999bfd043db33674a510ba184c7; main=a33fc7e10b5bc25a053e982f0ff24ff60eda042f; EXP11A execution=22b18cdc743b4b0f37b8b345215fb747d614d6eb,outputs/experiments/exp11a_historical_size_sensitivity_v0.3/exp11_case_level_ranks.csv,b5d8bc8cec3f07863f01faef79ea3c4e7e55221c,EXP11A_HISTORICAL_BANK_SENSITIVITY:Top-5,none inferential; descriptive sensitivity across coupled size/composition conditions,not assigned,DESCRIPTIVE_ONLY,not applicable because no inferential decision is authorized,H50 D1/D2 paired on seeds 20261001-20261005; other runs are sensitivity replicates,preserve frozen run/condition summaries without new inferential interval,isolated causal bank-size effect | independence of 1056 cases across runs | split 3000/1006,complete-DAM construction changes composition with nominal size,
G3F02-0277,EXP11A_HISTORICAL_BANK_SENSITIVITY,historical-bank sensitivity supporting interpretation boundaries,EXP-11A,DESCRIPTIVE_ONLY,DESCRIPTIVE,H75-R07,EXP11A_RUN_SENSITIVITY,Top-10,frozen Top-10 for one complete-DAM historical-bank run,799,1056,0.7566287878787878,proportion,MATERIALIZED_FROZEN_VALUE,EVAL_V02_CHAPTER_87,3ddb7a0e80d8bfa20b985655f03d6ab65470b40f0738093413909b6584aee941,1056,67,SERIE for metrics; run/condition for sensitivity summaries,same EVAL series repeated across runs and nested in 67 DAM,outputs/experiments/exp11a_historical_size_sensitivity_v0.3/exp11_metrics_by_run.csv,9b434d7e09e6db7e9de061953b59c53aac2337ad,17ea82be306b81a44760716a0a6f5e55c0b7b5a97e30bc8e12ca59d58ad79958,main=366bf529c29cb999bfd043db33674a510ba184c7; main=a33fc7e10b5bc25a053e982f0ff24ff60eda042f; EXP11A execution=22b18cdc743b4b0f37b8b345215fb747d614d6eb,outputs/experiments/exp11a_historical_size_sensitivity_v0.3/exp11_case_level_ranks.csv,b5d8bc8cec3f07863f01faef79ea3c4e7e55221c,EXP11A_HISTORICAL_BANK_SENSITIVITY:Top-10,none inferential; descriptive sensitivity across coupled size/composition conditions,not assigned,DESCRIPTIVE_ONLY,not applicable because no inferential decision is authorized,H50 D1/D2 paired on seeds 20261001-20261005; other runs are sensitivity replicates,preserve frozen run/condition summaries without new inferential interval,isolated causal bank-size effect | independence of 1056 cases across runs | split 3000/1006,complete-DAM construction changes composition with nominal size,
G3F02-0278,EXP11A_HISTORICAL_BANK_SENSITIVITY,historical-bank sensitivity supporting interpretation boundaries,EXP-11A,DESCRIPTIVE_ONLY,DESCRIPTIVE,H75-R07,EXP11A_RUN_SENSITIVITY,Top-50,frozen Top-50 for one complete-DAM historical-bank run,1001,1056,0.9479166666666666,proportion,MATERIALIZED_FROZEN_VALUE,EVAL_V02_CHAPTER_87,3ddb7a0e80d8bfa20b985655f03d6ab65470b40f0738093413909b6584aee941,1056,67,SERIE for metrics; run/condition for sensitivity summaries,same EVAL series repeated across runs and nested in 67 DAM,outputs/experiments/exp11a_historical_size_sensitivity_v0.3/exp11_metrics_by_run.csv,9b434d7e09e6db7e9de061953b59c53aac2337ad,17ea82be306b81a44760716a0a6f5e55c0b7b5a97e30bc8e12ca59d58ad79958,main=366bf529c29cb999bfd043db33674a510ba184c7; main=a33fc7e10b5bc25a053e982f0ff24ff60eda042f; EXP11A execution=22b18cdc743b4b0f37b8b345215fb747d614d6eb,outputs/experiments/exp11a_historical_size_sensitivity_v0.3/exp11_case_level_ranks.csv,b5d8bc8cec3f07863f01faef79ea3c4e7e55221c,EXP11A_HISTORICAL_BANK_SENSITIVITY:Top-50,none inferential; descriptive sensitivity across coupled size/composition conditions,not assigned,DESCRIPTIVE_ONLY,not applicable because no inferential decision is authorized,H50 D1/D2 paired on seeds 20261001-20261005; other runs are sensitivity replicates,preserve frozen run/condition summaries without new inferential interval,isolated causal bank-size effect | independence of 1056 cases across runs | split 3000/1006,complete-DAM construction changes composition with nominal size,
G3F02-0279,EXP11A_HISTORICAL_BANK_SENSITIVITY,historical-bank sensitivity supporting interpretation boundaries,EXP-11A,DESCRIPTIVE_ONLY,DESCRIPTIVE,H75-R07,EXP11A_RUN_SENSITIVITY,MRR@100,frozen MRR@100 for one complete-DAM historical-bank run,,1056,0.5139432717069704,mean_reciprocal_rank,SOURCE_VALUE_MATERIALIZED_WITHOUT_NUMERATOR,EVAL_V02_CHAPTER_87,3ddb7a0e80d8bfa20b985655f03d6ab65470b40f0738093413909b6584aee941,1056,67,SERIE for metrics; run/condition for sensitivity summaries,same EVAL series repeated across runs and nested in 67 DAM,outputs/experiments/exp11a_historical_size_sensitivity_v0.3/exp11_metrics_by_run.csv,9b434d7e09e6db7e9de061953b59c53aac2337ad,17ea82be306b81a44760716a0a6f5e55c0b7b5a97e30bc8e12ca59d58ad79958,main=366bf529c29cb999bfd043db33674a510ba184c7; main=a33fc7e10b5bc25a053e982f0ff24ff60eda042f; EXP11A execution=22b18cdc743b4b0f37b8b345215fb747d614d6eb,outputs/experiments/exp11a_historical_size_sensitivity_v0.3/exp11_case_level_ranks.csv,b5d8bc8cec3f07863f01faef79ea3c4e7e55221c,EXP11A_HISTORICAL_BANK_SENSITIVITY:MRR@100,none inferential; descriptive sensitivity across coupled size/composition conditions,not assigned,DESCRIPTIVE_ONLY,not applicable because no inferential decision is authorized,H50 D1/D2 paired on seeds 20261001-20261005; other runs are sensitivity replicates,preserve frozen run/condition summaries without new inferential interval,isolated causal bank-size effect | independence of 1056 cases across runs | split 3000/1006,complete-DAM construction changes composition with nominal size,
G3F02-0280,EXP11A_HISTORICAL_BANK_SENSITIVITY,historical-bank sensitivity supporting interpretation boundaries,EXP-11A,DESCRIPTIVE_ONLY,DESCRIPTIVE,H75-R08,EXP11A_RUN_SENSITIVITY,Top-1,frozen Top-1 for one complete-DAM historical-bank run,401,1056,0.3797348484848485,proportion,MATERIALIZED_FROZEN_VALUE,EVAL_V02_CHAPTER_87,3ddb7a0e80d8bfa20b985655f03d6ab65470b40f0738093413909b6584aee941,1056,67,SERIE for metrics; run/condition for sensitivity summaries,same EVAL series repeated across runs and nested in 67 DAM,outputs/experiments/exp11a_historical_size_sensitivity_v0.3/exp11_metrics_by_run.csv,9b434d7e09e6db7e9de061953b59c53aac2337ad,17ea82be306b81a44760716a0a6f5e55c0b7b5a97e30bc8e12ca59d58ad79958,main=366bf529c29cb999bfd043db33674a510ba184c7; main=a33fc7e10b5bc25a053e982f0ff24ff60eda042f; EXP11A execution=22b18cdc743b4b0f37b8b345215fb747d614d6eb,outputs/experiments/exp11a_historical_size_sensitivity_v0.3/exp11_case_level_ranks.csv,b5d8bc8cec3f07863f01faef79ea3c4e7e55221c,EXP11A_HISTORICAL_BANK_SENSITIVITY:Top-1,none inferential; descriptive sensitivity across coupled size/composition conditions,not assigned,DESCRIPTIVE_ONLY,not applicable because no inferential decision is authorized,H50 D1/D2 paired on seeds 20261001-20261005; other runs are sensitivity replicates,preserve frozen run/condition summaries without new inferential interval,isolated causal bank-size effect | independence of 1056 cases across runs | split 3000/1006,complete-DAM construction changes composition with nominal size,
G3F02-0281,EXP11A_HISTORICAL_BANK_SENSITIVITY,historical-bank sensitivity supporting interpretation boundaries,EXP-11A,DESCRIPTIVE_ONLY,DESCRIPTIVE,H75-R08,EXP11A_RUN_SENSITIVITY,Top-3,frozen Top-3 for one complete-DAM historical-bank run,577,1056,0.5464015151515151,proportion,MATERIALIZED_FROZEN_VALUE,EVAL_V02_CHAPTER_87,3ddb7a0e80d8bfa20b985655f03d6ab65470b40f0738093413909b6584aee941,1056,67,SERIE for metrics; run/condition for sensitivity summaries,same EVAL series repeated across runs and nested in 67 DAM,outputs/experiments/exp11a_historical_size_sensitivity_v0.3/exp11_metrics_by_run.csv,9b434d7e09e6db7e9de061953b59c53aac2337ad,17ea82be306b81a44760716a0a6f5e55c0b7b5a97e30bc8e12ca59d58ad79958,main=366bf529c29cb999bfd043db33674a510ba184c7; main=a33fc7e10b5bc25a053e982f0ff24ff60eda042f; EXP11A execution=22b18cdc743b4b0f37b8b345215fb747d614d6eb,outputs/experiments/exp11a_historical_size_sensitivity_v0.3/exp11_case_level_ranks.csv,b5d8bc8cec3f07863f01faef79ea3c4e7e55221c,EXP11A_HISTORICAL_BANK_SENSITIVITY:Top-3,none inferential; descriptive sensitivity across coupled size/composition conditions,not assigned,DESCRIPTIVE_ONLY,not applicable because no inferential decision is authorized,H50 D1/D2 paired on seeds 20261001-20261005; other runs are sensitivity replicates,preserve frozen run/condition summaries without new inferential interval,isolated causal bank-size effect | independence of 1056 cases across runs | split 3000/1006,complete-DAM construction changes composition with nominal size,
G3F02-0282,EXP11A_HISTORICAL_BANK_SENSITIVITY,historical-bank sensitivity supporting interpretation boundaries,EXP-11A,DESCRIPTIVE_ONLY,DESCRIPTIVE,H75-R08,EXP11A_RUN_SENSITIVITY,Top-5,frozen Top-5 for one complete-DAM historical-bank run,654,1056,0.6193181818181818,proportion,MATERIALIZED_FROZEN_VALUE,EVAL_V02_CHAPTER_87,3ddb7a0e80d8bfa20b985655f03d6ab65470b40f0738093413909b6584aee941,1056,67,SERIE for metrics; run/condition for sensitivity summaries,same EVAL series repeated across runs and nested in 67 DAM,outputs/experiments/exp11a_historical_size_sensitivity_v0.3/exp11_metrics_by_run.csv,9b434d7e09e6db7e9de061953b59c53aac2337ad,17ea82be306b81a44760716a0a6f5e55c0b7b5a97e30bc8e12ca59d58ad79958,main=366bf529c29cb999bfd043db33674a510ba184c7; main=a33fc7e10b5bc25a053e982f0ff24ff60eda042f; EXP11A execution=22b18cdc743b4b0f37b8b345215fb747d614d6eb,outputs/experiments/exp11a_historical_size_sensitivity_v0.3/exp11_case_level_ranks.csv,b5d8bc8cec3f07863f01faef79ea3c4e7e55221c,EXP11A_HISTORICAL_BANK_SENSITIVITY:Top-5,none inferential; descriptive sensitivity across coupled size/composition conditions,not assigned,DESCRIPTIVE_ONLY,not applicable because no inferential decision is authorized,H50 D1/D2 paired on seeds 20261001-20261005; other runs are sensitivity replicates,preserve frozen run/condition summaries without new inferential interval,isolated causal bank-size effect | independence of 1056 cases across runs | split 3000/1006,complete-DAM construction changes composition with nominal size,
G3F02-0283,EXP11A_HISTORICAL_BANK_SENSITIVITY,historical-bank sensitivity supporting interpretation boundaries,EXP-11A,DESCRIPTIVE_ONLY,DESCRIPTIVE,H75-R08,EXP11A_RUN_SENSITIVITY,Top-10,frozen Top-10 for one complete-DAM historical-bank run,739,1056,0.6998106060606061,proportion,MATERIALIZED_FROZEN_VALUE,EVAL_V02_CHAPTER_87,3ddb7a0e80d8bfa20b985655f03d6ab65470b40f0738093413909b6584aee941,1056,67,SERIE for metrics; run/condition for sensitivity summaries,same EVAL series repeated across runs and nested in 67 DAM,outputs/experiments/exp11a_historical_size_sensitivity_v0.3/exp11_metrics_by_run.csv,9b434d7e09e6db7e9de061953b59c53aac2337ad,17ea82be306b81a44760716a0a6f5e55c0b7b5a97e30bc8e12ca59d58ad79958,main=366bf529c29cb999bfd043db33674a510ba184c7; main=a33fc7e10b5bc25a053e982f0ff24ff60eda042f; EXP11A execution=22b18cdc743b4b0f37b8b345215fb747d614d6eb,outputs/experiments/exp11a_historical_size_sensitivity_v0.3/exp11_case_level_ranks.csv,b5d8bc8cec3f07863f01faef79ea3c4e7e55221c,EXP11A_HISTORICAL_BANK_SENSITIVITY:Top-10,none inferential; descriptive sensitivity across coupled size/composition conditions,not assigned,DESCRIPTIVE_ONLY,not applicable because no inferential decision is authorized,H50 D1/D2 paired on seeds 20261001-20261005; other runs are sensitivity replicates,preserve frozen run/condition summaries without new inferential interval,isolated causal bank-size effect | independence of 1056 cases across runs | split 3000/1006,complete-DAM construction changes composition with nominal size,
G3F02-0284,EXP11A_HISTORICAL_BANK_SENSITIVITY,historical-bank sensitivity supporting interpretation boundaries,EXP-11A,DESCRIPTIVE_ONLY,DESCRIPTIVE,H75-R08,EXP11A_RUN_SENSITIVITY,Top-50,frozen Top-50 for one complete-DAM historical-bank run,996,1056,0.9431818181818182,proportion,MATERIALIZED_FROZEN_VALUE,EVAL_V02_CHAPTER_87,3ddb7a0e80d8bfa20b985655f03d6ab65470b40f0738093413909b6584aee941,1056,67,SERIE for metrics; run/condition for sensitivity summaries,same EVAL series repeated across runs and nested in 67 DAM,outputs/experiments/exp11a_historical_size_sensitivity_v0.3/exp11_metrics_by_run.csv,9b434d7e09e6db7e9de061953b59c53aac2337ad,17ea82be306b81a44760716a0a6f5e55c0b7b5a97e30bc8e12ca59d58ad79958,main=366bf529c29cb999bfd043db33674a510ba184c7; main=a33fc7e10b5bc25a053e982f0ff24ff60eda042f; EXP11A execution=22b18cdc743b4b0f37b8b345215fb747d614d6eb,outputs/experiments/exp11a_historical_size_sensitivity_v0.3/exp11_case_level_ranks.csv,b5d8bc8cec3f07863f01faef79ea3c4e7e55221c,EXP11A_HISTORICAL_BANK_SENSITIVITY:Top-50,none inferential; descriptive sensitivity across coupled size/composition conditions,not assigned,DESCRIPTIVE_ONLY,not applicable because no inferential decision is authorized,H50 D1/D2 paired on seeds 20261001-20261005; other runs are sensitivity replicates,preserve frozen run/condition summaries without new inferential interval,isolated causal bank-size effect | independence of 1056 cases across runs | split 3000/1006,complete-DAM construction changes composition with nominal size,
G3F02-0285,EXP11A_HISTORICAL_BANK_SENSITIVITY,historical-bank sensitivity supporting interpretation boundaries,EXP-11A,DESCRIPTIVE_ONLY,DESCRIPTIVE,H75-R08,EXP11A_RUN_SENSITIVITY,MRR@100,frozen MRR@100 for one complete-DAM historical-bank run,,1056,0.4879553877522512,mean_reciprocal_rank,SOURCE_VALUE_MATERIALIZED_WITHOUT_NUMERATOR,EVAL_V02_CHAPTER_87,3ddb7a0e80d8bfa20b985655f03d6ab65470b40f0738093413909b6584aee941,1056,67,SERIE for metrics; run/condition for sensitivity summaries,same EVAL series repeated across runs and nested in 67 DAM,outputs/experiments/exp11a_historical_size_sensitivity_v0.3/exp11_metrics_by_run.csv,9b434d7e09e6db7e9de061953b59c53aac2337ad,17ea82be306b81a44760716a0a6f5e55c0b7b5a97e30bc8e12ca59d58ad79958,main=366bf529c29cb999bfd043db33674a510ba184c7; main=a33fc7e10b5bc25a053e982f0ff24ff60eda042f; EXP11A execution=22b18cdc743b4b0f37b8b345215fb747d614d6eb,outputs/experiments/exp11a_historical_size_sensitivity_v0.3/exp11_case_level_ranks.csv,b5d8bc8cec3f07863f01faef79ea3c4e7e55221c,EXP11A_HISTORICAL_BANK_SENSITIVITY:MRR@100,none inferential; descriptive sensitivity across coupled size/composition conditions,not assigned,DESCRIPTIVE_ONLY,not applicable because no inferential decision is authorized,H50 D1/D2 paired on seeds 20261001-20261005; other runs are sensitivity replicates,preserve frozen run/condition summaries without new inferential interval,isolated causal bank-size effect | independence of 1056 cases across runs | split 3000/1006,complete-DAM construction changes composition with nominal size,
G3F02-0286,EXP11A_HISTORICAL_BANK_SENSITIVITY,historical-bank sensitivity supporting interpretation boundaries,EXP-11A,DESCRIPTIVE_ONLY,DESCRIPTIVE,H75-R09,EXP11A_RUN_SENSITIVITY,Top-1,frozen Top-1 for one complete-DAM historical-bank run,329,1056,0.3115530303030303,proportion,MATERIALIZED_FROZEN_VALUE,EVAL_V02_CHAPTER_87,3ddb7a0e80d8bfa20b985655f03d6ab65470b40f0738093413909b6584aee941,1056,67,SERIE for metrics; run/condition for sensitivity summaries,same EVAL series repeated across runs and nested in 67 DAM,outputs/experiments/exp11a_historical_size_sensitivity_v0.3/exp11_metrics_by_run.csv,9b434d7e09e6db7e9de061953b59c53aac2337ad,17ea82be306b81a44760716a0a6f5e55c0b7b5a97e30bc8e12ca59d58ad79958,main=366bf529c29cb999bfd043db33674a510ba184c7; main=a33fc7e10b5bc25a053e982f0ff24ff60eda042f; EXP11A execution=22b18cdc743b4b0f37b8b345215fb747d614d6eb,outputs/experiments/exp11a_historical_size_sensitivity_v0.3/exp11_case_level_ranks.csv,b5d8bc8cec3f07863f01faef79ea3c4e7e55221c,EXP11A_HISTORICAL_BANK_SENSITIVITY:Top-1,none inferential; descriptive sensitivity across coupled size/composition conditions,not assigned,DESCRIPTIVE_ONLY,not applicable because no inferential decision is authorized,H50 D1/D2 paired on seeds 20261001-20261005; other runs are sensitivity replicates,preserve frozen run/condition summaries without new inferential interval,isolated causal bank-size effect | independence of 1056 cases across runs | split 3000/1006,complete-DAM construction changes composition with nominal size,
G3F02-0287,EXP11A_HISTORICAL_BANK_SENSITIVITY,historical-bank sensitivity supporting interpretation boundaries,EXP-11A,DESCRIPTIVE_ONLY,DESCRIPTIVE,H75-R09,EXP11A_RUN_SENSITIVITY,Top-3,frozen Top-3 for one complete-DAM historical-bank run,538,1056,0.509469696969697,proportion,MATERIALIZED_FROZEN_VALUE,EVAL_V02_CHAPTER_87,3ddb7a0e80d8bfa20b985655f03d6ab65470b40f0738093413909b6584aee941,1056,67,SERIE for metrics; run/condition for sensitivity summaries,same EVAL series repeated across runs and nested in 67 DAM,outputs/experiments/exp11a_historical_size_sensitivity_v0.3/exp11_metrics_by_run.csv,9b434d7e09e6db7e9de061953b59c53aac2337ad,17ea82be306b81a44760716a0a6f5e55c0b7b5a97e30bc8e12ca59d58ad79958,main=366bf529c29cb999bfd043db33674a510ba184c7; main=a33fc7e10b5bc25a053e982f0ff24ff60eda042f; EXP11A execution=22b18cdc743b4b0f37b8b345215fb747d614d6eb,outputs/experiments/exp11a_historical_size_sensitivity_v0.3/exp11_case_level_ranks.csv,b5d8bc8cec3f07863f01faef79ea3c4e7e55221c,EXP11A_HISTORICAL_BANK_SENSITIVITY:Top-3,none inferential; descriptive sensitivity across coupled size/composition conditions,not assigned,DESCRIPTIVE_ONLY,not applicable because no inferential decision is authorized,H50 D1/D2 paired on seeds 20261001-20261005; other runs are sensitivity replicates,preserve frozen run/condition summaries without new inferential interval,isolated causal bank-size effect | independence of 1056 cases across runs | split 3000/1006,complete-DAM construction changes composition with nominal size,
G3F02-0288,EXP11A_HISTORICAL_BANK_SENSITIVITY,historical-bank sensitivity supporting interpretation boundaries,EXP-11A,DESCRIPTIVE_ONLY,DESCRIPTIVE,H75-R09,EXP11A_RUN_SENSITIVITY,Top-5,frozen Top-5 for one complete-DAM historical-bank run,624,1056,0.5909090909090909,proportion,MATERIALIZED_FROZEN_VALUE,EVAL_V02_CHAPTER_87,3ddb7a0e80d8bfa20b985655f03d6ab65470b40f0738093413909b6584aee941,1056,67,SERIE for metrics; run/condition for sensitivity summaries,same EVAL series repeated across runs and nested in 67 DAM,outputs/experiments/exp11a_historical_size_sensitivity_v0.3/exp11_metrics_by_run.csv,9b434d7e09e6db7e9de061953b59c53aac2337ad,17ea82be306b81a44760716a0a6f5e55c0b7b5a97e30bc8e12ca59d58ad79958,main=366bf529c29cb999bfd043db33674a510ba184c7; main=a33fc7e10b5bc25a053e982f0ff24ff60eda042f; EXP11A execution=22b18cdc743b4b0f37b8b345215fb747d614d6eb,outputs/experiments/exp11a_historical_size_sensitivity_v0.3/exp11_case_level_ranks.csv,b5d8bc8cec3f07863f01faef79ea3c4e7e55221c,EXP11A_HISTORICAL_BANK_SENSITIVITY:Top-5,none inferential; descriptive sensitivity across coupled size/composition conditions,not assigned,DESCRIPTIVE_ONLY,not applicable because no inferential decision is authorized,H50 D1/D2 paired on seeds 20261001-20261005; other runs are sensitivity replicates,preserve frozen run/condition summaries without new inferential interval,isolated causal bank-size effect | independence of 1056 cases across runs | split 3000/1006,complete-DAM construction changes composition with nominal size,
G3F02-0289,EXP11A_HISTORICAL_BANK_SENSITIVITY,historical-bank sensitivity supporting interpretation boundaries,EXP-11A,DESCRIPTIVE_ONLY,DESCRIPTIVE,H75-R09,EXP11A_RUN_SENSITIVITY,Top-10,frozen Top-10 for one complete-DAM historical-bank run,732,1056,0.6931818181818182,proportion,MATERIALIZED_FROZEN_VALUE,EVAL_V02_CHAPTER_87,3ddb7a0e80d8bfa20b985655f03d6ab65470b40f0738093413909b6584aee941,1056,67,SERIE for metrics; run/condition for sensitivity summaries,same EVAL series repeated across runs and nested in 67 DAM,outputs/experiments/exp11a_historical_size_sensitivity_v0.3/exp11_metrics_by_run.csv,9b434d7e09e6db7e9de061953b59c53aac2337ad,17ea82be306b81a44760716a0a6f5e55c0b7b5a97e30bc8e12ca59d58ad79958,main=366bf529c29cb999bfd043db33674a510ba184c7; main=a33fc7e10b5bc25a053e982f0ff24ff60eda042f; EXP11A execution=22b18cdc743b4b0f37b8b345215fb747d614d6eb,outputs/experiments/exp11a_historical_size_sensitivity_v0.3/exp11_case_level_ranks.csv,b5d8bc8cec3f07863f01faef79ea3c4e7e55221c,EXP11A_HISTORICAL_BANK_SENSITIVITY:Top-10,none inferential; descriptive sensitivity across coupled size/composition conditions,not assigned,DESCRIPTIVE_ONLY,not applicable because no inferential decision is authorized,H50 D1/D2 paired on seeds 20261001-20261005; other runs are sensitivity replicates,preserve frozen run/condition summaries without new inferential interval,isolated causal bank-size effect | independence of 1056 cases across runs | split 3000/1006,complete-DAM construction changes composition with nominal size,
G3F02-0290,EXP11A_HISTORICAL_BANK_SENSITIVITY,historical-bank sensitivity supporting interpretation boundaries,EXP-11A,DESCRIPTIVE_ONLY,DESCRIPTIVE,H75-R09,EXP11A_RUN_SENSITIVITY,Top-50,frozen Top-50 for one complete-DAM historical-bank run,955,1056,0.9043560606060606,proportion,MATERIALIZED_FROZEN_VALUE,EVAL_V02_CHAPTER_87,3ddb7a0e80d8bfa20b985655f03d6ab65470b40f0738093413909b6584aee941,1056,67,SERIE for metrics; run/condition for sensitivity summaries,same EVAL series repeated across runs and nested in 67 DAM,outputs/experiments/exp11a_historical_size_sensitivity_v0.3/exp11_metrics_by_run.csv,9b434d7e09e6db7e9de061953b59c53aac2337ad,17ea82be306b81a44760716a0a6f5e55c0b7b5a97e30bc8e12ca59d58ad79958,main=366bf529c29cb999bfd043db33674a510ba184c7; main=a33fc7e10b5bc25a053e982f0ff24ff60eda042f; EXP11A execution=22b18cdc743b4b0f37b8b345215fb747d614d6eb,outputs/experiments/exp11a_historical_size_sensitivity_v0.3/exp11_case_level_ranks.csv,b5d8bc8cec3f07863f01faef79ea3c4e7e55221c,EXP11A_HISTORICAL_BANK_SENSITIVITY:Top-50,none inferential; descriptive sensitivity across coupled size/composition conditions,not assigned,DESCRIPTIVE_ONLY,not applicable because no inferential decision is authorized,H50 D1/D2 paired on seeds 20261001-20261005; other runs are sensitivity replicates,preserve frozen run/condition summaries without new inferential interval,isolated causal bank-size effect | independence of 1056 cases across runs | split 3000/1006,complete-DAM construction changes composition with nominal size,
G3F02-0291,EXP11A_HISTORICAL_BANK_SENSITIVITY,historical-bank sensitivity supporting interpretation boundaries,EXP-11A,DESCRIPTIVE_ONLY,DESCRIPTIVE,H75-R09,EXP11A_RUN_SENSITIVITY,MRR@100,frozen MRR@100 for one complete-DAM historical-bank run,,1056,0.4378764588771943,mean_reciprocal_rank,SOURCE_VALUE_MATERIALIZED_WITHOUT_NUMERATOR,EVAL_V02_CHAPTER_87,3ddb7a0e80d8bfa20b985655f03d6ab65470b40f0738093413909b6584aee941,1056,67,SERIE for metrics; run/condition for sensitivity summaries,same EVAL series repeated across runs and nested in 67 DAM,outputs/experiments/exp11a_historical_size_sensitivity_v0.3/exp11_metrics_by_run.csv,9b434d7e09e6db7e9de061953b59c53aac2337ad,17ea82be306b81a44760716a0a6f5e55c0b7b5a97e30bc8e12ca59d58ad79958,main=366bf529c29cb999bfd043db33674a510ba184c7; main=a33fc7e10b5bc25a053e982f0ff24ff60eda042f; EXP11A execution=22b18cdc743b4b0f37b8b345215fb747d614d6eb,outputs/experiments/exp11a_historical_size_sensitivity_v0.3/exp11_case_level_ranks.csv,b5d8bc8cec3f07863f01faef79ea3c4e7e55221c,EXP11A_HISTORICAL_BANK_SENSITIVITY:MRR@100,none inferential; descriptive sensitivity across coupled size/composition conditions,not assigned,DESCRIPTIVE_ONLY,not applicable because no inferential decision is authorized,H50 D1/D2 paired on seeds 20261001-20261005; other runs are sensitivity replicates,preserve frozen run/condition summaries without new inferential interval,isolated causal bank-size effect | independence of 1056 cases across runs | split 3000/1006,complete-DAM construction changes composition with nominal size,
G3F02-0292,EXP11A_HISTORICAL_BANK_SENSITIVITY,historical-bank sensitivity supporting interpretation boundaries,EXP-11A,DESCRIPTIVE_ONLY,DESCRIPTIVE,H75-R10,EXP11A_RUN_SENSITIVITY,Top-1,frozen Top-1 for one complete-DAM historical-bank run,520,1056,0.49242424242424243,proportion,MATERIALIZED_FROZEN_VALUE,EVAL_V02_CHAPTER_87,3ddb7a0e80d8bfa20b985655f03d6ab65470b40f0738093413909b6584aee941,1056,67,SERIE for metrics; run/condition for sensitivity summaries,same EVAL series repeated across runs and nested in 67 DAM,outputs/experiments/exp11a_historical_size_sensitivity_v0.3/exp11_metrics_by_run.csv,9b434d7e09e6db7e9de061953b59c53aac2337ad,17ea82be306b81a44760716a0a6f5e55c0b7b5a97e30bc8e12ca59d58ad79958,main=366bf529c29cb999bfd043db33674a510ba184c7; main=a33fc7e10b5bc25a053e982f0ff24ff60eda042f; EXP11A execution=22b18cdc743b4b0f37b8b345215fb747d614d6eb,outputs/experiments/exp11a_historical_size_sensitivity_v0.3/exp11_case_level_ranks.csv,b5d8bc8cec3f07863f01faef79ea3c4e7e55221c,EXP11A_HISTORICAL_BANK_SENSITIVITY:Top-1,none inferential; descriptive sensitivity across coupled size/composition conditions,not assigned,DESCRIPTIVE_ONLY,not applicable because no inferential decision is authorized,H50 D1/D2 paired on seeds 20261001-20261005; other runs are sensitivity replicates,preserve frozen run/condition summaries without new inferential interval,isolated causal bank-size effect | independence of 1056 cases across runs | split 3000/1006,complete-DAM construction changes composition with nominal size,
G3F02-0293,EXP11A_HISTORICAL_BANK_SENSITIVITY,historical-bank sensitivity supporting interpretation boundaries,EXP-11A,DESCRIPTIVE_ONLY,DESCRIPTIVE,H75-R10,EXP11A_RUN_SENSITIVITY,Top-3,frozen Top-3 for one complete-DAM historical-bank run,717,1056,0.6789772727272727,proportion,MATERIALIZED_FROZEN_VALUE,EVAL_V02_CHAPTER_87,3ddb7a0e80d8bfa20b985655f03d6ab65470b40f0738093413909b6584aee941,1056,67,SERIE for metrics; run/condition for sensitivity summaries,same EVAL series repeated across runs and nested in 67 DAM,outputs/experiments/exp11a_historical_size_sensitivity_v0.3/exp11_metrics_by_run.csv,9b434d7e09e6db7e9de061953b59c53aac2337ad,17ea82be306b81a44760716a0a6f5e55c0b7b5a97e30bc8e12ca59d58ad79958,main=366bf529c29cb999bfd043db33674a510ba184c7; main=a33fc7e10b5bc25a053e982f0ff24ff60eda042f; EXP11A execution=22b18cdc743b4b0f37b8b345215fb747d614d6eb,outputs/experiments/exp11a_historical_size_sensitivity_v0.3/exp11_case_level_ranks.csv,b5d8bc8cec3f07863f01faef79ea3c4e7e55221c,EXP11A_HISTORICAL_BANK_SENSITIVITY:Top-3,none inferential; descriptive sensitivity across coupled size/composition conditions,not assigned,DESCRIPTIVE_ONLY,not applicable because no inferential decision is authorized,H50 D1/D2 paired on seeds 20261001-20261005; other runs are sensitivity replicates,preserve frozen run/condition summaries without new inferential interval,isolated causal bank-size effect | independence of 1056 cases across runs | split 3000/1006,complete-DAM construction changes composition with nominal size,
G3F02-0294,EXP11A_HISTORICAL_BANK_SENSITIVITY,historical-bank sensitivity supporting interpretation boundaries,EXP-11A,DESCRIPTIVE_ONLY,DESCRIPTIVE,H75-R10,EXP11A_RUN_SENSITIVITY,Top-5,frozen Top-5 for one complete-DAM historical-bank run,797,1056,0.7547348484848485,proportion,MATERIALIZED_FROZEN_VALUE,EVAL_V02_CHAPTER_87,3ddb7a0e80d8bfa20b985655f03d6ab65470b40f0738093413909b6584aee941,1056,67,SERIE for metrics; run/condition for sensitivity summaries,same EVAL series repeated across runs and nested in 67 DAM,outputs/experiments/exp11a_historical_size_sensitivity_v0.3/exp11_metrics_by_run.csv,9b434d7e09e6db7e9de061953b59c53aac2337ad,17ea82be306b81a44760716a0a6f5e55c0b7b5a97e30bc8e12ca59d58ad79958,main=366bf529c29cb999bfd043db33674a510ba184c7; main=a33fc7e10b5bc25a053e982f0ff24ff60eda042f; EXP11A execution=22b18cdc743b4b0f37b8b345215fb747d614d6eb,outputs/experiments/exp11a_historical_size_sensitivity_v0.3/exp11_case_level_ranks.csv,b5d8bc8cec3f07863f01faef79ea3c4e7e55221c,EXP11A_HISTORICAL_BANK_SENSITIVITY:Top-5,none inferential; descriptive sensitivity across coupled size/composition conditions,not assigned,DESCRIPTIVE_ONLY,not applicable because no inferential decision is authorized,H50 D1/D2 paired on seeds 20261001-20261005; other runs are sensitivity replicates,preserve frozen run/condition summaries without new inferential interval,isolated causal bank-size effect | independence of 1056 cases across runs | split 3000/1006,complete-DAM construction changes composition with nominal size,
G3F02-0295,EXP11A_HISTORICAL_BANK_SENSITIVITY,historical-bank sensitivity supporting interpretation boundaries,EXP-11A,DESCRIPTIVE_ONLY,DESCRIPTIVE,H75-R10,EXP11A_RUN_SENSITIVITY,Top-10,frozen Top-10 for one complete-DAM historical-bank run,875,1056,0.8285984848484849,proportion,MATERIALIZED_FROZEN_VALUE,EVAL_V02_CHAPTER_87,3ddb7a0e80d8bfa20b985655f03d6ab65470b40f0738093413909b6584aee941,1056,67,SERIE for metrics; run/condition for sensitivity summaries,same EVAL series repeated across runs and nested in 67 DAM,outputs/experiments/exp11a_historical_size_sensitivity_v0.3/exp11_metrics_by_run.csv,9b434d7e09e6db7e9de061953b59c53aac2337ad,17ea82be306b81a44760716a0a6f5e55c0b7b5a97e30bc8e12ca59d58ad79958,main=366bf529c29cb999bfd043db33674a510ba184c7; main=a33fc7e10b5bc25a053e982f0ff24ff60eda042f; EXP11A execution=22b18cdc743b4b0f37b8b345215fb747d614d6eb,outputs/experiments/exp11a_historical_size_sensitivity_v0.3/exp11_case_level_ranks.csv,b5d8bc8cec3f07863f01faef79ea3c4e7e55221c,EXP11A_HISTORICAL_BANK_SENSITIVITY:Top-10,none inferential; descriptive sensitivity across coupled size/composition conditions,not assigned,DESCRIPTIVE_ONLY,not applicable because no inferential decision is authorized,H50 D1/D2 paired on seeds 20261001-20261005; other runs are sensitivity replicates,preserve frozen run/condition summaries without new inferential interval,isolated causal bank-size effect | independence of 1056 cases across runs | split 3000/1006,complete-DAM construction changes composition with nominal size,
G3F02-0296,EXP11A_HISTORICAL_BANK_SENSITIVITY,historical-bank sensitivity supporting interpretation boundaries,EXP-11A,DESCRIPTIVE_ONLY,DESCRIPTIVE,H75-R10,EXP11A_RUN_SENSITIVITY,Top-50,frozen Top-50 for one complete-DAM historical-bank run,1021,1056,0.9668560606060606,proportion,MATERIALIZED_FROZEN_VALUE,EVAL_V02_CHAPTER_87,3ddb7a0e80d8bfa20b985655f03d6ab65470b40f0738093413909b6584aee941,1056,67,SERIE for metrics; run/condition for sensitivity summaries,same EVAL series repeated across runs and nested in 67 DAM,outputs/experiments/exp11a_historical_size_sensitivity_v0.3/exp11_metrics_by_run.csv,9b434d7e09e6db7e9de061953b59c53aac2337ad,17ea82be306b81a44760716a0a6f5e55c0b7b5a97e30bc8e12ca59d58ad79958,main=366bf529c29cb999bfd043db33674a510ba184c7; main=a33fc7e10b5bc25a053e982f0ff24ff60eda042f; EXP11A execution=22b18cdc743b4b0f37b8b345215fb747d614d6eb,outputs/experiments/exp11a_historical_size_sensitivity_v0.3/exp11_case_level_ranks.csv,b5d8bc8cec3f07863f01faef79ea3c4e7e55221c,EXP11A_HISTORICAL_BANK_SENSITIVITY:Top-50,none inferential; descriptive sensitivity across coupled size/composition conditions,not assigned,DESCRIPTIVE_ONLY,not applicable because no inferential decision is authorized,H50 D1/D2 paired on seeds 20261001-20261005; other runs are sensitivity replicates,preserve frozen run/condition summaries without new inferential interval,isolated causal bank-size effect | independence of 1056 cases across runs | split 3000/1006,complete-DAM construction changes composition with nominal size,
G3F02-0297,EXP11A_HISTORICAL_BANK_SENSITIVITY,historical-bank sensitivity supporting interpretation boundaries,EXP-11A,DESCRIPTIVE_ONLY,DESCRIPTIVE,H75-R10,EXP11A_RUN_SENSITIVITY,MRR@100,frozen MRR@100 for one complete-DAM historical-bank run,,1056,0.608611906577079,mean_reciprocal_rank,SOURCE_VALUE_MATERIALIZED_WITHOUT_NUMERATOR,EVAL_V02_CHAPTER_87,3ddb7a0e80d8bfa20b985655f03d6ab65470b40f0738093413909b6584aee941,1056,67,SERIE for metrics; run/condition for sensitivity summaries,same EVAL series repeated across runs and nested in 67 DAM,outputs/experiments/exp11a_historical_size_sensitivity_v0.3/exp11_metrics_by_run.csv,9b434d7e09e6db7e9de061953b59c53aac2337ad,17ea82be306b81a44760716a0a6f5e55c0b7b5a97e30bc8e12ca59d58ad79958,main=366bf529c29cb999bfd043db33674a510ba184c7; main=a33fc7e10b5bc25a053e982f0ff24ff60eda042f; EXP11A execution=22b18cdc743b4b0f37b8b345215fb747d614d6eb,outputs/experiments/exp11a_historical_size_sensitivity_v0.3/exp11_case_level_ranks.csv,b5d8bc8cec3f07863f01faef79ea3c4e7e55221c,EXP11A_HISTORICAL_BANK_SENSITIVITY:MRR@100,none inferential; descriptive sensitivity across coupled size/composition conditions,not assigned,DESCRIPTIVE_ONLY,not applicable because no inferential decision is authorized,H50 D1/D2 paired on seeds 20261001-20261005; other runs are sensitivity replicates,preserve frozen run/condition summaries without new inferential interval,isolated causal bank-size effect | independence of 1056 cases across runs | split 3000/1006,complete-DAM construction changes composition with nominal size,
G3F02-0298,EXP11A_HISTORICAL_BANK_SENSITIVITY,historical-bank sensitivity supporting interpretation boundaries,EXP-11A,DESCRIPTIVE_ONLY,DESCRIPTIVE,SUMMARY_H25_PRIMARY,EXP11A_CONDITION_SUMMARY,Top-1,frozen condition-level mean across 10 materialized runs,,,0.4933712121212121,condition_mean,SOURCE_VALUE_MATERIALIZED_WITHOUT_COMPONENTS,EVAL_V02_CHAPTER_87,3ddb7a0e80d8bfa20b985655f03d6ab65470b40f0738093413909b6584aee941,1056,67,SERIE for metrics; run/condition for sensitivity summaries,same EVAL series repeated across runs and nested in 67 DAM,outputs/experiments/exp11a_historical_size_sensitivity_v0.3/exp11_metrics_by_condition.csv,535dd377d107ddcbf09ecaa13cd66ca723ee738d,abf02173b6d72342444de21a3dcbbfbc448cabddec5c6a5175c9c0a0a603c1e7,main=366bf529c29cb999bfd043db33674a510ba184c7; main=a33fc7e10b5bc25a053e982f0ff24ff60eda042f; EXP11A execution=22b18cdc743b4b0f37b8b345215fb747d614d6eb,outputs/experiments/exp11a_historical_size_sensitivity_v0.3/exp11_case_level_ranks.csv,b5d8bc8cec3f07863f01faef79ea3c4e7e55221c,EXP11A_HISTORICAL_BANK_SENSITIVITY:Top-1,none inferential; descriptive sensitivity across coupled size/composition conditions,not assigned,DESCRIPTIVE_ONLY,not applicable because no inferential decision is authorized,H50 D1/D2 summaries retain five paired seeds; no isolated causal size effect,preserve frozen run/condition summaries without new inferential interval,isolated causal bank-size effect | independence of 1056 cases across runs | split 3000/1006,complete-DAM construction changes composition with nominal size,
G3F02-0299,EXP11A_HISTORICAL_BANK_SENSITIVITY,historical-bank sensitivity supporting interpretation boundaries,EXP-11A,DESCRIPTIVE_ONLY,DESCRIPTIVE,SUMMARY_H25_PRIMARY,EXP11A_CONDITION_SUMMARY,Top-3,frozen condition-level mean across 10 materialized runs,,,0.6451704545454546,condition_mean,SOURCE_VALUE_MATERIALIZED_WITHOUT_COMPONENTS,EVAL_V02_CHAPTER_87,3ddb7a0e80d8bfa20b985655f03d6ab65470b40f0738093413909b6584aee941,1056,67,SERIE for metrics; run/condition for sensitivity summaries,same EVAL series repeated across runs and nested in 67 DAM,outputs/experiments/exp11a_historical_size_sensitivity_v0.3/exp11_metrics_by_condition.csv,535dd377d107ddcbf09ecaa13cd66ca723ee738d,abf02173b6d72342444de21a3dcbbfbc448cabddec5c6a5175c9c0a0a603c1e7,main=366bf529c29cb999bfd043db33674a510ba184c7; main=a33fc7e10b5bc25a053e982f0ff24ff60eda042f; EXP11A execution=22b18cdc743b4b0f37b8b345215fb747d614d6eb,outputs/experiments/exp11a_historical_size_sensitivity_v0.3/exp11_case_level_ranks.csv,b5d8bc8cec3f07863f01faef79ea3c4e7e55221c,EXP11A_HISTORICAL_BANK_SENSITIVITY:Top-3,none inferential; descriptive sensitivity across coupled size/composition conditions,not assigned,DESCRIPTIVE_ONLY,not applicable because no inferential decision is authorized,H50 D1/D2 summaries retain five paired seeds; no isolated causal size effect,preserve frozen run/condition summaries without new inferential interval,isolated causal bank-size effect | independence of 1056 cases across runs | split 3000/1006,complete-DAM construction changes composition with nominal size,
G3F02-0300,EXP11A_HISTORICAL_BANK_SENSITIVITY,historical-bank sensitivity supporting interpretation boundaries,EXP-11A,DESCRIPTIVE_ONLY,DESCRIPTIVE,SUMMARY_H25_PRIMARY,EXP11A_CONDITION_SUMMARY,Top-5,frozen condition-level mean across 10 materialized runs,,,0.737405303030303,condition_mean,SOURCE_VALUE_MATERIALIZED_WITHOUT_COMPONENTS,EVAL_V02_CHAPTER_87,3ddb7a0e80d8bfa20b985655f03d6ab65470b40f0738093413909b6584aee941,1056,67,SERIE for metrics; run/condition for sensitivity summaries,same EVAL series repeated across runs and nested in 67 DAM,outputs/experiments/exp11a_historical_size_sensitivity_v0.3/exp11_metrics_by_condition.csv,535dd377d107ddcbf09ecaa13cd66ca723ee738d,abf02173b6d72342444de21a3dcbbfbc448cabddec5c6a5175c9c0a0a603c1e7,main=366bf529c29cb999bfd043db33674a510ba184c7; main=a33fc7e10b5bc25a053e982f0ff24ff60eda042f; EXP11A execution=22b18cdc743b4b0f37b8b345215fb747d614d6eb,outputs/experiments/exp11a_historical_size_sensitivity_v0.3/exp11_case_level_ranks.csv,b5d8bc8cec3f07863f01faef79ea3c4e7e55221c,EXP11A_HISTORICAL_BANK_SENSITIVITY:Top-5,none inferential; descriptive sensitivity across coupled size/composition conditions,not assigned,DESCRIPTIVE_ONLY,not applicable because no inferential decision is authorized,H50 D1/D2 summaries retain five paired seeds; no isolated causal size effect,preserve frozen run/condition summaries without new inferential interval,isolated causal bank-size effect | independence of 1056 cases across runs | split 3000/1006,complete-DAM construction changes composition with nominal size,
G3F02-0301,EXP11A_HISTORICAL_BANK_SENSITIVITY,historical-bank sensitivity supporting interpretation boundaries,EXP-11A,DESCRIPTIVE_ONLY,DESCRIPTIVE,SUMMARY_H25_PRIMARY,EXP11A_CONDITION_SUMMARY,Top-10,frozen condition-level mean across 10 materialized runs,,,0.8432765151515152,condition_mean,SOURCE_VALUE_MATERIALIZED_WITHOUT_COMPONENTS,EVAL_V02_CHAPTER_87,3ddb7a0e80d8bfa20b985655f03d6ab65470b40f0738093413909b6584aee941,1056,67,SERIE for metrics; run/condition for sensitivity summaries,same EVAL series repeated across runs and nested in 67 DAM,outputs/experiments/exp11a_historical_size_sensitivity_v0.3/exp11_metrics_by_condition.csv,535dd377d107ddcbf09ecaa13cd66ca723ee738d,abf02173b6d72342444de21a3dcbbfbc448cabddec5c6a5175c9c0a0a603c1e7,main=366bf529c29cb999bfd043db33674a510ba184c7; main=a33fc7e10b5bc25a053e982f0ff24ff60eda042f; EXP11A execution=22b18cdc743b4b0f37b8b345215fb747d614d6eb,outputs/experiments/exp11a_historical_size_sensitivity_v0.3/exp11_case_level_ranks.csv,b5d8bc8cec3f07863f01faef79ea3c4e7e55221c,EXP11A_HISTORICAL_BANK_SENSITIVITY:Top-10,none inferential; descriptive sensitivity across coupled size/composition conditions,not assigned,DESCRIPTIVE_ONLY,not applicable because no inferential decision is authorized,H50 D1/D2 summaries retain five paired seeds; no isolated causal size effect,preserve frozen run/condition summaries without new inferential interval,isolated causal bank-size effect | independence of 1056 cases across runs | split 3000/1006,complete-DAM construction changes composition with nominal size,
G3F02-0302,EXP11A_HISTORICAL_BANK_SENSITIVITY,historical-bank sensitivity supporting interpretation boundaries,EXP-11A,DESCRIPTIVE_ONLY,DESCRIPTIVE,SUMMARY_H25_PRIMARY,EXP11A_CONDITION_SUMMARY,Top-50,frozen condition-level mean across 10 materialized runs,,,0.9731060606060605,condition_mean,SOURCE_VALUE_MATERIALIZED_WITHOUT_COMPONENTS,EVAL_V02_CHAPTER_87,3ddb7a0e80d8bfa20b985655f03d6ab65470b40f0738093413909b6584aee941,1056,67,SERIE for metrics; run/condition for sensitivity summaries,same EVAL series repeated across runs and nested in 67 DAM,outputs/experiments/exp11a_historical_size_sensitivity_v0.3/exp11_metrics_by_condition.csv,535dd377d107ddcbf09ecaa13cd66ca723ee738d,abf02173b6d72342444de21a3dcbbfbc448cabddec5c6a5175c9c0a0a603c1e7,main=366bf529c29cb999bfd043db33674a510ba184c7; main=a33fc7e10b5bc25a053e982f0ff24ff60eda042f; EXP11A execution=22b18cdc743b4b0f37b8b345215fb747d614d6eb,outputs/experiments/exp11a_historical_size_sensitivity_v0.3/exp11_case_level_ranks.csv,b5d8bc8cec3f07863f01faef79ea3c4e7e55221c,EXP11A_HISTORICAL_BANK_SENSITIVITY:Top-50,none inferential; descriptive sensitivity across coupled size/composition conditions,not assigned,DESCRIPTIVE_ONLY,not applicable because no inferential decision is authorized,H50 D1/D2 summaries retain five paired seeds; no isolated causal size effect,preserve frozen run/condition summaries without new inferential interval,isolated causal bank-size effect | independence of 1056 cases across runs | split 3000/1006,complete-DAM construction changes composition with nominal size,
G3F02-0303,EXP11A_HISTORICAL_BANK_SENSITIVITY,historical-bank sensitivity supporting interpretation boundaries,EXP-11A,DESCRIPTIVE_ONLY,DESCRIPTIVE,SUMMARY_H25_PRIMARY,EXP11A_CONDITION_SUMMARY,MRR@100,frozen condition-level mean across 10 materialized runs,,,0.6037871777200174,condition_mean,SOURCE_VALUE_MATERIALIZED_WITHOUT_COMPONENTS,EVAL_V02_CHAPTER_87,3ddb7a0e80d8bfa20b985655f03d6ab65470b40f0738093413909b6584aee941,1056,67,SERIE for metrics; run/condition for sensitivity summaries,same EVAL series repeated across runs and nested in 67 DAM,outputs/experiments/exp11a_historical_size_sensitivity_v0.3/exp11_metrics_by_condition.csv,535dd377d107ddcbf09ecaa13cd66ca723ee738d,abf02173b6d72342444de21a3dcbbfbc448cabddec5c6a5175c9c0a0a603c1e7,main=366bf529c29cb999bfd043db33674a510ba184c7; main=a33fc7e10b5bc25a053e982f0ff24ff60eda042f; EXP11A execution=22b18cdc743b4b0f37b8b345215fb747d614d6eb,outputs/experiments/exp11a_historical_size_sensitivity_v0.3/exp11_case_level_ranks.csv,b5d8bc8cec3f07863f01faef79ea3c4e7e55221c,EXP11A_HISTORICAL_BANK_SENSITIVITY:MRR@100,none inferential; descriptive sensitivity across coupled size/composition conditions,not assigned,DESCRIPTIVE_ONLY,not applicable because no inferential decision is authorized,H50 D1/D2 summaries retain five paired seeds; no isolated causal size effect,preserve frozen run/condition summaries without new inferential interval,isolated causal bank-size effect | independence of 1056 cases across runs | split 3000/1006,complete-DAM construction changes composition with nominal size,
G3F02-0304,EXP11A_HISTORICAL_BANK_SENSITIVITY,historical-bank sensitivity supporting interpretation boundaries,EXP-11A,DESCRIPTIVE_ONLY,DESCRIPTIVE,SUMMARY_H50_PRIMARY,EXP11A_CONDITION_SUMMARY,Top-1,frozen condition-level mean across 10 materialized runs,,,0.42859848484848484,condition_mean,SOURCE_VALUE_MATERIALIZED_WITHOUT_COMPONENTS,EVAL_V02_CHAPTER_87,3ddb7a0e80d8bfa20b985655f03d6ab65470b40f0738093413909b6584aee941,1056,67,SERIE for metrics; run/condition for sensitivity summaries,same EVAL series repeated across runs and nested in 67 DAM,outputs/experiments/exp11a_historical_size_sensitivity_v0.3/exp11_metrics_by_condition.csv,535dd377d107ddcbf09ecaa13cd66ca723ee738d,abf02173b6d72342444de21a3dcbbfbc448cabddec5c6a5175c9c0a0a603c1e7,main=366bf529c29cb999bfd043db33674a510ba184c7; main=a33fc7e10b5bc25a053e982f0ff24ff60eda042f; EXP11A execution=22b18cdc743b4b0f37b8b345215fb747d614d6eb,outputs/experiments/exp11a_historical_size_sensitivity_v0.3/exp11_case_level_ranks.csv,b5d8bc8cec3f07863f01faef79ea3c4e7e55221c,EXP11A_HISTORICAL_BANK_SENSITIVITY:Top-1,none inferential; descriptive sensitivity across coupled size/composition conditions,not assigned,DESCRIPTIVE_ONLY,not applicable because no inferential decision is authorized,H50 D1/D2 summaries retain five paired seeds; no isolated causal size effect,preserve frozen run/condition summaries without new inferential interval,isolated causal bank-size effect | independence of 1056 cases across runs | split 3000/1006,complete-DAM construction changes composition with nominal size,
G3F02-0305,EXP11A_HISTORICAL_BANK_SENSITIVITY,historical-bank sensitivity supporting interpretation boundaries,EXP-11A,DESCRIPTIVE_ONLY,DESCRIPTIVE,SUMMARY_H50_PRIMARY,EXP11A_CONDITION_SUMMARY,Top-3,frozen condition-level mean across 10 materialized runs,,,0.5979166666666667,condition_mean,SOURCE_VALUE_MATERIALIZED_WITHOUT_COMPONENTS,EVAL_V02_CHAPTER_87,3ddb7a0e80d8bfa20b985655f03d6ab65470b40f0738093413909b6584aee941,1056,67,SERIE for metrics; run/condition for sensitivity summaries,same EVAL series repeated across runs and nested in 67 DAM,outputs/experiments/exp11a_historical_size_sensitivity_v0.3/exp11_metrics_by_condition.csv,535dd377d107ddcbf09ecaa13cd66ca723ee738d,abf02173b6d72342444de21a3dcbbfbc448cabddec5c6a5175c9c0a0a603c1e7,main=366bf529c29cb999bfd043db33674a510ba184c7; main=a33fc7e10b5bc25a053e982f0ff24ff60eda042f; EXP11A execution=22b18cdc743b4b0f37b8b345215fb747d614d6eb,outputs/experiments/exp11a_historical_size_sensitivity_v0.3/exp11_case_level_ranks.csv,b5d8bc8cec3f07863f01faef79ea3c4e7e55221c,EXP11A_HISTORICAL_BANK_SENSITIVITY:Top-3,none inferential; descriptive sensitivity across coupled size/composition conditions,not assigned,DESCRIPTIVE_ONLY,not applicable because no inferential decision is authorized,H50 D1/D2 summaries retain five paired seeds; no isolated causal size effect,preserve frozen run/condition summaries without new inferential interval,isolated causal bank-size effect | independence of 1056 cases across runs | split 3000/1006,complete-DAM construction changes composition with nominal size,
G3F02-0306,EXP11A_HISTORICAL_BANK_SENSITIVITY,historical-bank sensitivity supporting interpretation boundaries,EXP-11A,DESCRIPTIVE_ONLY,DESCRIPTIVE,SUMMARY_H50_PRIMARY,EXP11A_CONDITION_SUMMARY,Top-5,frozen condition-level mean across 10 materialized runs,,,0.6803030303030303,condition_mean,SOURCE_VALUE_MATERIALIZED_WITHOUT_COMPONENTS,EVAL_V02_CHAPTER_87,3ddb7a0e80d8bfa20b985655f03d6ab65470b40f0738093413909b6584aee941,1056,67,SERIE for metrics; run/condition for sensitivity summaries,same EVAL series repeated across runs and nested in 67 DAM,outputs/experiments/exp11a_historical_size_sensitivity_v0.3/exp11_metrics_by_condition.csv,535dd377d107ddcbf09ecaa13cd66ca723ee738d,abf02173b6d72342444de21a3dcbbfbc448cabddec5c6a5175c9c0a0a603c1e7,main=366bf529c29cb999bfd043db33674a510ba184c7; main=a33fc7e10b5bc25a053e982f0ff24ff60eda042f; EXP11A execution=22b18cdc743b4b0f37b8b345215fb747d614d6eb,outputs/experiments/exp11a_historical_size_sensitivity_v0.3/exp11_case_level_ranks.csv,b5d8bc8cec3f07863f01faef79ea3c4e7e55221c,EXP11A_HISTORICAL_BANK_SENSITIVITY:Top-5,none inferential; descriptive sensitivity across coupled size/composition conditions,not assigned,DESCRIPTIVE_ONLY,not applicable because no inferential decision is authorized,H50 D1/D2 summaries retain five paired seeds; no isolated causal size effect,preserve frozen run/condition summaries without new inferential interval,isolated causal bank-size effect | independence of 1056 cases across runs | split 3000/1006,complete-DAM construction changes composition with nominal size,
G3F02-0307,EXP11A_HISTORICAL_BANK_SENSITIVITY,historical-bank sensitivity supporting interpretation boundaries,EXP-11A,DESCRIPTIVE_ONLY,DESCRIPTIVE,SUMMARY_H50_PRIMARY,EXP11A_CONDITION_SUMMARY,Top-10,frozen condition-level mean across 10 materialized runs,,,0.7760416666666667,condition_mean,SOURCE_VALUE_MATERIALIZED_WITHOUT_COMPONENTS,EVAL_V02_CHAPTER_87,3ddb7a0e80d8bfa20b985655f03d6ab65470b40f0738093413909b6584aee941,1056,67,SERIE for metrics; run/condition for sensitivity summaries,same EVAL series repeated across runs and nested in 67 DAM,outputs/experiments/exp11a_historical_size_sensitivity_v0.3/exp11_metrics_by_condition.csv,535dd377d107ddcbf09ecaa13cd66ca723ee738d,abf02173b6d72342444de21a3dcbbfbc448cabddec5c6a5175c9c0a0a603c1e7,main=366bf529c29cb999bfd043db33674a510ba184c7; main=a33fc7e10b5bc25a053e982f0ff24ff60eda042f; EXP11A execution=22b18cdc743b4b0f37b8b345215fb747d614d6eb,outputs/experiments/exp11a_historical_size_sensitivity_v0.3/exp11_case_level_ranks.csv,b5d8bc8cec3f07863f01faef79ea3c4e7e55221c,EXP11A_HISTORICAL_BANK_SENSITIVITY:Top-10,none inferential; descriptive sensitivity across coupled size/composition conditions,not assigned,DESCRIPTIVE_ONLY,not applicable because no inferential decision is authorized,H50 D1/D2 summaries retain five paired seeds; no isolated causal size effect,preserve frozen run/condition summaries without new inferential interval,isolated causal bank-size effect | independence of 1056 cases across runs | split 3000/1006,complete-DAM construction changes composition with nominal size,
G3F02-0308,EXP11A_HISTORICAL_BANK_SENSITIVITY,historical-bank sensitivity supporting interpretation boundaries,EXP-11A,DESCRIPTIVE_ONLY,DESCRIPTIVE,SUMMARY_H50_PRIMARY,EXP11A_CONDITION_SUMMARY,Top-50,frozen condition-level mean across 10 materialized runs,,,0.9304924242424242,condition_mean,SOURCE_VALUE_MATERIALIZED_WITHOUT_COMPONENTS,EVAL_V02_CHAPTER_87,3ddb7a0e80d8bfa20b985655f03d6ab65470b40f0738093413909b6584aee941,1056,67,SERIE for metrics; run/condition for sensitivity summaries,same EVAL series repeated across runs and nested in 67 DAM,outputs/experiments/exp11a_historical_size_sensitivity_v0.3/exp11_metrics_by_condition.csv,535dd377d107ddcbf09ecaa13cd66ca723ee738d,abf02173b6d72342444de21a3dcbbfbc448cabddec5c6a5175c9c0a0a603c1e7,main=366bf529c29cb999bfd043db33674a510ba184c7; main=a33fc7e10b5bc25a053e982f0ff24ff60eda042f; EXP11A execution=22b18cdc743b4b0f37b8b345215fb747d614d6eb,outputs/experiments/exp11a_historical_size_sensitivity_v0.3/exp11_case_level_ranks.csv,b5d8bc8cec3f07863f01faef79ea3c4e7e55221c,EXP11A_HISTORICAL_BANK_SENSITIVITY:Top-50,none inferential; descriptive sensitivity across coupled size/composition conditions,not assigned,DESCRIPTIVE_ONLY,not applicable because no inferential decision is authorized,H50 D1/D2 summaries retain five paired seeds; no isolated causal size effect,preserve frozen run/condition summaries without new inferential interval,isolated causal bank-size effect | independence of 1056 cases across runs | split 3000/1006,complete-DAM construction changes composition with nominal size,
G3F02-0309,EXP11A_HISTORICAL_BANK_SENSITIVITY,historical-bank sensitivity supporting interpretation boundaries,EXP-11A,DESCRIPTIVE_ONLY,DESCRIPTIVE,SUMMARY_H50_PRIMARY,EXP11A_CONDITION_SUMMARY,MRR@100,frozen condition-level mean across 10 materialized runs,,,0.5424923539382238,condition_mean,SOURCE_VALUE_MATERIALIZED_WITHOUT_COMPONENTS,EVAL_V02_CHAPTER_87,3ddb7a0e80d8bfa20b985655f03d6ab65470b40f0738093413909b6584aee941,1056,67,SERIE for metrics; run/condition for sensitivity summaries,same EVAL series repeated across runs and nested in 67 DAM,outputs/experiments/exp11a_historical_size_sensitivity_v0.3/exp11_metrics_by_condition.csv,535dd377d107ddcbf09ecaa13cd66ca723ee738d,abf02173b6d72342444de21a3dcbbfbc448cabddec5c6a5175c9c0a0a603c1e7,main=366bf529c29cb999bfd043db33674a510ba184c7; main=a33fc7e10b5bc25a053e982f0ff24ff60eda042f; EXP11A execution=22b18cdc743b4b0f37b8b345215fb747d614d6eb,outputs/experiments/exp11a_historical_size_sensitivity_v0.3/exp11_case_level_ranks.csv,b5d8bc8cec3f07863f01faef79ea3c4e7e55221c,EXP11A_HISTORICAL_BANK_SENSITIVITY:MRR@100,none inferential; descriptive sensitivity across coupled size/composition conditions,not assigned,DESCRIPTIVE_ONLY,not applicable because no inferential decision is authorized,H50 D1/D2 summaries retain five paired seeds; no isolated causal size effect,preserve frozen run/condition summaries without new inferential interval,isolated causal bank-size effect | independence of 1056 cases across runs | split 3000/1006,complete-DAM construction changes composition with nominal size,
G3F02-0310,EXP11A_HISTORICAL_BANK_SENSITIVITY,historical-bank sensitivity supporting interpretation boundaries,EXP-11A,DESCRIPTIVE_ONLY,DESCRIPTIVE,SUMMARY_H75_PRIMARY,EXP11A_CONDITION_SUMMARY,Top-1,frozen condition-level mean across 10 materialized runs,,,0.29829545454545453,condition_mean,SOURCE_VALUE_MATERIALIZED_WITHOUT_COMPONENTS,EVAL_V02_CHAPTER_87,3ddb7a0e80d8bfa20b985655f03d6ab65470b40f0738093413909b6584aee941,1056,67,SERIE for metrics; run/condition for sensitivity summaries,same EVAL series repeated across runs and nested in 67 DAM,outputs/experiments/exp11a_historical_size_sensitivity_v0.3/exp11_metrics_by_condition.csv,535dd377d107ddcbf09ecaa13cd66ca723ee738d,abf02173b6d72342444de21a3dcbbfbc448cabddec5c6a5175c9c0a0a603c1e7,main=366bf529c29cb999bfd043db33674a510ba184c7; main=a33fc7e10b5bc25a053e982f0ff24ff60eda042f; EXP11A execution=22b18cdc743b4b0f37b8b345215fb747d614d6eb,outputs/experiments/exp11a_historical_size_sensitivity_v0.3/exp11_case_level_ranks.csv,b5d8bc8cec3f07863f01faef79ea3c4e7e55221c,EXP11A_HISTORICAL_BANK_SENSITIVITY:Top-1,none inferential; descriptive sensitivity across coupled size/composition conditions,not assigned,DESCRIPTIVE_ONLY,not applicable because no inferential decision is authorized,H50 D1/D2 summaries retain five paired seeds; no isolated causal size effect,preserve frozen run/condition summaries without new inferential interval,isolated causal bank-size effect | independence of 1056 cases across runs | split 3000/1006,complete-DAM construction changes composition with nominal size,
G3F02-0311,EXP11A_HISTORICAL_BANK_SENSITIVITY,historical-bank sensitivity supporting interpretation boundaries,EXP-11A,DESCRIPTIVE_ONLY,DESCRIPTIVE,SUMMARY_H75_PRIMARY,EXP11A_CONDITION_SUMMARY,Top-3,frozen condition-level mean across 10 materialized runs,,,0.46335227272727275,condition_mean,SOURCE_VALUE_MATERIALIZED_WITHOUT_COMPONENTS,EVAL_V02_CHAPTER_87,3ddb7a0e80d8bfa20b985655f03d6ab65470b40f0738093413909b6584aee941,1056,67,SERIE for metrics; run/condition for sensitivity summaries,same EVAL series repeated across runs and nested in 67 DAM,outputs/experiments/exp11a_historical_size_sensitivity_v0.3/exp11_metrics_by_condition.csv,535dd377d107ddcbf09ecaa13cd66ca723ee738d,abf02173b6d72342444de21a3dcbbfbc448cabddec5c6a5175c9c0a0a603c1e7,main=366bf529c29cb999bfd043db33674a510ba184c7; main=a33fc7e10b5bc25a053e982f0ff24ff60eda042f; EXP11A execution=22b18cdc743b4b0f37b8b345215fb747d614d6eb,outputs/experiments/exp11a_historical_size_sensitivity_v0.3/exp11_case_level_ranks.csv,b5d8bc8cec3f07863f01faef79ea3c4e7e55221c,EXP11A_HISTORICAL_BANK_SENSITIVITY:Top-3,none inferential; descriptive sensitivity across coupled size/composition conditions,not assigned,DESCRIPTIVE_ONLY,not applicable because no inferential decision is authorized,H50 D1/D2 summaries retain five paired seeds; no isolated causal size effect,preserve frozen run/condition summaries without new inferential interval,isolated causal bank-size effect | independence of 1056 cases across runs | split 3000/1006,complete-DAM construction changes composition with nominal size,
G3F02-0312,EXP11A_HISTORICAL_BANK_SENSITIVITY,historical-bank sensitivity supporting interpretation boundaries,EXP-11A,DESCRIPTIVE_ONLY,DESCRIPTIVE,SUMMARY_H75_PRIMARY,EXP11A_CONDITION_SUMMARY,Top-5,frozen condition-level mean across 10 materialized runs,,,0.5487689393939393,condition_mean,SOURCE_VALUE_MATERIALIZED_WITHOUT_COMPONENTS,EVAL_V02_CHAPTER_87,3ddb7a0e80d8bfa20b985655f03d6ab65470b40f0738093413909b6584aee941,1056,67,SERIE for metrics; run/condition for sensitivity summaries,same EVAL series repeated across runs and nested in 67 DAM,outputs/experiments/exp11a_historical_size_sensitivity_v0.3/exp11_metrics_by_condition.csv,535dd377d107ddcbf09ecaa13cd66ca723ee738d,abf02173b6d72342444de21a3dcbbfbc448cabddec5c6a5175c9c0a0a603c1e7,main=366bf529c29cb999bfd043db33674a510ba184c7; main=a33fc7e10b5bc25a053e982f0ff24ff60eda042f; EXP11A execution=22b18cdc743b4b0f37b8b345215fb747d614d6eb,outputs/experiments/exp11a_historical_size_sensitivity_v0.3/exp11_case_level_ranks.csv,b5d8bc8cec3f07863f01faef79ea3c4e7e55221c,EXP11A_HISTORICAL_BANK_SENSITIVITY:Top-5,none inferential; descriptive sensitivity across coupled size/composition conditions,not assigned,DESCRIPTIVE_ONLY,not applicable because no inferential decision is authorized,H50 D1/D2 summaries retain five paired seeds; no isolated causal size effect,preserve frozen run/condition summaries without new inferential interval,isolated causal bank-size effect | independence of 1056 cases across runs | split 3000/1006,complete-DAM construction changes composition with nominal size,
G3F02-0313,EXP11A_HISTORICAL_BANK_SENSITIVITY,historical-bank sensitivity supporting interpretation boundaries,EXP-11A,DESCRIPTIVE_ONLY,DESCRIPTIVE,SUMMARY_H75_PRIMARY,EXP11A_CONDITION_SUMMARY,Top-10,frozen condition-level mean across 10 materialized runs,,,0.6538825757575758,condition_mean,SOURCE_VALUE_MATERIALIZED_WITHOUT_COMPONENTS,EVAL_V02_CHAPTER_87,3ddb7a0e80d8bfa20b985655f03d6ab65470b40f0738093413909b6584aee941,1056,67,SERIE for metrics; run/condition for sensitivity summaries,same EVAL series repeated across runs and nested in 67 DAM,outputs/experiments/exp11a_historical_size_sensitivity_v0.3/exp11_metrics_by_condition.csv,535dd377d107ddcbf09ecaa13cd66ca723ee738d,abf02173b6d72342444de21a3dcbbfbc448cabddec5c6a5175c9c0a0a603c1e7,main=366bf529c29cb999bfd043db33674a510ba184c7; main=a33fc7e10b5bc25a053e982f0ff24ff60eda042f; EXP11A execution=22b18cdc743b4b0f37b8b345215fb747d614d6eb,outputs/experiments/exp11a_historical_size_sensitivity_v0.3/exp11_case_level_ranks.csv,b5d8bc8cec3f07863f01faef79ea3c4e7e55221c,EXP11A_HISTORICAL_BANK_SENSITIVITY:Top-10,none inferential; descriptive sensitivity across coupled size/composition conditions,not assigned,DESCRIPTIVE_ONLY,not applicable because no inferential decision is authorized,H50 D1/D2 summaries retain five paired seeds; no isolated causal size effect,preserve frozen run/condition summaries without new inferential interval,isolated causal bank-size effect | independence of 1056 cases across runs | split 3000/1006,complete-DAM construction changes composition with nominal size,
G3F02-0314,EXP11A_HISTORICAL_BANK_SENSITIVITY,historical-bank sensitivity supporting interpretation boundaries,EXP-11A,DESCRIPTIVE_ONLY,DESCRIPTIVE,SUMMARY_H75_PRIMARY,EXP11A_CONDITION_SUMMARY,Top-50,frozen condition-level mean across 10 materialized runs,,,0.8371212121212122,condition_mean,SOURCE_VALUE_MATERIALIZED_WITHOUT_COMPONENTS,EVAL_V02_CHAPTER_87,3ddb7a0e80d8bfa20b985655f03d6ab65470b40f0738093413909b6584aee941,1056,67,SERIE for metrics; run/condition for sensitivity summaries,same EVAL series repeated across runs and nested in 67 DAM,outputs/experiments/exp11a_historical_size_sensitivity_v0.3/exp11_metrics_by_condition.csv,535dd377d107ddcbf09ecaa13cd66ca723ee738d,abf02173b6d72342444de21a3dcbbfbc448cabddec5c6a5175c9c0a0a603c1e7,main=366bf529c29cb999bfd043db33674a510ba184c7; main=a33fc7e10b5bc25a053e982f0ff24ff60eda042f; EXP11A execution=22b18cdc743b4b0f37b8b345215fb747d614d6eb,outputs/experiments/exp11a_historical_size_sensitivity_v0.3/exp11_case_level_ranks.csv,b5d8bc8cec3f07863f01faef79ea3c4e7e55221c,EXP11A_HISTORICAL_BANK_SENSITIVITY:Top-50,none inferential; descriptive sensitivity across coupled size/composition conditions,not assigned,DESCRIPTIVE_ONLY,not applicable because no inferential decision is authorized,H50 D1/D2 summaries retain five paired seeds; no isolated causal size effect,preserve frozen run/condition summaries without new inferential interval,isolated causal bank-size effect | independence of 1056 cases across runs | split 3000/1006,complete-DAM construction changes composition with nominal size,
G3F02-0315,EXP11A_HISTORICAL_BANK_SENSITIVITY,historical-bank sensitivity supporting interpretation boundaries,EXP-11A,DESCRIPTIVE_ONLY,DESCRIPTIVE,SUMMARY_H75_PRIMARY,EXP11A_CONDITION_SUMMARY,MRR@100,frozen condition-level mean across 10 materialized runs,,,0.41402987098512434,condition_mean,SOURCE_VALUE_MATERIALIZED_WITHOUT_COMPONENTS,EVAL_V02_CHAPTER_87,3ddb7a0e80d8bfa20b985655f03d6ab65470b40f0738093413909b6584aee941,1056,67,SERIE for metrics; run/condition for sensitivity summaries,same EVAL series repeated across runs and nested in 67 DAM,outputs/experiments/exp11a_historical_size_sensitivity_v0.3/exp11_metrics_by_condition.csv,535dd377d107ddcbf09ecaa13cd66ca723ee738d,abf02173b6d72342444de21a3dcbbfbc448cabddec5c6a5175c9c0a0a603c1e7,main=366bf529c29cb999bfd043db33674a510ba184c7; main=a33fc7e10b5bc25a053e982f0ff24ff60eda042f; EXP11A execution=22b18cdc743b4b0f37b8b345215fb747d614d6eb,outputs/experiments/exp11a_historical_size_sensitivity_v0.3/exp11_case_level_ranks.csv,b5d8bc8cec3f07863f01faef79ea3c4e7e55221c,EXP11A_HISTORICAL_BANK_SENSITIVITY:MRR@100,none inferential; descriptive sensitivity across coupled size/composition conditions,not assigned,DESCRIPTIVE_ONLY,not applicable because no inferential decision is authorized,H50 D1/D2 summaries retain five paired seeds; no isolated causal size effect,preserve frozen run/condition summaries without new inferential interval,isolated causal bank-size effect | independence of 1056 cases across runs | split 3000/1006,complete-DAM construction changes composition with nominal size,
G3F02-0316,EXP11A_HISTORICAL_BANK_SENSITIVITY,historical-bank sensitivity supporting interpretation boundaries,EXP-11A,DESCRIPTIVE_ONLY,DESCRIPTIVE,SUMMARY_H100_FROZEN_REFERENCE,EXP11A_CONDITION_SUMMARY,Top-1,frozen condition-level mean across 1 materialized runs,,,0.509469696969697,condition_mean,SOURCE_VALUE_MATERIALIZED_WITHOUT_COMPONENTS,EVAL_V02_CHAPTER_87,3ddb7a0e80d8bfa20b985655f03d6ab65470b40f0738093413909b6584aee941,1056,67,SERIE for metrics; run/condition for sensitivity summaries,same EVAL series repeated across runs and nested in 67 DAM,outputs/experiments/exp11a_historical_size_sensitivity_v0.3/exp11_metrics_by_condition.csv,535dd377d107ddcbf09ecaa13cd66ca723ee738d,abf02173b6d72342444de21a3dcbbfbc448cabddec5c6a5175c9c0a0a603c1e7,main=366bf529c29cb999bfd043db33674a510ba184c7; main=a33fc7e10b5bc25a053e982f0ff24ff60eda042f; EXP11A execution=22b18cdc743b4b0f37b8b345215fb747d614d6eb,outputs/experiments/exp11a_historical_size_sensitivity_v0.3/exp11_case_level_ranks.csv,b5d8bc8cec3f07863f01faef79ea3c4e7e55221c,EXP11A_HISTORICAL_BANK_SENSITIVITY:Top-1,none inferential; descriptive sensitivity across coupled size/composition conditions,not assigned,DESCRIPTIVE_ONLY,not applicable because no inferential decision is authorized,H50 D1/D2 summaries retain five paired seeds; no isolated causal size effect,preserve frozen run/condition summaries without new inferential interval,isolated causal bank-size effect | independence of 1056 cases across runs | split 3000/1006,complete-DAM construction changes composition with nominal size,
G3F02-0317,EXP11A_HISTORICAL_BANK_SENSITIVITY,historical-bank sensitivity supporting interpretation boundaries,EXP-11A,DESCRIPTIVE_ONLY,DESCRIPTIVE,SUMMARY_H100_FROZEN_REFERENCE,EXP11A_CONDITION_SUMMARY,Top-3,frozen condition-level mean across 1 materialized runs,,,0.6714015151515151,condition_mean,SOURCE_VALUE_MATERIALIZED_WITHOUT_COMPONENTS,EVAL_V02_CHAPTER_87,3ddb7a0e80d8bfa20b985655f03d6ab65470b40f0738093413909b6584aee941,1056,67,SERIE for metrics; run/condition for sensitivity summaries,same EVAL series repeated across runs and nested in 67 DAM,outputs/experiments/exp11a_historical_size_sensitivity_v0.3/exp11_metrics_by_condition.csv,535dd377d107ddcbf09ecaa13cd66ca723ee738d,abf02173b6d72342444de21a3dcbbfbc448cabddec5c6a5175c9c0a0a603c1e7,main=366bf529c29cb999bfd043db33674a510ba184c7; main=a33fc7e10b5bc25a053e982f0ff24ff60eda042f; EXP11A execution=22b18cdc743b4b0f37b8b345215fb747d614d6eb,outputs/experiments/exp11a_historical_size_sensitivity_v0.3/exp11_case_level_ranks.csv,b5d8bc8cec3f07863f01faef79ea3c4e7e55221c,EXP11A_HISTORICAL_BANK_SENSITIVITY:Top-3,none inferential; descriptive sensitivity across coupled size/composition conditions,not assigned,DESCRIPTIVE_ONLY,not applicable because no inferential decision is authorized,H50 D1/D2 summaries retain five paired seeds; no isolated causal size effect,preserve frozen run/condition summaries without new inferential interval,isolated causal bank-size effect | independence of 1056 cases across runs | split 3000/1006,complete-DAM construction changes composition with nominal size,
G3F02-0318,EXP11A_HISTORICAL_BANK_SENSITIVITY,historical-bank sensitivity supporting interpretation boundaries,EXP-11A,DESCRIPTIVE_ONLY,DESCRIPTIVE,SUMMARY_H100_FROZEN_REFERENCE,EXP11A_CONDITION_SUMMARY,Top-5,frozen condition-level mean across 1 materialized runs,,,0.7632575757575758,condition_mean,SOURCE_VALUE_MATERIALIZED_WITHOUT_COMPONENTS,EVAL_V02_CHAPTER_87,3ddb7a0e80d8bfa20b985655f03d6ab65470b40f0738093413909b6584aee941,1056,67,SERIE for metrics; run/condition for sensitivity summaries,same EVAL series repeated across runs and nested in 67 DAM,outputs/experiments/exp11a_historical_size_sensitivity_v0.3/exp11_metrics_by_condition.csv,535dd377d107ddcbf09ecaa13cd66ca723ee738d,abf02173b6d72342444de21a3dcbbfbc448cabddec5c6a5175c9c0a0a603c1e7,main=366bf529c29cb999bfd043db33674a510ba184c7; main=a33fc7e10b5bc25a053e982f0ff24ff60eda042f; EXP11A execution=22b18cdc743b4b0f37b8b345215fb747d614d6eb,outputs/experiments/exp11a_historical_size_sensitivity_v0.3/exp11_case_level_ranks.csv,b5d8bc8cec3f07863f01faef79ea3c4e7e55221c,EXP11A_HISTORICAL_BANK_SENSITIVITY:Top-5,none inferential; descriptive sensitivity across coupled size/composition conditions,not assigned,DESCRIPTIVE_ONLY,not applicable because no inferential decision is authorized,H50 D1/D2 summaries retain five paired seeds; no isolated causal size effect,preserve frozen run/condition summaries without new inferential interval,isolated causal bank-size effect | independence of 1056 cases across runs | split 3000/1006,complete-DAM construction changes composition with nominal size,
G3F02-0319,EXP11A_HISTORICAL_BANK_SENSITIVITY,historical-bank sensitivity supporting interpretation boundaries,EXP-11A,DESCRIPTIVE_ONLY,DESCRIPTIVE,SUMMARY_H100_FROZEN_REFERENCE,EXP11A_CONDITION_SUMMARY,Top-10,frozen condition-level mean across 1 materialized runs,,,0.8910984848484849,condition_mean,SOURCE_VALUE_MATERIALIZED_WITHOUT_COMPONENTS,EVAL_V02_CHAPTER_87,3ddb7a0e80d8bfa20b985655f03d6ab65470b40f0738093413909b6584aee941,1056,67,SERIE for metrics; run/condition for sensitivity summaries,same EVAL series repeated across runs and nested in 67 DAM,outputs/experiments/exp11a_historical_size_sensitivity_v0.3/exp11_metrics_by_condition.csv,535dd377d107ddcbf09ecaa13cd66ca723ee738d,abf02173b6d72342444de21a3dcbbfbc448cabddec5c6a5175c9c0a0a603c1e7,main=366bf529c29cb999bfd043db33674a510ba184c7; main=a33fc7e10b5bc25a053e982f0ff24ff60eda042f; EXP11A execution=22b18cdc743b4b0f37b8b345215fb747d614d6eb,outputs/experiments/exp11a_historical_size_sensitivity_v0.3/exp11_case_level_ranks.csv,b5d8bc8cec3f07863f01faef79ea3c4e7e55221c,EXP11A_HISTORICAL_BANK_SENSITIVITY:Top-10,none inferential; descriptive sensitivity across coupled size/composition conditions,not assigned,DESCRIPTIVE_ONLY,not applicable because no inferential decision is authorized,H50 D1/D2 summaries retain five paired seeds; no isolated causal size effect,preserve frozen run/condition summaries without new inferential interval,isolated causal bank-size effect | independence of 1056 cases across runs | split 3000/1006,complete-DAM construction changes composition with nominal size,
G3F02-0320,EXP11A_HISTORICAL_BANK_SENSITIVITY,historical-bank sensitivity supporting interpretation boundaries,EXP-11A,DESCRIPTIVE_ONLY,DESCRIPTIVE,SUMMARY_H100_FROZEN_REFERENCE,EXP11A_CONDITION_SUMMARY,Top-50,frozen condition-level mean across 1 materialized runs,,,0.9914772727272727,condition_mean,SOURCE_VALUE_MATERIALIZED_WITHOUT_COMPONENTS,EVAL_V02_CHAPTER_87,3ddb7a0e80d8bfa20b985655f03d6ab65470b40f0738093413909b6584aee941,1056,67,SERIE for metrics; run/condition for sensitivity summaries,same EVAL series repeated across runs and nested in 67 DAM,outputs/experiments/exp11a_historical_size_sensitivity_v0.3/exp11_metrics_by_condition.csv,535dd377d107ddcbf09ecaa13cd66ca723ee738d,abf02173b6d72342444de21a3dcbbfbc448cabddec5c6a5175c9c0a0a603c1e7,main=366bf529c29cb999bfd043db33674a510ba184c7; main=a33fc7e10b5bc25a053e982f0ff24ff60eda042f; EXP11A execution=22b18cdc743b4b0f37b8b345215fb747d614d6eb,outputs/experiments/exp11a_historical_size_sensitivity_v0.3/exp11_case_level_ranks.csv,b5d8bc8cec3f07863f01faef79ea3c4e7e55221c,EXP11A_HISTORICAL_BANK_SENSITIVITY:Top-50,none inferential; descriptive sensitivity across coupled size/composition conditions,not assigned,DESCRIPTIVE_ONLY,not applicable because no inferential decision is authorized,H50 D1/D2 summaries retain five paired seeds; no isolated causal size effect,preserve frozen run/condition summaries without new inferential interval,isolated causal bank-size effect | independence of 1056 cases across runs | split 3000/1006,complete-DAM construction changes composition with nominal size,
G3F02-0321,EXP11A_HISTORICAL_BANK_SENSITIVITY,historical-bank sensitivity supporting interpretation boundaries,EXP-11A,DESCRIPTIVE_ONLY,DESCRIPTIVE,SUMMARY_H100_FROZEN_REFERENCE,EXP11A_CONDITION_SUMMARY,MRR@100,frozen condition-level mean across 1 materialized runs,,,0.6297077493524843,condition_mean,SOURCE_VALUE_MATERIALIZED_WITHOUT_COMPONENTS,EVAL_V02_CHAPTER_87,3ddb7a0e80d8bfa20b985655f03d6ab65470b40f0738093413909b6584aee941,1056,67,SERIE for metrics; run/condition for sensitivity summaries,same EVAL series repeated across runs and nested in 67 DAM,outputs/experiments/exp11a_historical_size_sensitivity_v0.3/exp11_metrics_by_condition.csv,535dd377d107ddcbf09ecaa13cd66ca723ee738d,abf02173b6d72342444de21a3dcbbfbc448cabddec5c6a5175c9c0a0a603c1e7,main=366bf529c29cb999bfd043db33674a510ba184c7; main=a33fc7e10b5bc25a053e982f0ff24ff60eda042f; EXP11A execution=22b18cdc743b4b0f37b8b345215fb747d614d6eb,outputs/experiments/exp11a_historical_size_sensitivity_v0.3/exp11_case_level_ranks.csv,b5d8bc8cec3f07863f01faef79ea3c4e7e55221c,EXP11A_HISTORICAL_BANK_SENSITIVITY:MRR@100,none inferential; descriptive sensitivity across coupled size/composition conditions,not assigned,DESCRIPTIVE_ONLY,not applicable because no inferential decision is authorized,H50 D1/D2 summaries retain five paired seeds; no isolated causal size effect,preserve frozen run/condition summaries without new inferential interval,isolated causal bank-size effect | independence of 1056 cases across runs | split 3000/1006,complete-DAM construction changes composition with nominal size,
G3F02-0322,EXP11A_HISTORICAL_BANK_SENSITIVITY,historical-bank sensitivity supporting interpretation boundaries,EXP-11A,DESCRIPTIVE_ONLY,DESCRIPTIVE,SUMMARY_H50_H50_D1_DIAGNOSTIC,EXP11A_CONDITION_SUMMARY,Top-1,frozen condition-level mean across 5 materialized runs,,,0.42727272727272725,condition_mean,SOURCE_VALUE_MATERIALIZED_WITHOUT_COMPONENTS,EVAL_V02_CHAPTER_87,3ddb7a0e80d8bfa20b985655f03d6ab65470b40f0738093413909b6584aee941,1056,67,SERIE for metrics; run/condition for sensitivity summaries,same EVAL series repeated across runs and nested in 67 DAM,outputs/experiments/exp11a_historical_size_sensitivity_v0.3/exp11_metrics_by_condition.csv,535dd377d107ddcbf09ecaa13cd66ca723ee738d,abf02173b6d72342444de21a3dcbbfbc448cabddec5c6a5175c9c0a0a603c1e7,main=366bf529c29cb999bfd043db33674a510ba184c7; main=a33fc7e10b5bc25a053e982f0ff24ff60eda042f; EXP11A execution=22b18cdc743b4b0f37b8b345215fb747d614d6eb,outputs/experiments/exp11a_historical_size_sensitivity_v0.3/exp11_case_level_ranks.csv,b5d8bc8cec3f07863f01faef79ea3c4e7e55221c,EXP11A_HISTORICAL_BANK_SENSITIVITY:Top-1,none inferential; descriptive sensitivity across coupled size/composition conditions,not assigned,DESCRIPTIVE_ONLY,not applicable because no inferential decision is authorized,H50 D1/D2 summaries retain five paired seeds; no isolated causal size effect,preserve frozen run/condition summaries without new inferential interval,isolated causal bank-size effect | independence of 1056 cases across runs | split 3000/1006,complete-DAM construction changes composition with nominal size,
G3F02-0323,EXP11A_HISTORICAL_BANK_SENSITIVITY,historical-bank sensitivity supporting interpretation boundaries,EXP-11A,DESCRIPTIVE_ONLY,DESCRIPTIVE,SUMMARY_H50_H50_D1_DIAGNOSTIC,EXP11A_CONDITION_SUMMARY,Top-3,frozen condition-level mean across 5 materialized runs,,,0.584469696969697,condition_mean,SOURCE_VALUE_MATERIALIZED_WITHOUT_COMPONENTS,EVAL_V02_CHAPTER_87,3ddb7a0e80d8bfa20b985655f03d6ab65470b40f0738093413909b6584aee941,1056,67,SERIE for metrics; run/condition for sensitivity summaries,same EVAL series repeated across runs and nested in 67 DAM,outputs/experiments/exp11a_historical_size_sensitivity_v0.3/exp11_metrics_by_condition.csv,535dd377d107ddcbf09ecaa13cd66ca723ee738d,abf02173b6d72342444de21a3dcbbfbc448cabddec5c6a5175c9c0a0a603c1e7,main=366bf529c29cb999bfd043db33674a510ba184c7; main=a33fc7e10b5bc25a053e982f0ff24ff60eda042f; EXP11A execution=22b18cdc743b4b0f37b8b345215fb747d614d6eb,outputs/experiments/exp11a_historical_size_sensitivity_v0.3/exp11_case_level_ranks.csv,b5d8bc8cec3f07863f01faef79ea3c4e7e55221c,EXP11A_HISTORICAL_BANK_SENSITIVITY:Top-3,none inferential; descriptive sensitivity across coupled size/composition conditions,not assigned,DESCRIPTIVE_ONLY,not applicable because no inferential decision is authorized,H50 D1/D2 summaries retain five paired seeds; no isolated causal size effect,preserve frozen run/condition summaries without new inferential interval,isolated causal bank-size effect | independence of 1056 cases across runs | split 3000/1006,complete-DAM construction changes composition with nominal size,
G3F02-0324,EXP11A_HISTORICAL_BANK_SENSITIVITY,historical-bank sensitivity supporting interpretation boundaries,EXP-11A,DESCRIPTIVE_ONLY,DESCRIPTIVE,SUMMARY_H50_H50_D1_DIAGNOSTIC,EXP11A_CONDITION_SUMMARY,Top-5,frozen condition-level mean across 5 materialized runs,,,0.6727272727272727,condition_mean,SOURCE_VALUE_MATERIALIZED_WITHOUT_COMPONENTS,EVAL_V02_CHAPTER_87,3ddb7a0e80d8bfa20b985655f03d6ab65470b40f0738093413909b6584aee941,1056,67,SERIE for metrics; run/condition for sensitivity summaries,same EVAL series repeated across runs and nested in 67 DAM,outputs/experiments/exp11a_historical_size_sensitivity_v0.3/exp11_metrics_by_condition.csv,535dd377d107ddcbf09ecaa13cd66ca723ee738d,abf02173b6d72342444de21a3dcbbfbc448cabddec5c6a5175c9c0a0a603c1e7,main=366bf529c29cb999bfd043db33674a510ba184c7; main=a33fc7e10b5bc25a053e982f0ff24ff60eda042f; EXP11A execution=22b18cdc743b4b0f37b8b345215fb747d614d6eb,outputs/experiments/exp11a_historical_size_sensitivity_v0.3/exp11_case_level_ranks.csv,b5d8bc8cec3f07863f01faef79ea3c4e7e55221c,EXP11A_HISTORICAL_BANK_SENSITIVITY:Top-5,none inferential; descriptive sensitivity across coupled size/composition conditions,not assigned,DESCRIPTIVE_ONLY,not applicable because no inferential decision is authorized,H50 D1/D2 summaries retain five paired seeds; no isolated causal size effect,preserve frozen run/condition summaries without new inferential interval,isolated causal bank-size effect | independence of 1056 cases across runs | split 3000/1006,complete-DAM construction changes composition with nominal size,
G3F02-0325,EXP11A_HISTORICAL_BANK_SENSITIVITY,historical-bank sensitivity supporting interpretation boundaries,EXP-11A,DESCRIPTIVE_ONLY,DESCRIPTIVE,SUMMARY_H50_H50_D1_DIAGNOSTIC,EXP11A_CONDITION_SUMMARY,Top-10,frozen condition-level mean across 5 materialized runs,,,0.7634469696969697,condition_mean,SOURCE_VALUE_MATERIALIZED_WITHOUT_COMPONENTS,EVAL_V02_CHAPTER_87,3ddb7a0e80d8bfa20b985655f03d6ab65470b40f0738093413909b6584aee941,1056,67,SERIE for metrics; run/condition for sensitivity summaries,same EVAL series repeated across runs and nested in 67 DAM,outputs/experiments/exp11a_historical_size_sensitivity_v0.3/exp11_metrics_by_condition.csv,535dd377d107ddcbf09ecaa13cd66ca723ee738d,abf02173b6d72342444de21a3dcbbfbc448cabddec5c6a5175c9c0a0a603c1e7,main=366bf529c29cb999bfd043db33674a510ba184c7; main=a33fc7e10b5bc25a053e982f0ff24ff60eda042f; EXP11A execution=22b18cdc743b4b0f37b8b345215fb747d614d6eb,outputs/experiments/exp11a_historical_size_sensitivity_v0.3/exp11_case_level_ranks.csv,b5d8bc8cec3f07863f01faef79ea3c4e7e55221c,EXP11A_HISTORICAL_BANK_SENSITIVITY:Top-10,none inferential; descriptive sensitivity across coupled size/composition conditions,not assigned,DESCRIPTIVE_ONLY,not applicable because no inferential decision is authorized,H50 D1/D2 summaries retain five paired seeds; no isolated causal size effect,preserve frozen run/condition summaries without new inferential interval,isolated causal bank-size effect | independence of 1056 cases across runs | split 3000/1006,complete-DAM construction changes composition with nominal size,
G3F02-0326,EXP11A_HISTORICAL_BANK_SENSITIVITY,historical-bank sensitivity supporting interpretation boundaries,EXP-11A,DESCRIPTIVE_ONLY,DESCRIPTIVE,SUMMARY_H50_H50_D1_DIAGNOSTIC,EXP11A_CONDITION_SUMMARY,Top-50,frozen condition-level mean across 5 materialized runs,,,0.9263257575757576,condition_mean,SOURCE_VALUE_MATERIALIZED_WITHOUT_COMPONENTS,EVAL_V02_CHAPTER_87,3ddb7a0e80d8bfa20b985655f03d6ab65470b40f0738093413909b6584aee941,1056,67,SERIE for metrics; run/condition for sensitivity summaries,same EVAL series repeated across runs and nested in 67 DAM,outputs/experiments/exp11a_historical_size_sensitivity_v0.3/exp11_metrics_by_condition.csv,535dd377d107ddcbf09ecaa13cd66ca723ee738d,abf02173b6d72342444de21a3dcbbfbc448cabddec5c6a5175c9c0a0a603c1e7,main=366bf529c29cb999bfd043db33674a510ba184c7; main=a33fc7e10b5bc25a053e982f0ff24ff60eda042f; EXP11A execution=22b18cdc743b4b0f37b8b345215fb747d614d6eb,outputs/experiments/exp11a_historical_size_sensitivity_v0.3/exp11_case_level_ranks.csv,b5d8bc8cec3f07863f01faef79ea3c4e7e55221c,EXP11A_HISTORICAL_BANK_SENSITIVITY:Top-50,none inferential; descriptive sensitivity across coupled size/composition conditions,not assigned,DESCRIPTIVE_ONLY,not applicable because no inferential decision is authorized,H50 D1/D2 summaries retain five paired seeds; no isolated causal size effect,preserve frozen run/condition summaries without new inferential interval,isolated causal bank-size effect | independence of 1056 cases across runs | split 3000/1006,complete-DAM construction changes composition with nominal size,
G3F02-0327,EXP11A_HISTORICAL_BANK_SENSITIVITY,historical-bank sensitivity supporting interpretation boundaries,EXP-11A,DESCRIPTIVE_ONLY,DESCRIPTIVE,SUMMARY_H50_H50_D1_DIAGNOSTIC,EXP11A_CONDITION_SUMMARY,MRR@100,frozen condition-level mean across 5 materialized runs,,,0.5359966957989488,condition_mean,SOURCE_VALUE_MATERIALIZED_WITHOUT_COMPONENTS,EVAL_V02_CHAPTER_87,3ddb7a0e80d8bfa20b985655f03d6ab65470b40f0738093413909b6584aee941,1056,67,SERIE for metrics; run/condition for sensitivity summaries,same EVAL series repeated across runs and nested in 67 DAM,outputs/experiments/exp11a_historical_size_sensitivity_v0.3/exp11_metrics_by_condition.csv,535dd377d107ddcbf09ecaa13cd66ca723ee738d,abf02173b6d72342444de21a3dcbbfbc448cabddec5c6a5175c9c0a0a603c1e7,main=366bf529c29cb999bfd043db33674a510ba184c7; main=a33fc7e10b5bc25a053e982f0ff24ff60eda042f; EXP11A execution=22b18cdc743b4b0f37b8b345215fb747d614d6eb,outputs/experiments/exp11a_historical_size_sensitivity_v0.3/exp11_case_level_ranks.csv,b5d8bc8cec3f07863f01faef79ea3c4e7e55221c,EXP11A_HISTORICAL_BANK_SENSITIVITY:MRR@100,none inferential; descriptive sensitivity across coupled size/composition conditions,not assigned,DESCRIPTIVE_ONLY,not applicable because no inferential decision is authorized,H50 D1/D2 summaries retain five paired seeds; no isolated causal size effect,preserve frozen run/condition summaries without new inferential interval,isolated causal bank-size effect | independence of 1056 cases across runs | split 3000/1006,complete-DAM construction changes composition with nominal size,
G3F02-0328,EXP11A_HISTORICAL_BANK_SENSITIVITY,historical-bank sensitivity supporting interpretation boundaries,EXP-11A,DESCRIPTIVE_ONLY,DESCRIPTIVE,SUMMARY_H50_H50_D2_DIAGNOSTIC,EXP11A_CONDITION_SUMMARY,Top-1,frozen condition-level mean across 5 materialized runs,,,0.4299242424242424,condition_mean,SOURCE_VALUE_MATERIALIZED_WITHOUT_COMPONENTS,EVAL_V02_CHAPTER_87,3ddb7a0e80d8bfa20b985655f03d6ab65470b40f0738093413909b6584aee941,1056,67,SERIE for metrics; run/condition for sensitivity summaries,same EVAL series repeated across runs and nested in 67 DAM,outputs/experiments/exp11a_historical_size_sensitivity_v0.3/exp11_metrics_by_condition.csv,535dd377d107ddcbf09ecaa13cd66ca723ee738d,abf02173b6d72342444de21a3dcbbfbc448cabddec5c6a5175c9c0a0a603c1e7,main=366bf529c29cb999bfd043db33674a510ba184c7; main=a33fc7e10b5bc25a053e982f0ff24ff60eda042f; EXP11A execution=22b18cdc743b4b0f37b8b345215fb747d614d6eb,outputs/experiments/exp11a_historical_size_sensitivity_v0.3/exp11_case_level_ranks.csv,b5d8bc8cec3f07863f01faef79ea3c4e7e55221c,EXP11A_HISTORICAL_BANK_SENSITIVITY:Top-1,none inferential; descriptive sensitivity across coupled size/composition conditions,not assigned,DESCRIPTIVE_ONLY,not applicable because no inferential decision is authorized,H50 D1/D2 summaries retain five paired seeds; no isolated causal size effect,preserve frozen run/condition summaries without new inferential interval,isolated causal bank-size effect | independence of 1056 cases across runs | split 3000/1006,complete-DAM construction changes composition with nominal size,
G3F02-0329,EXP11A_HISTORICAL_BANK_SENSITIVITY,historical-bank sensitivity supporting interpretation boundaries,EXP-11A,DESCRIPTIVE_ONLY,DESCRIPTIVE,SUMMARY_H50_H50_D2_DIAGNOSTIC,EXP11A_CONDITION_SUMMARY,Top-3,frozen condition-level mean across 5 materialized runs,,,0.6113636363636363,condition_mean,SOURCE_VALUE_MATERIALIZED_WITHOUT_COMPONENTS,EVAL_V02_CHAPTER_87,3ddb7a0e80d8bfa20b985655f03d6ab65470b40f0738093413909b6584aee941,1056,67,SERIE for metrics; run/condition for sensitivity summaries,same EVAL series repeated across runs and nested in 67 DAM,outputs/experiments/exp11a_historical_size_sensitivity_v0.3/exp11_metrics_by_condition.csv,535dd377d107ddcbf09ecaa13cd66ca723ee738d,abf02173b6d72342444de21a3dcbbfbc448cabddec5c6a5175c9c0a0a603c1e7,main=366bf529c29cb999bfd043db33674a510ba184c7; main=a33fc7e10b5bc25a053e982f0ff24ff60eda042f; EXP11A execution=22b18cdc743b4b0f37b8b345215fb747d614d6eb,outputs/experiments/exp11a_historical_size_sensitivity_v0.3/exp11_case_level_ranks.csv,b5d8bc8cec3f07863f01faef79ea3c4e7e55221c,EXP11A_HISTORICAL_BANK_SENSITIVITY:Top-3,none inferential; descriptive sensitivity across coupled size/composition conditions,not assigned,DESCRIPTIVE_ONLY,not applicable because no inferential decision is authorized,H50 D1/D2 summaries retain five paired seeds; no isolated causal size effect,preserve frozen run/condition summaries without new inferential interval,isolated causal bank-size effect | independence of 1056 cases across runs | split 3000/1006,complete-DAM construction changes composition with nominal size,
G3F02-0330,EXP11A_HISTORICAL_BANK_SENSITIVITY,historical-bank sensitivity supporting interpretation boundaries,EXP-11A,DESCRIPTIVE_ONLY,DESCRIPTIVE,SUMMARY_H50_H50_D2_DIAGNOSTIC,EXP11A_CONDITION_SUMMARY,Top-5,frozen condition-level mean across 5 materialized runs,,,0.6878787878787879,condition_mean,SOURCE_VALUE_MATERIALIZED_WITHOUT_COMPONENTS,EVAL_V02_CHAPTER_87,3ddb7a0e80d8bfa20b985655f03d6ab65470b40f0738093413909b6584aee941,1056,67,SERIE for metrics; run/condition for sensitivity summaries,same EVAL series repeated across runs and nested in 67 DAM,outputs/experiments/exp11a_historical_size_sensitivity_v0.3/exp11_metrics_by_condition.csv,535dd377d107ddcbf09ecaa13cd66ca723ee738d,abf02173b6d72342444de21a3dcbbfbc448cabddec5c6a5175c9c0a0a603c1e7,main=366bf529c29cb999bfd043db33674a510ba184c7; main=a33fc7e10b5bc25a053e982f0ff24ff60eda042f; EXP11A execution=22b18cdc743b4b0f37b8b345215fb747d614d6eb,outputs/experiments/exp11a_historical_size_sensitivity_v0.3/exp11_case_level_ranks.csv,b5d8bc8cec3f07863f01faef79ea3c4e7e55221c,EXP11A_HISTORICAL_BANK_SENSITIVITY:Top-5,none inferential; descriptive sensitivity across coupled size/composition conditions,not assigned,DESCRIPTIVE_ONLY,not applicable because no inferential decision is authorized,H50 D1/D2 summaries retain five paired seeds; no isolated causal size effect,preserve frozen run/condition summaries without new inferential interval,isolated causal bank-size effect | independence of 1056 cases across runs | split 3000/1006,complete-DAM construction changes composition with nominal size,
G3F02-0331,EXP11A_HISTORICAL_BANK_SENSITIVITY,historical-bank sensitivity supporting interpretation boundaries,EXP-11A,DESCRIPTIVE_ONLY,DESCRIPTIVE,SUMMARY_H50_H50_D2_DIAGNOSTIC,EXP11A_CONDITION_SUMMARY,Top-10,frozen condition-level mean across 5 materialized runs,,,0.7886363636363637,condition_mean,SOURCE_VALUE_MATERIALIZED_WITHOUT_COMPONENTS,EVAL_V02_CHAPTER_87,3ddb7a0e80d8bfa20b985655f03d6ab65470b40f0738093413909b6584aee941,1056,67,SERIE for metrics; run/condition for sensitivity summaries,same EVAL series repeated across runs and nested in 67 DAM,outputs/experiments/exp11a_historical_size_sensitivity_v0.3/exp11_metrics_by_condition.csv,535dd377d107ddcbf09ecaa13cd66ca723ee738d,abf02173b6d72342444de21a3dcbbfbc448cabddec5c6a5175c9c0a0a603c1e7,main=366bf529c29cb999bfd043db33674a510ba184c7; main=a33fc7e10b5bc25a053e982f0ff24ff60eda042f; EXP11A execution=22b18cdc743b4b0f37b8b345215fb747d614d6eb,outputs/experiments/exp11a_historical_size_sensitivity_v0.3/exp11_case_level_ranks.csv,b5d8bc8cec3f07863f01faef79ea3c4e7e55221c,EXP11A_HISTORICAL_BANK_SENSITIVITY:Top-10,none inferential; descriptive sensitivity across coupled size/composition conditions,not assigned,DESCRIPTIVE_ONLY,not applicable because no inferential decision is authorized,H50 D1/D2 summaries retain five paired seeds; no isolated causal size effect,preserve frozen run/condition summaries without new inferential interval,isolated causal bank-size effect | independence of 1056 cases across runs | split 3000/1006,complete-DAM construction changes composition with nominal size,
G3F02-0332,EXP11A_HISTORICAL_BANK_SENSITIVITY,historical-bank sensitivity supporting interpretation boundaries,EXP-11A,DESCRIPTIVE_ONLY,DESCRIPTIVE,SUMMARY_H50_H50_D2_DIAGNOSTIC,EXP11A_CONDITION_SUMMARY,Top-50,frozen condition-level mean across 5 materialized runs,,,0.934659090909091,condition_mean,SOURCE_VALUE_MATERIALIZED_WITHOUT_COMPONENTS,EVAL_V02_CHAPTER_87,3ddb7a0e80d8bfa20b985655f03d6ab65470b40f0738093413909b6584aee941,1056,67,SERIE for metrics; run/condition for sensitivity summaries,same EVAL series repeated across runs and nested in 67 DAM,outputs/experiments/exp11a_historical_size_sensitivity_v0.3/exp11_metrics_by_condition.csv,535dd377d107ddcbf09ecaa13cd66ca723ee738d,abf02173b6d72342444de21a3dcbbfbc448cabddec5c6a5175c9c0a0a603c1e7,main=366bf529c29cb999bfd043db33674a510ba184c7; main=a33fc7e10b5bc25a053e982f0ff24ff60eda042f; EXP11A execution=22b18cdc743b4b0f37b8b345215fb747d614d6eb,outputs/experiments/exp11a_historical_size_sensitivity_v0.3/exp11_case_level_ranks.csv,b5d8bc8cec3f07863f01faef79ea3c4e7e55221c,EXP11A_HISTORICAL_BANK_SENSITIVITY:Top-50,none inferential; descriptive sensitivity across coupled size/composition conditions,not assigned,DESCRIPTIVE_ONLY,not applicable because no inferential decision is authorized,H50 D1/D2 summaries retain five paired seeds; no isolated causal size effect,preserve frozen run/condition summaries without new inferential interval,isolated causal bank-size effect | independence of 1056 cases across runs | split 3000/1006,complete-DAM construction changes composition with nominal size,
G3F02-0333,EXP11A_HISTORICAL_BANK_SENSITIVITY,historical-bank sensitivity supporting interpretation boundaries,EXP-11A,DESCRIPTIVE_ONLY,DESCRIPTIVE,SUMMARY_H50_H50_D2_DIAGNOSTIC,EXP11A_CONDITION_SUMMARY,MRR@100,frozen condition-level mean across 5 materialized runs,,,0.5489880120774988,condition_mean,SOURCE_VALUE_MATERIALIZED_WITHOUT_COMPONENTS,EVAL_V02_CHAPTER_87,3ddb7a0e80d8bfa20b985655f03d6ab65470b40f0738093413909b6584aee941,1056,67,SERIE for metrics; run/condition for sensitivity summaries,same EVAL series repeated across runs and nested in 67 DAM,outputs/experiments/exp11a_historical_size_sensitivity_v0.3/exp11_metrics_by_condition.csv,535dd377d107ddcbf09ecaa13cd66ca723ee738d,abf02173b6d72342444de21a3dcbbfbc448cabddec5c6a5175c9c0a0a603c1e7,main=366bf529c29cb999bfd043db33674a510ba184c7; main=a33fc7e10b5bc25a053e982f0ff24ff60eda042f; EXP11A execution=22b18cdc743b4b0f37b8b345215fb747d614d6eb,outputs/experiments/exp11a_historical_size_sensitivity_v0.3/exp11_case_level_ranks.csv,b5d8bc8cec3f07863f01faef79ea3c4e7e55221c,EXP11A_HISTORICAL_BANK_SENSITIVITY:MRR@100,none inferential; descriptive sensitivity across coupled size/composition conditions,not assigned,DESCRIPTIVE_ONLY,not applicable because no inferential decision is authorized,H50 D1/D2 summaries retain five paired seeds; no isolated causal size effect,preserve frozen run/condition summaries without new inferential interval,isolated causal bank-size effect | independence of 1056 cases across runs | split 3000/1006,complete-DAM construction changes composition with nominal size,
G3F02-0334,EXP11B_H150_H200_PAIRED_SENSITIVITY,historical-bank sensitivity supporting interpretation boundaries,EXP-11B,DESCRIPTIVE_ONLY,DESCRIPTIVE,EXP11B_R01_H150,EXP11B_PAIRED_BANK_SENSITIVITY,Top-1,frozen Top-1 for canonical H150 bank; seed=20261005,539,1056,0.5104166666666666,proportion,MATERIALIZED_FROZEN_VALUE,EVAL_V02_CHAPTER_87,3ddb7a0e80d8bfa20b985655f03d6ab65470b40f0738093413909b6584aee941,1056,67,paired seed/bank for descriptive sensitivity; SERIE remains the metric denominator within run,10 paired seeds; same 1056 EVAL series and 67 DAM repeated in every run,outputs/evaluation/exp11b_historical_retrieval_h150_h200_v0.1/exp11b_retrieval_metrics_by_bank_v0.1.csv,49d5598e0699c12c14ed62235020b09e649ec93e,0fee9b6df096a4f827906deb8f5a7b938ee07f9b977e21ee55c5b5594999747d,main=366bf529c29cb999bfd043db33674a510ba184c7; main=a33fc7e10b5bc25a053e982f0ff24ff60eda042f; EXP11B execution_head=ea4bc0bde3246b40a25453dabeef5d571cf7c021,outputs/evaluation/exp11b_historical_retrieval_h150_h200_v0.1/exp11b_retrieval_case_level_v0.1.csv,146687bd963afae75e39c2f23cc5dfeb36089138,EXP11B_H150_H200_PAIRED_SENSITIVITY:Top-1,none inferential; descriptive paired-seed H150/H200 sensitivity,not assigned,DESCRIPTIVE_ONLY,not applicable because no inferential decision is authorized,H150/H200 paired by seed; current seed=20261005; repeated EVAL is not independent,retain paired-seed descriptive differences and frozen summaries only; no inferential interval,10 x 1056 independent observations | invented seed superpopulation | isolated causal bank-size effect | split 3000/1006,only ten approved paired banks; repeated benchmark and coupled bank composition,
G3F02-0335,EXP11B_H150_H200_PAIRED_SENSITIVITY,historical-bank sensitivity supporting interpretation boundaries,EXP-11B,DESCRIPTIVE_ONLY,DESCRIPTIVE,EXP11B_R01_H150,EXP11B_PAIRED_BANK_SENSITIVITY,Top-3,frozen Top-3 for canonical H150 bank; seed=20261005,738,1056,0.6988636363636364,proportion,MATERIALIZED_FROZEN_VALUE,EVAL_V02_CHAPTER_87,3ddb7a0e80d8bfa20b985655f03d6ab65470b40f0738093413909b6584aee941,1056,67,paired seed/bank for descriptive sensitivity; SERIE remains the metric denominator within run,10 paired seeds; same 1056 EVAL series and 67 DAM repeated in every run,outputs/evaluation/exp11b_historical_retrieval_h150_h200_v0.1/exp11b_retrieval_metrics_by_bank_v0.1.csv,49d5598e0699c12c14ed62235020b09e649ec93e,0fee9b6df096a4f827906deb8f5a7b938ee07f9b977e21ee55c5b5594999747d,main=366bf529c29cb999bfd043db33674a510ba184c7; main=a33fc7e10b5bc25a053e982f0ff24ff60eda042f; EXP11B execution_head=ea4bc0bde3246b40a25453dabeef5d571cf7c021,outputs/evaluation/exp11b_historical_retrieval_h150_h200_v0.1/exp11b_retrieval_case_level_v0.1.csv,146687bd963afae75e39c2f23cc5dfeb36089138,EXP11B_H150_H200_PAIRED_SENSITIVITY:Top-3,none inferential; descriptive paired-seed H150/H200 sensitivity,not assigned,DESCRIPTIVE_ONLY,not applicable because no inferential decision is authorized,H150/H200 paired by seed; current seed=20261005; repeated EVAL is not independent,retain paired-seed descriptive differences and frozen summaries only; no inferential interval,10 x 1056 independent observations | invented seed superpopulation | isolated causal bank-size effect | split 3000/1006,only ten approved paired banks; repeated benchmark and coupled bank composition,
G3F02-0336,EXP11B_H150_H200_PAIRED_SENSITIVITY,historical-bank sensitivity supporting interpretation boundaries,EXP-11B,DESCRIPTIVE_ONLY,DESCRIPTIVE,EXP11B_R01_H150,EXP11B_PAIRED_BANK_SENSITIVITY,Top-5,frozen Top-5 for canonical H150 bank; seed=20261005,849,1056,0.8039772727272727,proportion,MATERIALIZED_FROZEN_VALUE,EVAL_V02_CHAPTER_87,3ddb7a0e80d8bfa20b985655f03d6ab65470b40f0738093413909b6584aee941,1056,67,paired seed/bank for descriptive sensitivity; SERIE remains the metric denominator within run,10 paired seeds; same 1056 EVAL series and 67 DAM repeated in every run,outputs/evaluation/exp11b_historical_retrieval_h150_h200_v0.1/exp11b_retrieval_metrics_by_bank_v0.1.csv,49d5598e0699c12c14ed62235020b09e649ec93e,0fee9b6df096a4f827906deb8f5a7b938ee07f9b977e21ee55c5b5594999747d,main=366bf529c29cb999bfd043db33674a510ba184c7; main=a33fc7e10b5bc25a053e982f0ff24ff60eda042f; EXP11B execution_head=ea4bc0bde3246b40a25453dabeef5d571cf7c021,outputs/evaluation/exp11b_historical_retrieval_h150_h200_v0.1/exp11b_retrieval_case_level_v0.1.csv,146687bd963afae75e39c2f23cc5dfeb36089138,EXP11B_H150_H200_PAIRED_SENSITIVITY:Top-5,none inferential; descriptive paired-seed H150/H200 sensitivity,not assigned,DESCRIPTIVE_ONLY,not applicable because no inferential decision is authorized,H150/H200 paired by seed; current seed=20261005; repeated EVAL is not independent,retain paired-seed descriptive differences and frozen summaries only; no inferential interval,10 x 1056 independent observations | invented seed superpopulation | isolated causal bank-size effect | split 3000/1006,only ten approved paired banks; repeated benchmark and coupled bank composition,
G3F02-0337,EXP11B_H150_H200_PAIRED_SENSITIVITY,historical-bank sensitivity supporting interpretation boundaries,EXP-11B,DESCRIPTIVE_ONLY,DESCRIPTIVE,EXP11B_R01_H150,EXP11B_PAIRED_BANK_SENSITIVITY,Top-10,frozen Top-10 for canonical H150 bank; seed=20261005,945,1056,0.8948863636363636,proportion,MATERIALIZED_FROZEN_VALUE,EVAL_V02_CHAPTER_87,3ddb7a0e80d8bfa20b985655f03d6ab65470b40f0738093413909b6584aee941,1056,67,paired seed/bank for descriptive sensitivity; SERIE remains the metric denominator within run,10 paired seeds; same 1056 EVAL series and 67 DAM repeated in every run,outputs/evaluation/exp11b_historical_retrieval_h150_h200_v0.1/exp11b_retrieval_metrics_by_bank_v0.1.csv,49d5598e0699c12c14ed62235020b09e649ec93e,0fee9b6df096a4f827906deb8f5a7b938ee07f9b977e21ee55c5b5594999747d,main=366bf529c29cb999bfd043db33674a510ba184c7; main=a33fc7e10b5bc25a053e982f0ff24ff60eda042f; EXP11B execution_head=ea4bc0bde3246b40a25453dabeef5d571cf7c021,outputs/evaluation/exp11b_historical_retrieval_h150_h200_v0.1/exp11b_retrieval_case_level_v0.1.csv,146687bd963afae75e39c2f23cc5dfeb36089138,EXP11B_H150_H200_PAIRED_SENSITIVITY:Top-10,none inferential; descriptive paired-seed H150/H200 sensitivity,not assigned,DESCRIPTIVE_ONLY,not applicable because no inferential decision is authorized,H150/H200 paired by seed; current seed=20261005; repeated EVAL is not independent,retain paired-seed descriptive differences and frozen summaries only; no inferential interval,10 x 1056 independent observations | invented seed superpopulation | isolated causal bank-size effect | split 3000/1006,only ten approved paired banks; repeated benchmark and coupled bank composition,
G3F02-0338,EXP11B_H150_H200_PAIRED_SENSITIVITY,historical-bank sensitivity supporting interpretation boundaries,EXP-11B,DESCRIPTIVE_ONLY,DESCRIPTIVE,EXP11B_R01_H150,EXP11B_PAIRED_BANK_SENSITIVITY,Top-50,frozen Top-50 for canonical H150 bank; seed=20261005,1050,1056,0.9943181818181818,proportion,MATERIALIZED_FROZEN_VALUE,EVAL_V02_CHAPTER_87,3ddb7a0e80d8bfa20b985655f03d6ab65470b40f0738093413909b6584aee941,1056,67,paired seed/bank for descriptive sensitivity; SERIE remains the metric denominator within run,10 paired seeds; same 1056 EVAL series and 67 DAM repeated in every run,outputs/evaluation/exp11b_historical_retrieval_h150_h200_v0.1/exp11b_retrieval_metrics_by_bank_v0.1.csv,49d5598e0699c12c14ed62235020b09e649ec93e,0fee9b6df096a4f827906deb8f5a7b938ee07f9b977e21ee55c5b5594999747d,main=366bf529c29cb999bfd043db33674a510ba184c7; main=a33fc7e10b5bc25a053e982f0ff24ff60eda042f; EXP11B execution_head=ea4bc0bde3246b40a25453dabeef5d571cf7c021,outputs/evaluation/exp11b_historical_retrieval_h150_h200_v0.1/exp11b_retrieval_case_level_v0.1.csv,146687bd963afae75e39c2f23cc5dfeb36089138,EXP11B_H150_H200_PAIRED_SENSITIVITY:Top-50,none inferential; descriptive paired-seed H150/H200 sensitivity,not assigned,DESCRIPTIVE_ONLY,not applicable because no inferential decision is authorized,H150/H200 paired by seed; current seed=20261005; repeated EVAL is not independent,retain paired-seed descriptive differences and frozen summaries only; no inferential interval,10 x 1056 independent observations | invented seed superpopulation | isolated causal bank-size effect | split 3000/1006,only ten approved paired banks; repeated benchmark and coupled bank composition,
G3F02-0339,EXP11B_H150_H200_PAIRED_SENSITIVITY,historical-bank sensitivity supporting interpretation boundaries,EXP-11B,DESCRIPTIVE_ONLY,DESCRIPTIVE,EXP11B_R01_H150,EXP11B_PAIRED_BANK_SENSITIVITY,MRR@100,frozen MRR@100 for canonical H150 bank; seed=20261005,670.7855408611956,1056,0.6352135803609807,mean_reciprocal_rank,MATERIALIZED_FROZEN_VALUE,EVAL_V02_CHAPTER_87,3ddb7a0e80d8bfa20b985655f03d6ab65470b40f0738093413909b6584aee941,1056,67,paired seed/bank for descriptive sensitivity; SERIE remains the metric denominator within run,10 paired seeds; same 1056 EVAL series and 67 DAM repeated in every run,outputs/evaluation/exp11b_historical_retrieval_h150_h200_v0.1/exp11b_retrieval_metrics_by_bank_v0.1.csv,49d5598e0699c12c14ed62235020b09e649ec93e,0fee9b6df096a4f827906deb8f5a7b938ee07f9b977e21ee55c5b5594999747d,main=366bf529c29cb999bfd043db33674a510ba184c7; main=a33fc7e10b5bc25a053e982f0ff24ff60eda042f; EXP11B execution_head=ea4bc0bde3246b40a25453dabeef5d571cf7c021,outputs/evaluation/exp11b_historical_retrieval_h150_h200_v0.1/exp11b_retrieval_case_level_v0.1.csv,146687bd963afae75e39c2f23cc5dfeb36089138,EXP11B_H150_H200_PAIRED_SENSITIVITY:MRR@100,none inferential; descriptive paired-seed H150/H200 sensitivity,not assigned,DESCRIPTIVE_ONLY,not applicable because no inferential decision is authorized,H150/H200 paired by seed; current seed=20261005; repeated EVAL is not independent,retain paired-seed descriptive differences and frozen summaries only; no inferential interval,10 x 1056 independent observations | invented seed superpopulation | isolated causal bank-size effect | split 3000/1006,only ten approved paired banks; repeated benchmark and coupled bank composition,
G3F02-0340,EXP11B_H150_H200_PAIRED_SENSITIVITY,historical-bank sensitivity supporting interpretation boundaries,EXP-11B,DESCRIPTIVE_ONLY,DESCRIPTIVE,EXP11B_R01_H200,EXP11B_PAIRED_BANK_SENSITIVITY,Top-1,frozen Top-1 for canonical H200 bank; seed=20261005,532,1056,0.5037878787878788,proportion,MATERIALIZED_FROZEN_VALUE,EVAL_V02_CHAPTER_87,3ddb7a0e80d8bfa20b985655f03d6ab65470b40f0738093413909b6584aee941,1056,67,paired seed/bank for descriptive sensitivity; SERIE remains the metric denominator within run,10 paired seeds; same 1056 EVAL series and 67 DAM repeated in every run,outputs/evaluation/exp11b_historical_retrieval_h150_h200_v0.1/exp11b_retrieval_metrics_by_bank_v0.1.csv,49d5598e0699c12c14ed62235020b09e649ec93e,0fee9b6df096a4f827906deb8f5a7b938ee07f9b977e21ee55c5b5594999747d,main=366bf529c29cb999bfd043db33674a510ba184c7; main=a33fc7e10b5bc25a053e982f0ff24ff60eda042f; EXP11B execution_head=ea4bc0bde3246b40a25453dabeef5d571cf7c021,outputs/evaluation/exp11b_historical_retrieval_h150_h200_v0.1/exp11b_retrieval_case_level_v0.1.csv,146687bd963afae75e39c2f23cc5dfeb36089138,EXP11B_H150_H200_PAIRED_SENSITIVITY:Top-1,none inferential; descriptive paired-seed H150/H200 sensitivity,not assigned,DESCRIPTIVE_ONLY,not applicable because no inferential decision is authorized,H150/H200 paired by seed; current seed=20261005; repeated EVAL is not independent,retain paired-seed descriptive differences and frozen summaries only; no inferential interval,10 x 1056 independent observations | invented seed superpopulation | isolated causal bank-size effect | split 3000/1006,only ten approved paired banks; repeated benchmark and coupled bank composition,
G3F02-0341,EXP11B_H150_H200_PAIRED_SENSITIVITY,historical-bank sensitivity supporting interpretation boundaries,EXP-11B,DESCRIPTIVE_ONLY,DESCRIPTIVE,EXP11B_R01_H200,EXP11B_PAIRED_BANK_SENSITIVITY,Top-3,frozen Top-3 for canonical H200 bank; seed=20261005,730,1056,0.6912878787878788,proportion,MATERIALIZED_FROZEN_VALUE,EVAL_V02_CHAPTER_87,3ddb7a0e80d8bfa20b985655f03d6ab65470b40f0738093413909b6584aee941,1056,67,paired seed/bank for descriptive sensitivity; SERIE remains the metric denominator within run,10 paired seeds; same 1056 EVAL series and 67 DAM repeated in every run,outputs/evaluation/exp11b_historical_retrieval_h150_h200_v0.1/exp11b_retrieval_metrics_by_bank_v0.1.csv,49d5598e0699c12c14ed62235020b09e649ec93e,0fee9b6df096a4f827906deb8f5a7b938ee07f9b977e21ee55c5b5594999747d,main=366bf529c29cb999bfd043db33674a510ba184c7; main=a33fc7e10b5bc25a053e982f0ff24ff60eda042f; EXP11B execution_head=ea4bc0bde3246b40a25453dabeef5d571cf7c021,outputs/evaluation/exp11b_historical_retrieval_h150_h200_v0.1/exp11b_retrieval_case_level_v0.1.csv,146687bd963afae75e39c2f23cc5dfeb36089138,EXP11B_H150_H200_PAIRED_SENSITIVITY:Top-3,none inferential; descriptive paired-seed H150/H200 sensitivity,not assigned,DESCRIPTIVE_ONLY,not applicable because no inferential decision is authorized,H150/H200 paired by seed; current seed=20261005; repeated EVAL is not independent,retain paired-seed descriptive differences and frozen summaries only; no inferential interval,10 x 1056 independent observations | invented seed superpopulation | isolated causal bank-size effect | split 3000/1006,only ten approved paired banks; repeated benchmark and coupled bank composition,
G3F02-0342,EXP11B_H150_H200_PAIRED_SENSITIVITY,historical-bank sensitivity supporting interpretation boundaries,EXP-11B,DESCRIPTIVE_ONLY,DESCRIPTIVE,EXP11B_R01_H200,EXP11B_PAIRED_BANK_SENSITIVITY,Top-5,frozen Top-5 for canonical H200 bank; seed=20261005,854,1056,0.8087121212121212,proportion,MATERIALIZED_FROZEN_VALUE,EVAL_V02_CHAPTER_87,3ddb7a0e80d8bfa20b985655f03d6ab65470b40f0738093413909b6584aee941,1056,67,paired seed/bank for descriptive sensitivity; SERIE remains the metric denominator within run,10 paired seeds; same 1056 EVAL series and 67 DAM repeated in every run,outputs/evaluation/exp11b_historical_retrieval_h150_h200_v0.1/exp11b_retrieval_metrics_by_bank_v0.1.csv,49d5598e0699c12c14ed62235020b09e649ec93e,0fee9b6df096a4f827906deb8f5a7b938ee07f9b977e21ee55c5b5594999747d,main=366bf529c29cb999bfd043db33674a510ba184c7; main=a33fc7e10b5bc25a053e982f0ff24ff60eda042f; EXP11B execution_head=ea4bc0bde3246b40a25453dabeef5d571cf7c021,outputs/evaluation/exp11b_historical_retrieval_h150_h200_v0.1/exp11b_retrieval_case_level_v0.1.csv,146687bd963afae75e39c2f23cc5dfeb36089138,EXP11B_H150_H200_PAIRED_SENSITIVITY:Top-5,none inferential; descriptive paired-seed H150/H200 sensitivity,not assigned,DESCRIPTIVE_ONLY,not applicable because no inferential decision is authorized,H150/H200 paired by seed; current seed=20261005; repeated EVAL is not independent,retain paired-seed descriptive differences and frozen summaries only; no inferential interval,10 x 1056 independent observations | invented seed superpopulation | isolated causal bank-size effect | split 3000/1006,only ten approved paired banks; repeated benchmark and coupled bank composition,
G3F02-0343,EXP11B_H150_H200_PAIRED_SENSITIVITY,historical-bank sensitivity supporting interpretation boundaries,EXP-11B,DESCRIPTIVE_ONLY,DESCRIPTIVE,EXP11B_R01_H200,EXP11B_PAIRED_BANK_SENSITIVITY,Top-10,frozen Top-10 for canonical H200 bank; seed=20261005,950,1056,0.8996212121212122,proportion,MATERIALIZED_FROZEN_VALUE,EVAL_V02_CHAPTER_87,3ddb7a0e80d8bfa20b985655f03d6ab65470b40f0738093413909b6584aee941,1056,67,paired seed/bank for descriptive sensitivity; SERIE remains the metric denominator within run,10 paired seeds; same 1056 EVAL series and 67 DAM repeated in every run,outputs/evaluation/exp11b_historical_retrieval_h150_h200_v0.1/exp11b_retrieval_metrics_by_bank_v0.1.csv,49d5598e0699c12c14ed62235020b09e649ec93e,0fee9b6df096a4f827906deb8f5a7b938ee07f9b977e21ee55c5b5594999747d,main=366bf529c29cb999bfd043db33674a510ba184c7; main=a33fc7e10b5bc25a053e982f0ff24ff60eda042f; EXP11B execution_head=ea4bc0bde3246b40a25453dabeef5d571cf7c021,outputs/evaluation/exp11b_historical_retrieval_h150_h200_v0.1/exp11b_retrieval_case_level_v0.1.csv,146687bd963afae75e39c2f23cc5dfeb36089138,EXP11B_H150_H200_PAIRED_SENSITIVITY:Top-10,none inferential; descriptive paired-seed H150/H200 sensitivity,not assigned,DESCRIPTIVE_ONLY,not applicable because no inferential decision is authorized,H150/H200 paired by seed; current seed=20261005; repeated EVAL is not independent,retain paired-seed descriptive differences and frozen summaries only; no inferential interval,10 x 1056 independent observations | invented seed superpopulation | isolated causal bank-size effect | split 3000/1006,only ten approved paired banks; repeated benchmark and coupled bank composition,
G3F02-0344,EXP11B_H150_H200_PAIRED_SENSITIVITY,historical-bank sensitivity supporting interpretation boundaries,EXP-11B,DESCRIPTIVE_ONLY,DESCRIPTIVE,EXP11B_R01_H200,EXP11B_PAIRED_BANK_SENSITIVITY,Top-50,frozen Top-50 for canonical H200 bank; seed=20261005,1042,1056,0.9867424242424242,proportion,MATERIALIZED_FROZEN_VALUE,EVAL_V02_CHAPTER_87,3ddb7a0e80d8bfa20b985655f03d6ab65470b40f0738093413909b6584aee941,1056,67,paired seed/bank for descriptive sensitivity; SERIE remains the metric denominator within run,10 paired seeds; same 1056 EVAL series and 67 DAM repeated in every run,outputs/evaluation/exp11b_historical_retrieval_h150_h200_v0.1/exp11b_retrieval_metrics_by_bank_v0.1.csv,49d5598e0699c12c14ed62235020b09e649ec93e,0fee9b6df096a4f827906deb8f5a7b938ee07f9b977e21ee55c5b5594999747d,main=366bf529c29cb999bfd043db33674a510ba184c7; main=a33fc7e10b5bc25a053e982f0ff24ff60eda042f; EXP11B execution_head=ea4bc0bde3246b40a25453dabeef5d571cf7c021,outputs/evaluation/exp11b_historical_retrieval_h150_h200_v0.1/exp11b_retrieval_case_level_v0.1.csv,146687bd963afae75e39c2f23cc5dfeb36089138,EXP11B_H150_H200_PAIRED_SENSITIVITY:Top-50,none inferential; descriptive paired-seed H150/H200 sensitivity,not assigned,DESCRIPTIVE_ONLY,not applicable because no inferential decision is authorized,H150/H200 paired by seed; current seed=20261005; repeated EVAL is not independent,retain paired-seed descriptive differences and frozen summaries only; no inferential interval,10 x 1056 independent observations | invented seed superpopulation | isolated causal bank-size effect | split 3000/1006,only ten approved paired banks; repeated benchmark and coupled bank composition,
G3F02-0345,EXP11B_H150_H200_PAIRED_SENSITIVITY,historical-bank sensitivity supporting interpretation boundaries,EXP-11B,DESCRIPTIVE_ONLY,DESCRIPTIVE,EXP11B_R01_H200,EXP11B_PAIRED_BANK_SENSITIVITY,MRR@100,frozen MRR@100 for canonical H200 bank; seed=20261005,666.4976230475595,1056,0.6311530521283707,mean_reciprocal_rank,MATERIALIZED_FROZEN_VALUE,EVAL_V02_CHAPTER_87,3ddb7a0e80d8bfa20b985655f03d6ab65470b40f0738093413909b6584aee941,1056,67,paired seed/bank for descriptive sensitivity; SERIE remains the metric denominator within run,10 paired seeds; same 1056 EVAL series and 67 DAM repeated in every run,outputs/evaluation/exp11b_historical_retrieval_h150_h200_v0.1/exp11b_retrieval_metrics_by_bank_v0.1.csv,49d5598e0699c12c14ed62235020b09e649ec93e,0fee9b6df096a4f827906deb8f5a7b938ee07f9b977e21ee55c5b5594999747d,main=366bf529c29cb999bfd043db33674a510ba184c7; main=a33fc7e10b5bc25a053e982f0ff24ff60eda042f; EXP11B execution_head=ea4bc0bde3246b40a25453dabeef5d571cf7c021,outputs/evaluation/exp11b_historical_retrieval_h150_h200_v0.1/exp11b_retrieval_case_level_v0.1.csv,146687bd963afae75e39c2f23cc5dfeb36089138,EXP11B_H150_H200_PAIRED_SENSITIVITY:MRR@100,none inferential; descriptive paired-seed H150/H200 sensitivity,not assigned,DESCRIPTIVE_ONLY,not applicable because no inferential decision is authorized,H150/H200 paired by seed; current seed=20261005; repeated EVAL is not independent,retain paired-seed descriptive differences and frozen summaries only; no inferential interval,10 x 1056 independent observations | invented seed superpopulation | isolated causal bank-size effect | split 3000/1006,only ten approved paired banks; repeated benchmark and coupled bank composition,
G3F02-0346,EXP11B_H150_H200_PAIRED_SENSITIVITY,historical-bank sensitivity supporting interpretation boundaries,EXP-11B,DESCRIPTIVE_ONLY,DESCRIPTIVE,EXP11B_R02_H150,EXP11B_PAIRED_BANK_SENSITIVITY,Top-1,frozen Top-1 for canonical H150 bank; seed=20261006,537,1056,0.5085227272727273,proportion,MATERIALIZED_FROZEN_VALUE,EVAL_V02_CHAPTER_87,3ddb7a0e80d8bfa20b985655f03d6ab65470b40f0738093413909b6584aee941,1056,67,paired seed/bank for descriptive sensitivity; SERIE remains the metric denominator within run,10 paired seeds; same 1056 EVAL series and 67 DAM repeated in every run,outputs/evaluation/exp11b_historical_retrieval_h150_h200_v0.1/exp11b_retrieval_metrics_by_bank_v0.1.csv,49d5598e0699c12c14ed62235020b09e649ec93e,0fee9b6df096a4f827906deb8f5a7b938ee07f9b977e21ee55c5b5594999747d,main=366bf529c29cb999bfd043db33674a510ba184c7; main=a33fc7e10b5bc25a053e982f0ff24ff60eda042f; EXP11B execution_head=ea4bc0bde3246b40a25453dabeef5d571cf7c021,outputs/evaluation/exp11b_historical_retrieval_h150_h200_v0.1/exp11b_retrieval_case_level_v0.1.csv,146687bd963afae75e39c2f23cc5dfeb36089138,EXP11B_H150_H200_PAIRED_SENSITIVITY:Top-1,none inferential; descriptive paired-seed H150/H200 sensitivity,not assigned,DESCRIPTIVE_ONLY,not applicable because no inferential decision is authorized,H150/H200 paired by seed; current seed=20261006; repeated EVAL is not independent,retain paired-seed descriptive differences and frozen summaries only; no inferential interval,10 x 1056 independent observations | invented seed superpopulation | isolated causal bank-size effect | split 3000/1006,only ten approved paired banks; repeated benchmark and coupled bank composition,
G3F02-0347,EXP11B_H150_H200_PAIRED_SENSITIVITY,historical-bank sensitivity supporting interpretation boundaries,EXP-11B,DESCRIPTIVE_ONLY,DESCRIPTIVE,EXP11B_R02_H150,EXP11B_PAIRED_BANK_SENSITIVITY,Top-3,frozen Top-3 for canonical H150 bank; seed=20261006,711,1056,0.6732954545454546,proportion,MATERIALIZED_FROZEN_VALUE,EVAL_V02_CHAPTER_87,3ddb7a0e80d8bfa20b985655f03d6ab65470b40f0738093413909b6584aee941,1056,67,paired seed/bank for descriptive sensitivity; SERIE remains the metric denominator within run,10 paired seeds; same 1056 EVAL series and 67 DAM repeated in every run,outputs/evaluation/exp11b_historical_retrieval_h150_h200_v0.1/exp11b_retrieval_metrics_by_bank_v0.1.csv,49d5598e0699c12c14ed62235020b09e649ec93e,0fee9b6df096a4f827906deb8f5a7b938ee07f9b977e21ee55c5b5594999747d,main=366bf529c29cb999bfd043db33674a510ba184c7; main=a33fc7e10b5bc25a053e982f0ff24ff60eda042f; EXP11B execution_head=ea4bc0bde3246b40a25453dabeef5d571cf7c021,outputs/evaluation/exp11b_historical_retrieval_h150_h200_v0.1/exp11b_retrieval_case_level_v0.1.csv,146687bd963afae75e39c2f23cc5dfeb36089138,EXP11B_H150_H200_PAIRED_SENSITIVITY:Top-3,none inferential; descriptive paired-seed H150/H200 sensitivity,not assigned,DESCRIPTIVE_ONLY,not applicable because no inferential decision is authorized,H150/H200 paired by seed; current seed=20261006; repeated EVAL is not independent,retain paired-seed descriptive differences and frozen summaries only; no inferential interval,10 x 1056 independent observations | invented seed superpopulation | isolated causal bank-size effect | split 3000/1006,only ten approved paired banks; repeated benchmark and coupled bank composition,
G3F02-0348,EXP11B_H150_H200_PAIRED_SENSITIVITY,historical-bank sensitivity supporting interpretation boundaries,EXP-11B,DESCRIPTIVE_ONLY,DESCRIPTIVE,EXP11B_R02_H150,EXP11B_PAIRED_BANK_SENSITIVITY,Top-5,frozen Top-5 for canonical H150 bank; seed=20261006,797,1056,0.7547348484848485,proportion,MATERIALIZED_FROZEN_VALUE,EVAL_V02_CHAPTER_87,3ddb7a0e80d8bfa20b985655f03d6ab65470b40f0738093413909b6584aee941,1056,67,paired seed/bank for descriptive sensitivity; SERIE remains the metric denominator within run,10 paired seeds; same 1056 EVAL series and 67 DAM repeated in every run,outputs/evaluation/exp11b_historical_retrieval_h150_h200_v0.1/exp11b_retrieval_metrics_by_bank_v0.1.csv,49d5598e0699c12c14ed62235020b09e649ec93e,0fee9b6df096a4f827906deb8f5a7b938ee07f9b977e21ee55c5b5594999747d,main=366bf529c29cb999bfd043db33674a510ba184c7; main=a33fc7e10b5bc25a053e982f0ff24ff60eda042f; EXP11B execution_head=ea4bc0bde3246b40a25453dabeef5d571cf7c021,outputs/evaluation/exp11b_historical_retrieval_h150_h200_v0.1/exp11b_retrieval_case_level_v0.1.csv,146687bd963afae75e39c2f23cc5dfeb36089138,EXP11B_H150_H200_PAIRED_SENSITIVITY:Top-5,none inferential; descriptive paired-seed H150/H200 sensitivity,not assigned,DESCRIPTIVE_ONLY,not applicable because no inferential decision is authorized,H150/H200 paired by seed; current seed=20261006; repeated EVAL is not independent,retain paired-seed descriptive differences and frozen summaries only; no inferential interval,10 x 1056 independent observations | invented seed superpopulation | isolated causal bank-size effect | split 3000/1006,only ten approved paired banks; repeated benchmark and coupled bank composition,
G3F02-0349,EXP11B_H150_H200_PAIRED_SENSITIVITY,historical-bank sensitivity supporting interpretation boundaries,EXP-11B,DESCRIPTIVE_ONLY,DESCRIPTIVE,EXP11B_R02_H150,EXP11B_PAIRED_BANK_SENSITIVITY,Top-10,frozen Top-10 for canonical H150 bank; seed=20261006,937,1056,0.8873106060606061,proportion,MATERIALIZED_FROZEN_VALUE,EVAL_V02_CHAPTER_87,3ddb7a0e80d8bfa20b985655f03d6ab65470b40f0738093413909b6584aee941,1056,67,paired seed/bank for descriptive sensitivity; SERIE remains the metric denominator within run,10 paired seeds; same 1056 EVAL series and 67 DAM repeated in every run,outputs/evaluation/exp11b_historical_retrieval_h150_h200_v0.1/exp11b_retrieval_metrics_by_bank_v0.1.csv,49d5598e0699c12c14ed62235020b09e649ec93e,0fee9b6df096a4f827906deb8f5a7b938ee07f9b977e21ee55c5b5594999747d,main=366bf529c29cb999bfd043db33674a510ba184c7; main=a33fc7e10b5bc25a053e982f0ff24ff60eda042f; EXP11B execution_head=ea4bc0bde3246b40a25453dabeef5d571cf7c021,outputs/evaluation/exp11b_historical_retrieval_h150_h200_v0.1/exp11b_retrieval_case_level_v0.1.csv,146687bd963afae75e39c2f23cc5dfeb36089138,EXP11B_H150_H200_PAIRED_SENSITIVITY:Top-10,none inferential; descriptive paired-seed H150/H200 sensitivity,not assigned,DESCRIPTIVE_ONLY,not applicable because no inferential decision is authorized,H150/H200 paired by seed; current seed=20261006; repeated EVAL is not independent,retain paired-seed descriptive differences and frozen summaries only; no inferential interval,10 x 1056 independent observations | invented seed superpopulation | isolated causal bank-size effect | split 3000/1006,only ten approved paired banks; repeated benchmark and coupled bank composition,
G3F02-0350,EXP11B_H150_H200_PAIRED_SENSITIVITY,historical-bank sensitivity supporting interpretation boundaries,EXP-11B,DESCRIPTIVE_ONLY,DESCRIPTIVE,EXP11B_R02_H150,EXP11B_PAIRED_BANK_SENSITIVITY,Top-50,frozen Top-50 for canonical H150 bank; seed=20261006,1047,1056,0.9914772727272727,proportion,MATERIALIZED_FROZEN_VALUE,EVAL_V02_CHAPTER_87,3ddb7a0e80d8bfa20b985655f03d6ab65470b40f0738093413909b6584aee941,1056,67,paired seed/bank for descriptive sensitivity; SERIE remains the metric denominator within run,10 paired seeds; same 1056 EVAL series and 67 DAM repeated in every run,outputs/evaluation/exp11b_historical_retrieval_h150_h200_v0.1/exp11b_retrieval_metrics_by_bank_v0.1.csv,49d5598e0699c12c14ed62235020b09e649ec93e,0fee9b6df096a4f827906deb8f5a7b938ee07f9b977e21ee55c5b5594999747d,main=366bf529c29cb999bfd043db33674a510ba184c7; main=a33fc7e10b5bc25a053e982f0ff24ff60eda042f; EXP11B execution_head=ea4bc0bde3246b40a25453dabeef5d571cf7c021,outputs/evaluation/exp11b_historical_retrieval_h150_h200_v0.1/exp11b_retrieval_case_level_v0.1.csv,146687bd963afae75e39c2f23cc5dfeb36089138,EXP11B_H150_H200_PAIRED_SENSITIVITY:Top-50,none inferential; descriptive paired-seed H150/H200 sensitivity,not assigned,DESCRIPTIVE_ONLY,not applicable because no inferential decision is authorized,H150/H200 paired by seed; current seed=20261006; repeated EVAL is not independent,retain paired-seed descriptive differences and frozen summaries only; no inferential interval,10 x 1056 independent observations | invented seed superpopulation | isolated causal bank-size effect | split 3000/1006,only ten approved paired banks; repeated benchmark and coupled bank composition,
G3F02-0351,EXP11B_H150_H200_PAIRED_SENSITIVITY,historical-bank sensitivity supporting interpretation boundaries,EXP-11B,DESCRIPTIVE_ONLY,DESCRIPTIVE,EXP11B_R02_H150,EXP11B_PAIRED_BANK_SENSITIVITY,MRR@100,frozen MRR@100 for canonical H150 bank; seed=20261006,662.3773645306042,1056,0.6272512921691327,mean_reciprocal_rank,MATERIALIZED_FROZEN_VALUE,EVAL_V02_CHAPTER_87,3ddb7a0e80d8bfa20b985655f03d6ab65470b40f0738093413909b6584aee941,1056,67,paired seed/bank for descriptive sensitivity; SERIE remains the metric denominator within run,10 paired seeds; same 1056 EVAL series and 67 DAM repeated in every run,outputs/evaluation/exp11b_historical_retrieval_h150_h200_v0.1/exp11b_retrieval_metrics_by_bank_v0.1.csv,49d5598e0699c12c14ed62235020b09e649ec93e,0fee9b6df096a4f827906deb8f5a7b938ee07f9b977e21ee55c5b5594999747d,main=366bf529c29cb999bfd043db33674a510ba184c7; main=a33fc7e10b5bc25a053e982f0ff24ff60eda042f; EXP11B execution_head=ea4bc0bde3246b40a25453dabeef5d571cf7c021,outputs/evaluation/exp11b_historical_retrieval_h150_h200_v0.1/exp11b_retrieval_case_level_v0.1.csv,146687bd963afae75e39c2f23cc5dfeb36089138,EXP11B_H150_H200_PAIRED_SENSITIVITY:MRR@100,none inferential; descriptive paired-seed H150/H200 sensitivity,not assigned,DESCRIPTIVE_ONLY,not applicable because no inferential decision is authorized,H150/H200 paired by seed; current seed=20261006; repeated EVAL is not independent,retain paired-seed descriptive differences and frozen summaries only; no inferential interval,10 x 1056 independent observations | invented seed superpopulation | isolated causal bank-size effect | split 3000/1006,only ten approved paired banks; repeated benchmark and coupled bank composition,
G3F02-0352,EXP11B_H150_H200_PAIRED_SENSITIVITY,historical-bank sensitivity supporting interpretation boundaries,EXP-11B,DESCRIPTIVE_ONLY,DESCRIPTIVE,EXP11B_R02_H200,EXP11B_PAIRED_BANK_SENSITIVITY,Top-1,frozen Top-1 for canonical H200 bank; seed=20261006,561,1056,0.53125,proportion,MATERIALIZED_FROZEN_VALUE,EVAL_V02_CHAPTER_87,3ddb7a0e80d8bfa20b985655f03d6ab65470b40f0738093413909b6584aee941,1056,67,paired seed/bank for descriptive sensitivity; SERIE remains the metric denominator within run,10 paired seeds; same 1056 EVAL series and 67 DAM repeated in every run,outputs/evaluation/exp11b_historical_retrieval_h150_h200_v0.1/exp11b_retrieval_metrics_by_bank_v0.1.csv,49d5598e0699c12c14ed62235020b09e649ec93e,0fee9b6df096a4f827906deb8f5a7b938ee07f9b977e21ee55c5b5594999747d,main=366bf529c29cb999bfd043db33674a510ba184c7; main=a33fc7e10b5bc25a053e982f0ff24ff60eda042f; EXP11B execution_head=ea4bc0bde3246b40a25453dabeef5d571cf7c021,outputs/evaluation/exp11b_historical_retrieval_h150_h200_v0.1/exp11b_retrieval_case_level_v0.1.csv,146687bd963afae75e39c2f23cc5dfeb36089138,EXP11B_H150_H200_PAIRED_SENSITIVITY:Top-1,none inferential; descriptive paired-seed H150/H200 sensitivity,not assigned,DESCRIPTIVE_ONLY,not applicable because no inferential decision is authorized,H150/H200 paired by seed; current seed=20261006; repeated EVAL is not independent,retain paired-seed descriptive differences and frozen summaries only; no inferential interval,10 x 1056 independent observations | invented seed superpopulation | isolated causal bank-size effect | split 3000/1006,only ten approved paired banks; repeated benchmark and coupled bank composition,
G3F02-0353,EXP11B_H150_H200_PAIRED_SENSITIVITY,historical-bank sensitivity supporting interpretation boundaries,EXP-11B,DESCRIPTIVE_ONLY,DESCRIPTIVE,EXP11B_R02_H200,EXP11B_PAIRED_BANK_SENSITIVITY,Top-3,frozen Top-3 for canonical H200 bank; seed=20261006,713,1056,0.6751893939393939,proportion,MATERIALIZED_FROZEN_VALUE,EVAL_V02_CHAPTER_87,3ddb7a0e80d8bfa20b985655f03d6ab65470b40f0738093413909b6584aee941,1056,67,paired seed/bank for descriptive sensitivity; SERIE remains the metric denominator within run,10 paired seeds; same 1056 EVAL series and 67 DAM repeated in every run,outputs/evaluation/exp11b_historical_retrieval_h150_h200_v0.1/exp11b_retrieval_metrics_by_bank_v0.1.csv,49d5598e0699c12c14ed62235020b09e649ec93e,0fee9b6df096a4f827906deb8f5a7b938ee07f9b977e21ee55c5b5594999747d,main=366bf529c29cb999bfd043db33674a510ba184c7; main=a33fc7e10b5bc25a053e982f0ff24ff60eda042f; EXP11B execution_head=ea4bc0bde3246b40a25453dabeef5d571cf7c021,outputs/evaluation/exp11b_historical_retrieval_h150_h200_v0.1/exp11b_retrieval_case_level_v0.1.csv,146687bd963afae75e39c2f23cc5dfeb36089138,EXP11B_H150_H200_PAIRED_SENSITIVITY:Top-3,none inferential; descriptive paired-seed H150/H200 sensitivity,not assigned,DESCRIPTIVE_ONLY,not applicable because no inferential decision is authorized,H150/H200 paired by seed; current seed=20261006; repeated EVAL is not independent,retain paired-seed descriptive differences and frozen summaries only; no inferential interval,10 x 1056 independent observations | invented seed superpopulation | isolated causal bank-size effect | split 3000/1006,only ten approved paired banks; repeated benchmark and coupled bank composition,
G3F02-0354,EXP11B_H150_H200_PAIRED_SENSITIVITY,historical-bank sensitivity supporting interpretation boundaries,EXP-11B,DESCRIPTIVE_ONLY,DESCRIPTIVE,EXP11B_R02_H200,EXP11B_PAIRED_BANK_SENSITIVITY,Top-5,frozen Top-5 for canonical H200 bank; seed=20261006,788,1056,0.7462121212121212,proportion,MATERIALIZED_FROZEN_VALUE,EVAL_V02_CHAPTER_87,3ddb7a0e80d8bfa20b985655f03d6ab65470b40f0738093413909b6584aee941,1056,67,paired seed/bank for descriptive sensitivity; SERIE remains the metric denominator within run,10 paired seeds; same 1056 EVAL series and 67 DAM repeated in every run,outputs/evaluation/exp11b_historical_retrieval_h150_h200_v0.1/exp11b_retrieval_metrics_by_bank_v0.1.csv,49d5598e0699c12c14ed62235020b09e649ec93e,0fee9b6df096a4f827906deb8f5a7b938ee07f9b977e21ee55c5b5594999747d,main=366bf529c29cb999bfd043db33674a510ba184c7; main=a33fc7e10b5bc25a053e982f0ff24ff60eda042f; EXP11B execution_head=ea4bc0bde3246b40a25453dabeef5d571cf7c021,outputs/evaluation/exp11b_historical_retrieval_h150_h200_v0.1/exp11b_retrieval_case_level_v0.1.csv,146687bd963afae75e39c2f23cc5dfeb36089138,EXP11B_H150_H200_PAIRED_SENSITIVITY:Top-5,none inferential; descriptive paired-seed H150/H200 sensitivity,not assigned,DESCRIPTIVE_ONLY,not applicable because no inferential decision is authorized,H150/H200 paired by seed; current seed=20261006; repeated EVAL is not independent,retain paired-seed descriptive differences and frozen summaries only; no inferential interval,10 x 1056 independent observations | invented seed superpopulation | isolated causal bank-size effect | split 3000/1006,only ten approved paired banks; repeated benchmark and coupled bank composition,
G3F02-0355,EXP11B_H150_H200_PAIRED_SENSITIVITY,historical-bank sensitivity supporting interpretation boundaries,EXP-11B,DESCRIPTIVE_ONLY,DESCRIPTIVE,EXP11B_R02_H200,EXP11B_PAIRED_BANK_SENSITIVITY,Top-10,frozen Top-10 for canonical H200 bank; seed=20261006,933,1056,0.8835227272727273,proportion,MATERIALIZED_FROZEN_VALUE,EVAL_V02_CHAPTER_87,3ddb7a0e80d8bfa20b985655f03d6ab65470b40f0738093413909b6584aee941,1056,67,paired seed/bank for descriptive sensitivity; SERIE remains the metric denominator within run,10 paired seeds; same 1056 EVAL series and 67 DAM repeated in every run,outputs/evaluation/exp11b_historical_retrieval_h150_h200_v0.1/exp11b_retrieval_metrics_by_bank_v0.1.csv,49d5598e0699c12c14ed62235020b09e649ec93e,0fee9b6df096a4f827906deb8f5a7b938ee07f9b977e21ee55c5b5594999747d,main=366bf529c29cb999bfd043db33674a510ba184c7; main=a33fc7e10b5bc25a053e982f0ff24ff60eda042f; EXP11B execution_head=ea4bc0bde3246b40a25453dabeef5d571cf7c021,outputs/evaluation/exp11b_historical_retrieval_h150_h200_v0.1/exp11b_retrieval_case_level_v0.1.csv,146687bd963afae75e39c2f23cc5dfeb36089138,EXP11B_H150_H200_PAIRED_SENSITIVITY:Top-10,none inferential; descriptive paired-seed H150/H200 sensitivity,not assigned,DESCRIPTIVE_ONLY,not applicable because no inferential decision is authorized,H150/H200 paired by seed; current seed=20261006; repeated EVAL is not independent,retain paired-seed descriptive differences and frozen summaries only; no inferential interval,10 x 1056 independent observations | invented seed superpopulation | isolated causal bank-size effect | split 3000/1006,only ten approved paired banks; repeated benchmark and coupled bank composition,
G3F02-0356,EXP11B_H150_H200_PAIRED_SENSITIVITY,historical-bank sensitivity supporting interpretation boundaries,EXP-11B,DESCRIPTIVE_ONLY,DESCRIPTIVE,EXP11B_R02_H200,EXP11B_PAIRED_BANK_SENSITIVITY,Top-50,frozen Top-50 for canonical H200 bank; seed=20261006,1037,1056,0.9820075757575758,proportion,MATERIALIZED_FROZEN_VALUE,EVAL_V02_CHAPTER_87,3ddb7a0e80d8bfa20b985655f03d6ab65470b40f0738093413909b6584aee941,1056,67,paired seed/bank for descriptive sensitivity; SERIE remains the metric denominator within run,10 paired seeds; same 1056 EVAL series and 67 DAM repeated in every run,outputs/evaluation/exp11b_historical_retrieval_h150_h200_v0.1/exp11b_retrieval_metrics_by_bank_v0.1.csv,49d5598e0699c12c14ed62235020b09e649ec93e,0fee9b6df096a4f827906deb8f5a7b938ee07f9b977e21ee55c5b5594999747d,main=366bf529c29cb999bfd043db33674a510ba184c7; main=a33fc7e10b5bc25a053e982f0ff24ff60eda042f; EXP11B execution_head=ea4bc0bde3246b40a25453dabeef5d571cf7c021,outputs/evaluation/exp11b_historical_retrieval_h150_h200_v0.1/exp11b_retrieval_case_level_v0.1.csv,146687bd963afae75e39c2f23cc5dfeb36089138,EXP11B_H150_H200_PAIRED_SENSITIVITY:Top-50,none inferential; descriptive paired-seed H150/H200 sensitivity,not assigned,DESCRIPTIVE_ONLY,not applicable because no inferential decision is authorized,H150/H200 paired by seed; current seed=20261006; repeated EVAL is not independent,retain paired-seed descriptive differences and frozen summaries only; no inferential interval,10 x 1056 independent observations | invented seed superpopulation | isolated causal bank-size effect | split 3000/1006,only ten approved paired banks; repeated benchmark and coupled bank composition,
G3F02-0357,EXP11B_H150_H200_PAIRED_SENSITIVITY,historical-bank sensitivity supporting interpretation boundaries,EXP-11B,DESCRIPTIVE_ONLY,DESCRIPTIVE,EXP11B_R02_H200,EXP11B_PAIRED_BANK_SENSITIVITY,MRR@100,frozen MRR@100 for canonical H200 bank; seed=20261006,671.8788420843923,1056,0.6362489034890079,mean_reciprocal_rank,MATERIALIZED_FROZEN_VALUE,EVAL_V02_CHAPTER_87,3ddb7a0e80d8bfa20b985655f03d6ab65470b40f0738093413909b6584aee941,1056,67,paired seed/bank for descriptive sensitivity; SERIE remains the metric denominator within run,10 paired seeds; same 1056 EVAL series and 67 DAM repeated in every run,outputs/evaluation/exp11b_historical_retrieval_h150_h200_v0.1/exp11b_retrieval_metrics_by_bank_v0.1.csv,49d5598e0699c12c14ed62235020b09e649ec93e,0fee9b6df096a4f827906deb8f5a7b938ee07f9b977e21ee55c5b5594999747d,main=366bf529c29cb999bfd043db33674a510ba184c7; main=a33fc7e10b5bc25a053e982f0ff24ff60eda042f; EXP11B execution_head=ea4bc0bde3246b40a25453dabeef5d571cf7c021,outputs/evaluation/exp11b_historical_retrieval_h150_h200_v0.1/exp11b_retrieval_case_level_v0.1.csv,146687bd963afae75e39c2f23cc5dfeb36089138,EXP11B_H150_H200_PAIRED_SENSITIVITY:MRR@100,none inferential; descriptive paired-seed H150/H200 sensitivity,not assigned,DESCRIPTIVE_ONLY,not applicable because no inferential decision is authorized,H150/H200 paired by seed; current seed=20261006; repeated EVAL is not independent,retain paired-seed descriptive differences and frozen summaries only; no inferential interval,10 x 1056 independent observations | invented seed superpopulation | isolated causal bank-size effect | split 3000/1006,only ten approved paired banks; repeated benchmark and coupled bank composition,
G3F02-0358,EXP11B_H150_H200_PAIRED_SENSITIVITY,historical-bank sensitivity supporting interpretation boundaries,EXP-11B,DESCRIPTIVE_ONLY,DESCRIPTIVE,EXP11B_R03_H150,EXP11B_PAIRED_BANK_SENSITIVITY,Top-1,frozen Top-1 for canonical H150 bank; seed=20261007,544,1056,0.5151515151515151,proportion,MATERIALIZED_FROZEN_VALUE,EVAL_V02_CHAPTER_87,3ddb7a0e80d8bfa20b985655f03d6ab65470b40f0738093413909b6584aee941,1056,67,paired seed/bank for descriptive sensitivity; SERIE remains the metric denominator within run,10 paired seeds; same 1056 EVAL series and 67 DAM repeated in every run,outputs/evaluation/exp11b_historical_retrieval_h150_h200_v0.1/exp11b_retrieval_metrics_by_bank_v0.1.csv,49d5598e0699c12c14ed62235020b09e649ec93e,0fee9b6df096a4f827906deb8f5a7b938ee07f9b977e21ee55c5b5594999747d,main=366bf529c29cb999bfd043db33674a510ba184c7; main=a33fc7e10b5bc25a053e982f0ff24ff60eda042f; EXP11B execution_head=ea4bc0bde3246b40a25453dabeef5d571cf7c021,outputs/evaluation/exp11b_historical_retrieval_h150_h200_v0.1/exp11b_retrieval_case_level_v0.1.csv,146687bd963afae75e39c2f23cc5dfeb36089138,EXP11B_H150_H200_PAIRED_SENSITIVITY:Top-1,none inferential; descriptive paired-seed H150/H200 sensitivity,not assigned,DESCRIPTIVE_ONLY,not applicable because no inferential decision is authorized,H150/H200 paired by seed; current seed=20261007; repeated EVAL is not independent,retain paired-seed descriptive differences and frozen summaries only; no inferential interval,10 x 1056 independent observations | invented seed superpopulation | isolated causal bank-size effect | split 3000/1006,only ten approved paired banks; repeated benchmark and coupled bank composition,
G3F02-0359,EXP11B_H150_H200_PAIRED_SENSITIVITY,historical-bank sensitivity supporting interpretation boundaries,EXP-11B,DESCRIPTIVE_ONLY,DESCRIPTIVE,EXP11B_R03_H150,EXP11B_PAIRED_BANK_SENSITIVITY,Top-3,frozen Top-3 for canonical H150 bank; seed=20261007,717,1056,0.6789772727272727,proportion,MATERIALIZED_FROZEN_VALUE,EVAL_V02_CHAPTER_87,3ddb7a0e80d8bfa20b985655f03d6ab65470b40f0738093413909b6584aee941,1056,67,paired seed/bank for descriptive sensitivity; SERIE remains the metric denominator within run,10 paired seeds; same 1056 EVAL series and 67 DAM repeated in every run,outputs/evaluation/exp11b_historical_retrieval_h150_h200_v0.1/exp11b_retrieval_metrics_by_bank_v0.1.csv,49d5598e0699c12c14ed62235020b09e649ec93e,0fee9b6df096a4f827906deb8f5a7b938ee07f9b977e21ee55c5b5594999747d,main=366bf529c29cb999bfd043db33674a510ba184c7; main=a33fc7e10b5bc25a053e982f0ff24ff60eda042f; EXP11B execution_head=ea4bc0bde3246b40a25453dabeef5d571cf7c021,outputs/evaluation/exp11b_historical_retrieval_h150_h200_v0.1/exp11b_retrieval_case_level_v0.1.csv,146687bd963afae75e39c2f23cc5dfeb36089138,EXP11B_H150_H200_PAIRED_SENSITIVITY:Top-3,none inferential; descriptive paired-seed H150/H200 sensitivity,not assigned,DESCRIPTIVE_ONLY,not applicable because no inferential decision is authorized,H150/H200 paired by seed; current seed=20261007; repeated EVAL is not independent,retain paired-seed descriptive differences and frozen summaries only; no inferential interval,10 x 1056 independent observations | invented seed superpopulation | isolated causal bank-size effect | split 3000/1006,only ten approved paired banks; repeated benchmark and coupled bank composition,
G3F02-0360,EXP11B_H150_H200_PAIRED_SENSITIVITY,historical-bank sensitivity supporting interpretation boundaries,EXP-11B,DESCRIPTIVE_ONLY,DESCRIPTIVE,EXP11B_R03_H150,EXP11B_PAIRED_BANK_SENSITIVITY,Top-5,frozen Top-5 for canonical H150 bank; seed=20261007,816,1056,0.7727272727272727,proportion,MATERIALIZED_FROZEN_VALUE,EVAL_V02_CHAPTER_87,3ddb7a0e80d8bfa20b985655f03d6ab65470b40f0738093413909b6584aee941,1056,67,paired seed/bank for descriptive sensitivity; SERIE remains the metric denominator within run,10 paired seeds; same 1056 EVAL series and 67 DAM repeated in every run,outputs/evaluation/exp11b_historical_retrieval_h150_h200_v0.1/exp11b_retrieval_metrics_by_bank_v0.1.csv,49d5598e0699c12c14ed62235020b09e649ec93e,0fee9b6df096a4f827906deb8f5a7b938ee07f9b977e21ee55c5b5594999747d,main=366bf529c29cb999bfd043db33674a510ba184c7; main=a33fc7e10b5bc25a053e982f0ff24ff60eda042f; EXP11B execution_head=ea4bc0bde3246b40a25453dabeef5d571cf7c021,outputs/evaluation/exp11b_historical_retrieval_h150_h200_v0.1/exp11b_retrieval_case_level_v0.1.csv,146687bd963afae75e39c2f23cc5dfeb36089138,EXP11B_H150_H200_PAIRED_SENSITIVITY:Top-5,none inferential; descriptive paired-seed H150/H200 sensitivity,not assigned,DESCRIPTIVE_ONLY,not applicable because no inferential decision is authorized,H150/H200 paired by seed; current seed=20261007; repeated EVAL is not independent,retain paired-seed descriptive differences and frozen summaries only; no inferential interval,10 x 1056 independent observations | invented seed superpopulation | isolated causal bank-size effect | split 3000/1006,only ten approved paired banks; repeated benchmark and coupled bank composition,
G3F02-0361,EXP11B_H150_H200_PAIRED_SENSITIVITY,historical-bank sensitivity supporting interpretation boundaries,EXP-11B,DESCRIPTIVE_ONLY,DESCRIPTIVE,EXP11B_R03_H150,EXP11B_PAIRED_BANK_SENSITIVITY,Top-10,frozen Top-10 for canonical H150 bank; seed=20261007,930,1056,0.8806818181818182,proportion,MATERIALIZED_FROZEN_VALUE,EVAL_V02_CHAPTER_87,3ddb7a0e80d8bfa20b985655f03d6ab65470b40f0738093413909b6584aee941,1056,67,paired seed/bank for descriptive sensitivity; SERIE remains the metric denominator within run,10 paired seeds; same 1056 EVAL series and 67 DAM repeated in every run,outputs/evaluation/exp11b_historical_retrieval_h150_h200_v0.1/exp11b_retrieval_metrics_by_bank_v0.1.csv,49d5598e0699c12c14ed62235020b09e649ec93e,0fee9b6df096a4f827906deb8f5a7b938ee07f9b977e21ee55c5b5594999747d,main=366bf529c29cb999bfd043db33674a510ba184c7; main=a33fc7e10b5bc25a053e982f0ff24ff60eda042f; EXP11B execution_head=ea4bc0bde3246b40a25453dabeef5d571cf7c021,outputs/evaluation/exp11b_historical_retrieval_h150_h200_v0.1/exp11b_retrieval_case_level_v0.1.csv,146687bd963afae75e39c2f23cc5dfeb36089138,EXP11B_H150_H200_PAIRED_SENSITIVITY:Top-10,none inferential; descriptive paired-seed H150/H200 sensitivity,not assigned,DESCRIPTIVE_ONLY,not applicable because no inferential decision is authorized,H150/H200 paired by seed; current seed=20261007; repeated EVAL is not independent,retain paired-seed descriptive differences and frozen summaries only; no inferential interval,10 x 1056 independent observations | invented seed superpopulation | isolated causal bank-size effect | split 3000/1006,only ten approved paired banks; repeated benchmark and coupled bank composition,
G3F02-0362,EXP11B_H150_H200_PAIRED_SENSITIVITY,historical-bank sensitivity supporting interpretation boundaries,EXP-11B,DESCRIPTIVE_ONLY,DESCRIPTIVE,EXP11B_R03_H150,EXP11B_PAIRED_BANK_SENSITIVITY,Top-50,frozen Top-50 for canonical H150 bank; seed=20261007,1040,1056,0.9848484848484849,proportion,MATERIALIZED_FROZEN_VALUE,EVAL_V02_CHAPTER_87,3ddb7a0e80d8bfa20b985655f03d6ab65470b40f0738093413909b6584aee941,1056,67,paired seed/bank for descriptive sensitivity; SERIE remains the metric denominator within run,10 paired seeds; same 1056 EVAL series and 67 DAM repeated in every run,outputs/evaluation/exp11b_historical_retrieval_h150_h200_v0.1/exp11b_retrieval_metrics_by_bank_v0.1.csv,49d5598e0699c12c14ed62235020b09e649ec93e,0fee9b6df096a4f827906deb8f5a7b938ee07f9b977e21ee55c5b5594999747d,main=366bf529c29cb999bfd043db33674a510ba184c7; main=a33fc7e10b5bc25a053e982f0ff24ff60eda042f; EXP11B execution_head=ea4bc0bde3246b40a25453dabeef5d571cf7c021,outputs/evaluation/exp11b_historical_retrieval_h150_h200_v0.1/exp11b_retrieval_case_level_v0.1.csv,146687bd963afae75e39c2f23cc5dfeb36089138,EXP11B_H150_H200_PAIRED_SENSITIVITY:Top-50,none inferential; descriptive paired-seed H150/H200 sensitivity,not assigned,DESCRIPTIVE_ONLY,not applicable because no inferential decision is authorized,H150/H200 paired by seed; current seed=20261007; repeated EVAL is not independent,retain paired-seed descriptive differences and frozen summaries only; no inferential interval,10 x 1056 independent observations | invented seed superpopulation | isolated causal bank-size effect | split 3000/1006,only ten approved paired banks; repeated benchmark and coupled bank composition,
G3F02-0363,EXP11B_H150_H200_PAIRED_SENSITIVITY,historical-bank sensitivity supporting interpretation boundaries,EXP-11B,DESCRIPTIVE_ONLY,DESCRIPTIVE,EXP11B_R03_H150,EXP11B_PAIRED_BANK_SENSITIVITY,MRR@100,frozen MRR@100 for canonical H150 bank; seed=20261007,666.3329470337791,1056,0.6309971089335029,mean_reciprocal_rank,MATERIALIZED_FROZEN_VALUE,EVAL_V02_CHAPTER_87,3ddb7a0e80d8bfa20b985655f03d6ab65470b40f0738093413909b6584aee941,1056,67,paired seed/bank for descriptive sensitivity; SERIE remains the metric denominator within run,10 paired seeds; same 1056 EVAL series and 67 DAM repeated in every run,outputs/evaluation/exp11b_historical_retrieval_h150_h200_v0.1/exp11b_retrieval_metrics_by_bank_v0.1.csv,49d5598e0699c12c14ed62235020b09e649ec93e,0fee9b6df096a4f827906deb8f5a7b938ee07f9b977e21ee55c5b5594999747d,main=366bf529c29cb999bfd043db33674a510ba184c7; main=a33fc7e10b5bc25a053e982f0ff24ff60eda042f; EXP11B execution_head=ea4bc0bde3246b40a25453dabeef5d571cf7c021,outputs/evaluation/exp11b_historical_retrieval_h150_h200_v0.1/exp11b_retrieval_case_level_v0.1.csv,146687bd963afae75e39c2f23cc5dfeb36089138,EXP11B_H150_H200_PAIRED_SENSITIVITY:MRR@100,none inferential; descriptive paired-seed H150/H200 sensitivity,not assigned,DESCRIPTIVE_ONLY,not applicable because no inferential decision is authorized,H150/H200 paired by seed; current seed=20261007; repeated EVAL is not independent,retain paired-seed descriptive differences and frozen summaries only; no inferential interval,10 x 1056 independent observations | invented seed superpopulation | isolated causal bank-size effect | split 3000/1006,only ten approved paired banks; repeated benchmark and coupled bank composition,
G3F02-0364,EXP11B_H150_H200_PAIRED_SENSITIVITY,historical-bank sensitivity supporting interpretation boundaries,EXP-11B,DESCRIPTIVE_ONLY,DESCRIPTIVE,EXP11B_R03_H200,EXP11B_PAIRED_BANK_SENSITIVITY,Top-1,frozen Top-1 for canonical H200 bank; seed=20261007,544,1056,0.5151515151515151,proportion,MATERIALIZED_FROZEN_VALUE,EVAL_V02_CHAPTER_87,3ddb7a0e80d8bfa20b985655f03d6ab65470b40f0738093413909b6584aee941,1056,67,paired seed/bank for descriptive sensitivity; SERIE remains the metric denominator within run,10 paired seeds; same 1056 EVAL series and 67 DAM repeated in every run,outputs/evaluation/exp11b_historical_retrieval_h150_h200_v0.1/exp11b_retrieval_metrics_by_bank_v0.1.csv,49d5598e0699c12c14ed62235020b09e649ec93e,0fee9b6df096a4f827906deb8f5a7b938ee07f9b977e21ee55c5b5594999747d,main=366bf529c29cb999bfd043db33674a510ba184c7; main=a33fc7e10b5bc25a053e982f0ff24ff60eda042f; EXP11B execution_head=ea4bc0bde3246b40a25453dabeef5d571cf7c021,outputs/evaluation/exp11b_historical_retrieval_h150_h200_v0.1/exp11b_retrieval_case_level_v0.1.csv,146687bd963afae75e39c2f23cc5dfeb36089138,EXP11B_H150_H200_PAIRED_SENSITIVITY:Top-1,none inferential; descriptive paired-seed H150/H200 sensitivity,not assigned,DESCRIPTIVE_ONLY,not applicable because no inferential decision is authorized,H150/H200 paired by seed; current seed=20261007; repeated EVAL is not independent,retain paired-seed descriptive differences and frozen summaries only; no inferential interval,10 x 1056 independent observations | invented seed superpopulation | isolated causal bank-size effect | split 3000/1006,only ten approved paired banks; repeated benchmark and coupled bank composition,
G3F02-0365,EXP11B_H150_H200_PAIRED_SENSITIVITY,historical-bank sensitivity supporting interpretation boundaries,EXP-11B,DESCRIPTIVE_ONLY,DESCRIPTIVE,EXP11B_R03_H200,EXP11B_PAIRED_BANK_SENSITIVITY,Top-3,frozen Top-3 for canonical H200 bank; seed=20261007,710,1056,0.6723484848484849,proportion,MATERIALIZED_FROZEN_VALUE,EVAL_V02_CHAPTER_87,3ddb7a0e80d8bfa20b985655f03d6ab65470b40f0738093413909b6584aee941,1056,67,paired seed/bank for descriptive sensitivity; SERIE remains the metric denominator within run,10 paired seeds; same 1056 EVAL series and 67 DAM repeated in every run,outputs/evaluation/exp11b_historical_retrieval_h150_h200_v0.1/exp11b_retrieval_metrics_by_bank_v0.1.csv,49d5598e0699c12c14ed62235020b09e649ec93e,0fee9b6df096a4f827906deb8f5a7b938ee07f9b977e21ee55c5b5594999747d,main=366bf529c29cb999bfd043db33674a510ba184c7; main=a33fc7e10b5bc25a053e982f0ff24ff60eda042f; EXP11B execution_head=ea4bc0bde3246b40a25453dabeef5d571cf7c021,outputs/evaluation/exp11b_historical_retrieval_h150_h200_v0.1/exp11b_retrieval_case_level_v0.1.csv,146687bd963afae75e39c2f23cc5dfeb36089138,EXP11B_H150_H200_PAIRED_SENSITIVITY:Top-3,none inferential; descriptive paired-seed H150/H200 sensitivity,not assigned,DESCRIPTIVE_ONLY,not applicable because no inferential decision is authorized,H150/H200 paired by seed; current seed=20261007; repeated EVAL is not independent,retain paired-seed descriptive differences and frozen summaries only; no inferential interval,10 x 1056 independent observations | invented seed superpopulation | isolated causal bank-size effect | split 3000/1006,only ten approved paired banks; repeated benchmark and coupled bank composition,
G3F02-0366,EXP11B_H150_H200_PAIRED_SENSITIVITY,historical-bank sensitivity supporting interpretation boundaries,EXP-11B,DESCRIPTIVE_ONLY,DESCRIPTIVE,EXP11B_R03_H200,EXP11B_PAIRED_BANK_SENSITIVITY,Top-5,frozen Top-5 for canonical H200 bank; seed=20261007,831,1056,0.7869318181818182,proportion,MATERIALIZED_FROZEN_VALUE,EVAL_V02_CHAPTER_87,3ddb7a0e80d8bfa20b985655f03d6ab65470b40f0738093413909b6584aee941,1056,67,paired seed/bank for descriptive sensitivity; SERIE remains the metric denominator within run,10 paired seeds; same 1056 EVAL series and 67 DAM repeated in every run,outputs/evaluation/exp11b_historical_retrieval_h150_h200_v0.1/exp11b_retrieval_metrics_by_bank_v0.1.csv,49d5598e0699c12c14ed62235020b09e649ec93e,0fee9b6df096a4f827906deb8f5a7b938ee07f9b977e21ee55c5b5594999747d,main=366bf529c29cb999bfd043db33674a510ba184c7; main=a33fc7e10b5bc25a053e982f0ff24ff60eda042f; EXP11B execution_head=ea4bc0bde3246b40a25453dabeef5d571cf7c021,outputs/evaluation/exp11b_historical_retrieval_h150_h200_v0.1/exp11b_retrieval_case_level_v0.1.csv,146687bd963afae75e39c2f23cc5dfeb36089138,EXP11B_H150_H200_PAIRED_SENSITIVITY:Top-5,none inferential; descriptive paired-seed H150/H200 sensitivity,not assigned,DESCRIPTIVE_ONLY,not applicable because no inferential decision is authorized,H150/H200 paired by seed; current seed=20261007; repeated EVAL is not independent,retain paired-seed descriptive differences and frozen summaries only; no inferential interval,10 x 1056 independent observations | invented seed superpopulation | isolated causal bank-size effect | split 3000/1006,only ten approved paired banks; repeated benchmark and coupled bank composition,
G3F02-0367,EXP11B_H150_H200_PAIRED_SENSITIVITY,historical-bank sensitivity supporting interpretation boundaries,EXP-11B,DESCRIPTIVE_ONLY,DESCRIPTIVE,EXP11B_R03_H200,EXP11B_PAIRED_BANK_SENSITIVITY,Top-10,frozen Top-10 for canonical H200 bank; seed=20261007,939,1056,0.8892045454545454,proportion,MATERIALIZED_FROZEN_VALUE,EVAL_V02_CHAPTER_87,3ddb7a0e80d8bfa20b985655f03d6ab65470b40f0738093413909b6584aee941,1056,67,paired seed/bank for descriptive sensitivity; SERIE remains the metric denominator within run,10 paired seeds; same 1056 EVAL series and 67 DAM repeated in every run,outputs/evaluation/exp11b_historical_retrieval_h150_h200_v0.1/exp11b_retrieval_metrics_by_bank_v0.1.csv,49d5598e0699c12c14ed62235020b09e649ec93e,0fee9b6df096a4f827906deb8f5a7b938ee07f9b977e21ee55c5b5594999747d,main=366bf529c29cb999bfd043db33674a510ba184c7; main=a33fc7e10b5bc25a053e982f0ff24ff60eda042f; EXP11B execution_head=ea4bc0bde3246b40a25453dabeef5d571cf7c021,outputs/evaluation/exp11b_historical_retrieval_h150_h200_v0.1/exp11b_retrieval_case_level_v0.1.csv,146687bd963afae75e39c2f23cc5dfeb36089138,EXP11B_H150_H200_PAIRED_SENSITIVITY:Top-10,none inferential; descriptive paired-seed H150/H200 sensitivity,not assigned,DESCRIPTIVE_ONLY,not applicable because no inferential decision is authorized,H150/H200 paired by seed; current seed=20261007; repeated EVAL is not independent,retain paired-seed descriptive differences and frozen summaries only; no inferential interval,10 x 1056 independent observations | invented seed superpopulation | isolated causal bank-size effect | split 3000/1006,only ten approved paired banks; repeated benchmark and coupled bank composition,
G3F02-0368,EXP11B_H150_H200_PAIRED_SENSITIVITY,historical-bank sensitivity supporting interpretation boundaries,EXP-11B,DESCRIPTIVE_ONLY,DESCRIPTIVE,EXP11B_R03_H200,EXP11B_PAIRED_BANK_SENSITIVITY,Top-50,frozen Top-50 for canonical H200 bank; seed=20261007,1039,1056,0.9839015151515151,proportion,MATERIALIZED_FROZEN_VALUE,EVAL_V02_CHAPTER_87,3ddb7a0e80d8bfa20b985655f03d6ab65470b40f0738093413909b6584aee941,1056,67,paired seed/bank for descriptive sensitivity; SERIE remains the metric denominator within run,10 paired seeds; same 1056 EVAL series and 67 DAM repeated in every run,outputs/evaluation/exp11b_historical_retrieval_h150_h200_v0.1/exp11b_retrieval_metrics_by_bank_v0.1.csv,49d5598e0699c12c14ed62235020b09e649ec93e,0fee9b6df096a4f827906deb8f5a7b938ee07f9b977e21ee55c5b5594999747d,main=366bf529c29cb999bfd043db33674a510ba184c7; main=a33fc7e10b5bc25a053e982f0ff24ff60eda042f; EXP11B execution_head=ea4bc0bde3246b40a25453dabeef5d571cf7c021,outputs/evaluation/exp11b_historical_retrieval_h150_h200_v0.1/exp11b_retrieval_case_level_v0.1.csv,146687bd963afae75e39c2f23cc5dfeb36089138,EXP11B_H150_H200_PAIRED_SENSITIVITY:Top-50,none inferential; descriptive paired-seed H150/H200 sensitivity,not assigned,DESCRIPTIVE_ONLY,not applicable because no inferential decision is authorized,H150/H200 paired by seed; current seed=20261007; repeated EVAL is not independent,retain paired-seed descriptive differences and frozen summaries only; no inferential interval,10 x 1056 independent observations | invented seed superpopulation | isolated causal bank-size effect | split 3000/1006,only ten approved paired banks; repeated benchmark and coupled bank composition,
G3F02-0369,EXP11B_H150_H200_PAIRED_SENSITIVITY,historical-bank sensitivity supporting interpretation boundaries,EXP-11B,DESCRIPTIVE_ONLY,DESCRIPTIVE,EXP11B_R03_H200,EXP11B_PAIRED_BANK_SENSITIVITY,MRR@100,frozen MRR@100 for canonical H200 bank; seed=20261007,665.7271681576491,1056,0.6304234546947435,mean_reciprocal_rank,MATERIALIZED_FROZEN_VALUE,EVAL_V02_CHAPTER_87,3ddb7a0e80d8bfa20b985655f03d6ab65470b40f0738093413909b6584aee941,1056,67,paired seed/bank for descriptive sensitivity; SERIE remains the metric denominator within run,10 paired seeds; same 1056 EVAL series and 67 DAM repeated in every run,outputs/evaluation/exp11b_historical_retrieval_h150_h200_v0.1/exp11b_retrieval_metrics_by_bank_v0.1.csv,49d5598e0699c12c14ed62235020b09e649ec93e,0fee9b6df096a4f827906deb8f5a7b938ee07f9b977e21ee55c5b5594999747d,main=366bf529c29cb999bfd043db33674a510ba184c7; main=a33fc7e10b5bc25a053e982f0ff24ff60eda042f; EXP11B execution_head=ea4bc0bde3246b40a25453dabeef5d571cf7c021,outputs/evaluation/exp11b_historical_retrieval_h150_h200_v0.1/exp11b_retrieval_case_level_v0.1.csv,146687bd963afae75e39c2f23cc5dfeb36089138,EXP11B_H150_H200_PAIRED_SENSITIVITY:MRR@100,none inferential; descriptive paired-seed H150/H200 sensitivity,not assigned,DESCRIPTIVE_ONLY,not applicable because no inferential decision is authorized,H150/H200 paired by seed; current seed=20261007; repeated EVAL is not independent,retain paired-seed descriptive differences and frozen summaries only; no inferential interval,10 x 1056 independent observations | invented seed superpopulation | isolated causal bank-size effect | split 3000/1006,only ten approved paired banks; repeated benchmark and coupled bank composition,
G3F02-0370,EXP11B_H150_H200_PAIRED_SENSITIVITY,historical-bank sensitivity supporting interpretation boundaries,EXP-11B,DESCRIPTIVE_ONLY,DESCRIPTIVE,EXP11B_R04_H150,EXP11B_PAIRED_BANK_SENSITIVITY,Top-1,frozen Top-1 for canonical H150 bank; seed=20261010,538,1056,0.509469696969697,proportion,MATERIALIZED_FROZEN_VALUE,EVAL_V02_CHAPTER_87,3ddb7a0e80d8bfa20b985655f03d6ab65470b40f0738093413909b6584aee941,1056,67,paired seed/bank for descriptive sensitivity; SERIE remains the metric denominator within run,10 paired seeds; same 1056 EVAL series and 67 DAM repeated in every run,outputs/evaluation/exp11b_historical_retrieval_h150_h200_v0.1/exp11b_retrieval_metrics_by_bank_v0.1.csv,49d5598e0699c12c14ed62235020b09e649ec93e,0fee9b6df096a4f827906deb8f5a7b938ee07f9b977e21ee55c5b5594999747d,main=366bf529c29cb999bfd043db33674a510ba184c7; main=a33fc7e10b5bc25a053e982f0ff24ff60eda042f; EXP11B execution_head=ea4bc0bde3246b40a25453dabeef5d571cf7c021,outputs/evaluation/exp11b_historical_retrieval_h150_h200_v0.1/exp11b_retrieval_case_level_v0.1.csv,146687bd963afae75e39c2f23cc5dfeb36089138,EXP11B_H150_H200_PAIRED_SENSITIVITY:Top-1,none inferential; descriptive paired-seed H150/H200 sensitivity,not assigned,DESCRIPTIVE_ONLY,not applicable because no inferential decision is authorized,H150/H200 paired by seed; current seed=20261010; repeated EVAL is not independent,retain paired-seed descriptive differences and frozen summaries only; no inferential interval,10 x 1056 independent observations | invented seed superpopulation | isolated causal bank-size effect | split 3000/1006,only ten approved paired banks; repeated benchmark and coupled bank composition,
G3F02-0371,EXP11B_H150_H200_PAIRED_SENSITIVITY,historical-bank sensitivity supporting interpretation boundaries,EXP-11B,DESCRIPTIVE_ONLY,DESCRIPTIVE,EXP11B_R04_H150,EXP11B_PAIRED_BANK_SENSITIVITY,Top-3,frozen Top-3 for canonical H150 bank; seed=20261010,714,1056,0.6761363636363636,proportion,MATERIALIZED_FROZEN_VALUE,EVAL_V02_CHAPTER_87,3ddb7a0e80d8bfa20b985655f03d6ab65470b40f0738093413909b6584aee941,1056,67,paired seed/bank for descriptive sensitivity; SERIE remains the metric denominator within run,10 paired seeds; same 1056 EVAL series and 67 DAM repeated in every run,outputs/evaluation/exp11b_historical_retrieval_h150_h200_v0.1/exp11b_retrieval_metrics_by_bank_v0.1.csv,49d5598e0699c12c14ed62235020b09e649ec93e,0fee9b6df096a4f827906deb8f5a7b938ee07f9b977e21ee55c5b5594999747d,main=366bf529c29cb999bfd043db33674a510ba184c7; main=a33fc7e10b5bc25a053e982f0ff24ff60eda042f; EXP11B execution_head=ea4bc0bde3246b40a25453dabeef5d571cf7c021,outputs/evaluation/exp11b_historical_retrieval_h150_h200_v0.1/exp11b_retrieval_case_level_v0.1.csv,146687bd963afae75e39c2f23cc5dfeb36089138,EXP11B_H150_H200_PAIRED_SENSITIVITY:Top-3,none inferential; descriptive paired-seed H150/H200 sensitivity,not assigned,DESCRIPTIVE_ONLY,not applicable because no inferential decision is authorized,H150/H200 paired by seed; current seed=20261010; repeated EVAL is not independent,retain paired-seed descriptive differences and frozen summaries only; no inferential interval,10 x 1056 independent observations | invented seed superpopulation | isolated causal bank-size effect | split 3000/1006,only ten approved paired banks; repeated benchmark and coupled bank composition,
G3F02-0372,EXP11B_H150_H200_PAIRED_SENSITIVITY,historical-bank sensitivity supporting interpretation boundaries,EXP-11B,DESCRIPTIVE_ONLY,DESCRIPTIVE,EXP11B_R04_H150,EXP11B_PAIRED_BANK_SENSITIVITY,Top-5,frozen Top-5 for canonical H150 bank; seed=20261010,848,1056,0.803030303030303,proportion,MATERIALIZED_FROZEN_VALUE,EVAL_V02_CHAPTER_87,3ddb7a0e80d8bfa20b985655f03d6ab65470b40f0738093413909b6584aee941,1056,67,paired seed/bank for descriptive sensitivity; SERIE remains the metric denominator within run,10 paired seeds; same 1056 EVAL series and 67 DAM repeated in every run,outputs/evaluation/exp11b_historical_retrieval_h150_h200_v0.1/exp11b_retrieval_metrics_by_bank_v0.1.csv,49d5598e0699c12c14ed62235020b09e649ec93e,0fee9b6df096a4f827906deb8f5a7b938ee07f9b977e21ee55c5b5594999747d,main=366bf529c29cb999bfd043db33674a510ba184c7; main=a33fc7e10b5bc25a053e982f0ff24ff60eda042f; EXP11B execution_head=ea4bc0bde3246b40a25453dabeef5d571cf7c021,outputs/evaluation/exp11b_historical_retrieval_h150_h200_v0.1/exp11b_retrieval_case_level_v0.1.csv,146687bd963afae75e39c2f23cc5dfeb36089138,EXP11B_H150_H200_PAIRED_SENSITIVITY:Top-5,none inferential; descriptive paired-seed H150/H200 sensitivity,not assigned,DESCRIPTIVE_ONLY,not applicable because no inferential decision is authorized,H150/H200 paired by seed; current seed=20261010; repeated EVAL is not independent,retain paired-seed descriptive differences and frozen summaries only; no inferential interval,10 x 1056 independent observations | invented seed superpopulation | isolated causal bank-size effect | split 3000/1006,only ten approved paired banks; repeated benchmark and coupled bank composition,
G3F02-0373,EXP11B_H150_H200_PAIRED_SENSITIVITY,historical-bank sensitivity supporting interpretation boundaries,EXP-11B,DESCRIPTIVE_ONLY,DESCRIPTIVE,EXP11B_R04_H150,EXP11B_PAIRED_BANK_SENSITIVITY,Top-10,frozen Top-10 for canonical H150 bank; seed=20261010,964,1056,0.9128787878787878,proportion,MATERIALIZED_FROZEN_VALUE,EVAL_V02_CHAPTER_87,3ddb7a0e80d8bfa20b985655f03d6ab65470b40f0738093413909b6584aee941,1056,67,paired seed/bank for descriptive sensitivity; SERIE remains the metric denominator within run,10 paired seeds; same 1056 EVAL series and 67 DAM repeated in every run,outputs/evaluation/exp11b_historical_retrieval_h150_h200_v0.1/exp11b_retrieval_metrics_by_bank_v0.1.csv,49d5598e0699c12c14ed62235020b09e649ec93e,0fee9b6df096a4f827906deb8f5a7b938ee07f9b977e21ee55c5b5594999747d,main=366bf529c29cb999bfd043db33674a510ba184c7; main=a33fc7e10b5bc25a053e982f0ff24ff60eda042f; EXP11B execution_head=ea4bc0bde3246b40a25453dabeef5d571cf7c021,outputs/evaluation/exp11b_historical_retrieval_h150_h200_v0.1/exp11b_retrieval_case_level_v0.1.csv,146687bd963afae75e39c2f23cc5dfeb36089138,EXP11B_H150_H200_PAIRED_SENSITIVITY:Top-10,none inferential; descriptive paired-seed H150/H200 sensitivity,not assigned,DESCRIPTIVE_ONLY,not applicable because no inferential decision is authorized,H150/H200 paired by seed; current seed=20261010; repeated EVAL is not independent,retain paired-seed descriptive differences and frozen summaries only; no inferential interval,10 x 1056 independent observations | invented seed superpopulation | isolated causal bank-size effect | split 3000/1006,only ten approved paired banks; repeated benchmark and coupled bank composition,
G3F02-0374,EXP11B_H150_H200_PAIRED_SENSITIVITY,historical-bank sensitivity supporting interpretation boundaries,EXP-11B,DESCRIPTIVE_ONLY,DESCRIPTIVE,EXP11B_R04_H150,EXP11B_PAIRED_BANK_SENSITIVITY,Top-50,frozen Top-50 for canonical H150 bank; seed=20261010,1047,1056,0.9914772727272727,proportion,MATERIALIZED_FROZEN_VALUE,EVAL_V02_CHAPTER_87,3ddb7a0e80d8bfa20b985655f03d6ab65470b40f0738093413909b6584aee941,1056,67,paired seed/bank for descriptive sensitivity; SERIE remains the metric denominator within run,10 paired seeds; same 1056 EVAL series and 67 DAM repeated in every run,outputs/evaluation/exp11b_historical_retrieval_h150_h200_v0.1/exp11b_retrieval_metrics_by_bank_v0.1.csv,49d5598e0699c12c14ed62235020b09e649ec93e,0fee9b6df096a4f827906deb8f5a7b938ee07f9b977e21ee55c5b5594999747d,main=366bf529c29cb999bfd043db33674a510ba184c7; main=a33fc7e10b5bc25a053e982f0ff24ff60eda042f; EXP11B execution_head=ea4bc0bde3246b40a25453dabeef5d571cf7c021,outputs/evaluation/exp11b_historical_retrieval_h150_h200_v0.1/exp11b_retrieval_case_level_v0.1.csv,146687bd963afae75e39c2f23cc5dfeb36089138,EXP11B_H150_H200_PAIRED_SENSITIVITY:Top-50,none inferential; descriptive paired-seed H150/H200 sensitivity,not assigned,DESCRIPTIVE_ONLY,not applicable because no inferential decision is authorized,H150/H200 paired by seed; current seed=20261010; repeated EVAL is not independent,retain paired-seed descriptive differences and frozen summaries only; no inferential interval,10 x 1056 independent observations | invented seed superpopulation | isolated causal bank-size effect | split 3000/1006,only ten approved paired banks; repeated benchmark and coupled bank composition,
G3F02-0375,EXP11B_H150_H200_PAIRED_SENSITIVITY,historical-bank sensitivity supporting interpretation boundaries,EXP-11B,DESCRIPTIVE_ONLY,DESCRIPTIVE,EXP11B_R04_H150,EXP11B_PAIRED_BANK_SENSITIVITY,MRR@100,frozen MRR@100 for canonical H150 bank; seed=20261010,665.7434533490289,1056,0.6304388762774895,mean_reciprocal_rank,MATERIALIZED_FROZEN_VALUE,EVAL_V02_CHAPTER_87,3ddb7a0e80d8bfa20b985655f03d6ab65470b40f0738093413909b6584aee941,1056,67,paired seed/bank for descriptive sensitivity; SERIE remains the metric denominator within run,10 paired seeds; same 1056 EVAL series and 67 DAM repeated in every run,outputs/evaluation/exp11b_historical_retrieval_h150_h200_v0.1/exp11b_retrieval_metrics_by_bank_v0.1.csv,49d5598e0699c12c14ed62235020b09e649ec93e,0fee9b6df096a4f827906deb8f5a7b938ee07f9b977e21ee55c5b5594999747d,main=366bf529c29cb999bfd043db33674a510ba184c7; main=a33fc7e10b5bc25a053e982f0ff24ff60eda042f; EXP11B execution_head=ea4bc0bde3246b40a25453dabeef5d571cf7c021,outputs/evaluation/exp11b_historical_retrieval_h150_h200_v0.1/exp11b_retrieval_case_level_v0.1.csv,146687bd963afae75e39c2f23cc5dfeb36089138,EXP11B_H150_H200_PAIRED_SENSITIVITY:MRR@100,none inferential; descriptive paired-seed H150/H200 sensitivity,not assigned,DESCRIPTIVE_ONLY,not applicable because no inferential decision is authorized,H150/H200 paired by seed; current seed=20261010; repeated EVAL is not independent,retain paired-seed descriptive differences and frozen summaries only; no inferential interval,10 x 1056 independent observations | invented seed superpopulation | isolated causal bank-size effect | split 3000/1006,only ten approved paired banks; repeated benchmark and coupled bank composition,
G3F02-0376,EXP11B_H150_H200_PAIRED_SENSITIVITY,historical-bank sensitivity supporting interpretation boundaries,EXP-11B,DESCRIPTIVE_ONLY,DESCRIPTIVE,EXP11B_R04_H200,EXP11B_PAIRED_BANK_SENSITIVITY,Top-1,frozen Top-1 for canonical H200 bank; seed=20261010,555,1056,0.5255681818181818,proportion,MATERIALIZED_FROZEN_VALUE,EVAL_V02_CHAPTER_87,3ddb7a0e80d8bfa20b985655f03d6ab65470b40f0738093413909b6584aee941,1056,67,paired seed/bank for descriptive sensitivity; SERIE remains the metric denominator within run,10 paired seeds; same 1056 EVAL series and 67 DAM repeated in every run,outputs/evaluation/exp11b_historical_retrieval_h150_h200_v0.1/exp11b_retrieval_metrics_by_bank_v0.1.csv,49d5598e0699c12c14ed62235020b09e649ec93e,0fee9b6df096a4f827906deb8f5a7b938ee07f9b977e21ee55c5b5594999747d,main=366bf529c29cb999bfd043db33674a510ba184c7; main=a33fc7e10b5bc25a053e982f0ff24ff60eda042f; EXP11B execution_head=ea4bc0bde3246b40a25453dabeef5d571cf7c021,outputs/evaluation/exp11b_historical_retrieval_h150_h200_v0.1/exp11b_retrieval_case_level_v0.1.csv,146687bd963afae75e39c2f23cc5dfeb36089138,EXP11B_H150_H200_PAIRED_SENSITIVITY:Top-1,none inferential; descriptive paired-seed H150/H200 sensitivity,not assigned,DESCRIPTIVE_ONLY,not applicable because no inferential decision is authorized,H150/H200 paired by seed; current seed=20261010; repeated EVAL is not independent,retain paired-seed descriptive differences and frozen summaries only; no inferential interval,10 x 1056 independent observations | invented seed superpopulation | isolated causal bank-size effect | split 3000/1006,only ten approved paired banks; repeated benchmark and coupled bank composition,
G3F02-0377,EXP11B_H150_H200_PAIRED_SENSITIVITY,historical-bank sensitivity supporting interpretation boundaries,EXP-11B,DESCRIPTIVE_ONLY,DESCRIPTIVE,EXP11B_R04_H200,EXP11B_PAIRED_BANK_SENSITIVITY,Top-3,frozen Top-3 for canonical H200 bank; seed=20261010,736,1056,0.696969696969697,proportion,MATERIALIZED_FROZEN_VALUE,EVAL_V02_CHAPTER_87,3ddb7a0e80d8bfa20b985655f03d6ab65470b40f0738093413909b6584aee941,1056,67,paired seed/bank for descriptive sensitivity; SERIE remains the metric denominator within run,10 paired seeds; same 1056 EVAL series and 67 DAM repeated in every run,outputs/evaluation/exp11b_historical_retrieval_h150_h200_v0.1/exp11b_retrieval_metrics_by_bank_v0.1.csv,49d5598e0699c12c14ed62235020b09e649ec93e,0fee9b6df096a4f827906deb8f5a7b938ee07f9b977e21ee55c5b5594999747d,main=366bf529c29cb999bfd043db33674a510ba184c7; main=a33fc7e10b5bc25a053e982f0ff24ff60eda042f; EXP11B execution_head=ea4bc0bde3246b40a25453dabeef5d571cf7c021,outputs/evaluation/exp11b_historical_retrieval_h150_h200_v0.1/exp11b_retrieval_case_level_v0.1.csv,146687bd963afae75e39c2f23cc5dfeb36089138,EXP11B_H150_H200_PAIRED_SENSITIVITY:Top-3,none inferential; descriptive paired-seed H150/H200 sensitivity,not assigned,DESCRIPTIVE_ONLY,not applicable because no inferential decision is authorized,H150/H200 paired by seed; current seed=20261010; repeated EVAL is not independent,retain paired-seed descriptive differences and frozen summaries only; no inferential interval,10 x 1056 independent observations | invented seed superpopulation | isolated causal bank-size effect | split 3000/1006,only ten approved paired banks; repeated benchmark and coupled bank composition,
G3F02-0378,EXP11B_H150_H200_PAIRED_SENSITIVITY,historical-bank sensitivity supporting interpretation boundaries,EXP-11B,DESCRIPTIVE_ONLY,DESCRIPTIVE,EXP11B_R04_H200,EXP11B_PAIRED_BANK_SENSITIVITY,Top-5,frozen Top-5 for canonical H200 bank; seed=20261010,839,1056,0.7945075757575758,proportion,MATERIALIZED_FROZEN_VALUE,EVAL_V02_CHAPTER_87,3ddb7a0e80d8bfa20b985655f03d6ab65470b40f0738093413909b6584aee941,1056,67,paired seed/bank for descriptive sensitivity; SERIE remains the metric denominator within run,10 paired seeds; same 1056 EVAL series and 67 DAM repeated in every run,outputs/evaluation/exp11b_historical_retrieval_h150_h200_v0.1/exp11b_retrieval_metrics_by_bank_v0.1.csv,49d5598e0699c12c14ed62235020b09e649ec93e,0fee9b6df096a4f827906deb8f5a7b938ee07f9b977e21ee55c5b5594999747d,main=366bf529c29cb999bfd043db33674a510ba184c7; main=a33fc7e10b5bc25a053e982f0ff24ff60eda042f; EXP11B execution_head=ea4bc0bde3246b40a25453dabeef5d571cf7c021,outputs/evaluation/exp11b_historical_retrieval_h150_h200_v0.1/exp11b_retrieval_case_level_v0.1.csv,146687bd963afae75e39c2f23cc5dfeb36089138,EXP11B_H150_H200_PAIRED_SENSITIVITY:Top-5,none inferential; descriptive paired-seed H150/H200 sensitivity,not assigned,DESCRIPTIVE_ONLY,not applicable because no inferential decision is authorized,H150/H200 paired by seed; current seed=20261010; repeated EVAL is not independent,retain paired-seed descriptive differences and frozen summaries only; no inferential interval,10 x 1056 independent observations | invented seed superpopulation | isolated causal bank-size effect | split 3000/1006,only ten approved paired banks; repeated benchmark and coupled bank composition,
G3F02-0379,EXP11B_H150_H200_PAIRED_SENSITIVITY,historical-bank sensitivity supporting interpretation boundaries,EXP-11B,DESCRIPTIVE_ONLY,DESCRIPTIVE,EXP11B_R04_H200,EXP11B_PAIRED_BANK_SENSITIVITY,Top-10,frozen Top-10 for canonical H200 bank; seed=20261010,969,1056,0.9176136363636364,proportion,MATERIALIZED_FROZEN_VALUE,EVAL_V02_CHAPTER_87,3ddb7a0e80d8bfa20b985655f03d6ab65470b40f0738093413909b6584aee941,1056,67,paired seed/bank for descriptive sensitivity; SERIE remains the metric denominator within run,10 paired seeds; same 1056 EVAL series and 67 DAM repeated in every run,outputs/evaluation/exp11b_historical_retrieval_h150_h200_v0.1/exp11b_retrieval_metrics_by_bank_v0.1.csv,49d5598e0699c12c14ed62235020b09e649ec93e,0fee9b6df096a4f827906deb8f5a7b938ee07f9b977e21ee55c5b5594999747d,main=366bf529c29cb999bfd043db33674a510ba184c7; main=a33fc7e10b5bc25a053e982f0ff24ff60eda042f; EXP11B execution_head=ea4bc0bde3246b40a25453dabeef5d571cf7c021,outputs/evaluation/exp11b_historical_retrieval_h150_h200_v0.1/exp11b_retrieval_case_level_v0.1.csv,146687bd963afae75e39c2f23cc5dfeb36089138,EXP11B_H150_H200_PAIRED_SENSITIVITY:Top-10,none inferential; descriptive paired-seed H150/H200 sensitivity,not assigned,DESCRIPTIVE_ONLY,not applicable because no inferential decision is authorized,H150/H200 paired by seed; current seed=20261010; repeated EVAL is not independent,retain paired-seed descriptive differences and frozen summaries only; no inferential interval,10 x 1056 independent observations | invented seed superpopulation | isolated causal bank-size effect | split 3000/1006,only ten approved paired banks; repeated benchmark and coupled bank composition,
G3F02-0380,EXP11B_H150_H200_PAIRED_SENSITIVITY,historical-bank sensitivity supporting interpretation boundaries,EXP-11B,DESCRIPTIVE_ONLY,DESCRIPTIVE,EXP11B_R04_H200,EXP11B_PAIRED_BANK_SENSITIVITY,Top-50,frozen Top-50 for canonical H200 bank; seed=20261010,1042,1056,0.9867424242424242,proportion,MATERIALIZED_FROZEN_VALUE,EVAL_V02_CHAPTER_87,3ddb7a0e80d8bfa20b985655f03d6ab65470b40f0738093413909b6584aee941,1056,67,paired seed/bank for descriptive sensitivity; SERIE remains the metric denominator within run,10 paired seeds; same 1056 EVAL series and 67 DAM repeated in every run,outputs/evaluation/exp11b_historical_retrieval_h150_h200_v0.1/exp11b_retrieval_metrics_by_bank_v0.1.csv,49d5598e0699c12c14ed62235020b09e649ec93e,0fee9b6df096a4f827906deb8f5a7b938ee07f9b977e21ee55c5b5594999747d,main=366bf529c29cb999bfd043db33674a510ba184c7; main=a33fc7e10b5bc25a053e982f0ff24ff60eda042f; EXP11B execution_head=ea4bc0bde3246b40a25453dabeef5d571cf7c021,outputs/evaluation/exp11b_historical_retrieval_h150_h200_v0.1/exp11b_retrieval_case_level_v0.1.csv,146687bd963afae75e39c2f23cc5dfeb36089138,EXP11B_H150_H200_PAIRED_SENSITIVITY:Top-50,none inferential; descriptive paired-seed H150/H200 sensitivity,not assigned,DESCRIPTIVE_ONLY,not applicable because no inferential decision is authorized,H150/H200 paired by seed; current seed=20261010; repeated EVAL is not independent,retain paired-seed descriptive differences and frozen summaries only; no inferential interval,10 x 1056 independent observations | invented seed superpopulation | isolated causal bank-size effect | split 3000/1006,only ten approved paired banks; repeated benchmark and coupled bank composition,
G3F02-0381,EXP11B_H150_H200_PAIRED_SENSITIVITY,historical-bank sensitivity supporting interpretation boundaries,EXP-11B,DESCRIPTIVE_ONLY,DESCRIPTIVE,EXP11B_R04_H200,EXP11B_PAIRED_BANK_SENSITIVITY,MRR@100,frozen MRR@100 for canonical H200 bank; seed=20261010,680.4933183035295,1056,0.6444065514237969,mean_reciprocal_rank,MATERIALIZED_FROZEN_VALUE,EVAL_V02_CHAPTER_87,3ddb7a0e80d8bfa20b985655f03d6ab65470b40f0738093413909b6584aee941,1056,67,paired seed/bank for descriptive sensitivity; SERIE remains the metric denominator within run,10 paired seeds; same 1056 EVAL series and 67 DAM repeated in every run,outputs/evaluation/exp11b_historical_retrieval_h150_h200_v0.1/exp11b_retrieval_metrics_by_bank_v0.1.csv,49d5598e0699c12c14ed62235020b09e649ec93e,0fee9b6df096a4f827906deb8f5a7b938ee07f9b977e21ee55c5b5594999747d,main=366bf529c29cb999bfd043db33674a510ba184c7; main=a33fc7e10b5bc25a053e982f0ff24ff60eda042f; EXP11B execution_head=ea4bc0bde3246b40a25453dabeef5d571cf7c021,outputs/evaluation/exp11b_historical_retrieval_h150_h200_v0.1/exp11b_retrieval_case_level_v0.1.csv,146687bd963afae75e39c2f23cc5dfeb36089138,EXP11B_H150_H200_PAIRED_SENSITIVITY:MRR@100,none inferential; descriptive paired-seed H150/H200 sensitivity,not assigned,DESCRIPTIVE_ONLY,not applicable because no inferential decision is authorized,H150/H200 paired by seed; current seed=20261010; repeated EVAL is not independent,retain paired-seed descriptive differences and frozen summaries only; no inferential interval,10 x 1056 independent observations | invented seed superpopulation | isolated causal bank-size effect | split 3000/1006,only ten approved paired banks; repeated benchmark and coupled bank composition,
G3F02-0382,EXP11B_H150_H200_PAIRED_SENSITIVITY,historical-bank sensitivity supporting interpretation boundaries,EXP-11B,DESCRIPTIVE_ONLY,DESCRIPTIVE,EXP11B_R05_H150,EXP11B_PAIRED_BANK_SENSITIVITY,Top-1,frozen Top-1 for canonical H150 bank; seed=20261011,524,1056,0.4962121212121212,proportion,MATERIALIZED_FROZEN_VALUE,EVAL_V02_CHAPTER_87,3ddb7a0e80d8bfa20b985655f03d6ab65470b40f0738093413909b6584aee941,1056,67,paired seed/bank for descriptive sensitivity; SERIE remains the metric denominator within run,10 paired seeds; same 1056 EVAL series and 67 DAM repeated in every run,outputs/evaluation/exp11b_historical_retrieval_h150_h200_v0.1/exp11b_retrieval_metrics_by_bank_v0.1.csv,49d5598e0699c12c14ed62235020b09e649ec93e,0fee9b6df096a4f827906deb8f5a7b938ee07f9b977e21ee55c5b5594999747d,main=366bf529c29cb999bfd043db33674a510ba184c7; main=a33fc7e10b5bc25a053e982f0ff24ff60eda042f; EXP11B execution_head=ea4bc0bde3246b40a25453dabeef5d571cf7c021,outputs/evaluation/exp11b_historical_retrieval_h150_h200_v0.1/exp11b_retrieval_case_level_v0.1.csv,146687bd963afae75e39c2f23cc5dfeb36089138,EXP11B_H150_H200_PAIRED_SENSITIVITY:Top-1,none inferential; descriptive paired-seed H150/H200 sensitivity,not assigned,DESCRIPTIVE_ONLY,not applicable because no inferential decision is authorized,H150/H200 paired by seed; current seed=20261011; repeated EVAL is not independent,retain paired-seed descriptive differences and frozen summaries only; no inferential interval,10 x 1056 independent observations | invented seed superpopulation | isolated causal bank-size effect | split 3000/1006,only ten approved paired banks; repeated benchmark and coupled bank composition,
G3F02-0383,EXP11B_H150_H200_PAIRED_SENSITIVITY,historical-bank sensitivity supporting interpretation boundaries,EXP-11B,DESCRIPTIVE_ONLY,DESCRIPTIVE,EXP11B_R05_H150,EXP11B_PAIRED_BANK_SENSITIVITY,Top-3,frozen Top-3 for canonical H150 bank; seed=20261011,722,1056,0.6837121212121212,proportion,MATERIALIZED_FROZEN_VALUE,EVAL_V02_CHAPTER_87,3ddb7a0e80d8bfa20b985655f03d6ab65470b40f0738093413909b6584aee941,1056,67,paired seed/bank for descriptive sensitivity; SERIE remains the metric denominator within run,10 paired seeds; same 1056 EVAL series and 67 DAM repeated in every run,outputs/evaluation/exp11b_historical_retrieval_h150_h200_v0.1/exp11b_retrieval_metrics_by_bank_v0.1.csv,49d5598e0699c12c14ed62235020b09e649ec93e,0fee9b6df096a4f827906deb8f5a7b938ee07f9b977e21ee55c5b5594999747d,main=366bf529c29cb999bfd043db33674a510ba184c7; main=a33fc7e10b5bc25a053e982f0ff24ff60eda042f; EXP11B execution_head=ea4bc0bde3246b40a25453dabeef5d571cf7c021,outputs/evaluation/exp11b_historical_retrieval_h150_h200_v0.1/exp11b_retrieval_case_level_v0.1.csv,146687bd963afae75e39c2f23cc5dfeb36089138,EXP11B_H150_H200_PAIRED_SENSITIVITY:Top-3,none inferential; descriptive paired-seed H150/H200 sensitivity,not assigned,DESCRIPTIVE_ONLY,not applicable because no inferential decision is authorized,H150/H200 paired by seed; current seed=20261011; repeated EVAL is not independent,retain paired-seed descriptive differences and frozen summaries only; no inferential interval,10 x 1056 independent observations | invented seed superpopulation | isolated causal bank-size effect | split 3000/1006,only ten approved paired banks; repeated benchmark and coupled bank composition,
G3F02-0384,EXP11B_H150_H200_PAIRED_SENSITIVITY,historical-bank sensitivity supporting interpretation boundaries,EXP-11B,DESCRIPTIVE_ONLY,DESCRIPTIVE,EXP11B_R05_H150,EXP11B_PAIRED_BANK_SENSITIVITY,Top-5,frozen Top-5 for canonical H150 bank; seed=20261011,795,1056,0.7528409090909091,proportion,MATERIALIZED_FROZEN_VALUE,EVAL_V02_CHAPTER_87,3ddb7a0e80d8bfa20b985655f03d6ab65470b40f0738093413909b6584aee941,1056,67,paired seed/bank for descriptive sensitivity; SERIE remains the metric denominator within run,10 paired seeds; same 1056 EVAL series and 67 DAM repeated in every run,outputs/evaluation/exp11b_historical_retrieval_h150_h200_v0.1/exp11b_retrieval_metrics_by_bank_v0.1.csv,49d5598e0699c12c14ed62235020b09e649ec93e,0fee9b6df096a4f827906deb8f5a7b938ee07f9b977e21ee55c5b5594999747d,main=366bf529c29cb999bfd043db33674a510ba184c7; main=a33fc7e10b5bc25a053e982f0ff24ff60eda042f; EXP11B execution_head=ea4bc0bde3246b40a25453dabeef5d571cf7c021,outputs/evaluation/exp11b_historical_retrieval_h150_h200_v0.1/exp11b_retrieval_case_level_v0.1.csv,146687bd963afae75e39c2f23cc5dfeb36089138,EXP11B_H150_H200_PAIRED_SENSITIVITY:Top-5,none inferential; descriptive paired-seed H150/H200 sensitivity,not assigned,DESCRIPTIVE_ONLY,not applicable because no inferential decision is authorized,H150/H200 paired by seed; current seed=20261011; repeated EVAL is not independent,retain paired-seed descriptive differences and frozen summaries only; no inferential interval,10 x 1056 independent observations | invented seed superpopulation | isolated causal bank-size effect | split 3000/1006,only ten approved paired banks; repeated benchmark and coupled bank composition,
G3F02-0385,EXP11B_H150_H200_PAIRED_SENSITIVITY,historical-bank sensitivity supporting interpretation boundaries,EXP-11B,DESCRIPTIVE_ONLY,DESCRIPTIVE,EXP11B_R05_H150,EXP11B_PAIRED_BANK_SENSITIVITY,Top-10,frozen Top-10 for canonical H150 bank; seed=20261011,940,1056,0.8901515151515151,proportion,MATERIALIZED_FROZEN_VALUE,EVAL_V02_CHAPTER_87,3ddb7a0e80d8bfa20b985655f03d6ab65470b40f0738093413909b6584aee941,1056,67,paired seed/bank for descriptive sensitivity; SERIE remains the metric denominator within run,10 paired seeds; same 1056 EVAL series and 67 DAM repeated in every run,outputs/evaluation/exp11b_historical_retrieval_h150_h200_v0.1/exp11b_retrieval_metrics_by_bank_v0.1.csv,49d5598e0699c12c14ed62235020b09e649ec93e,0fee9b6df096a4f827906deb8f5a7b938ee07f9b977e21ee55c5b5594999747d,main=366bf529c29cb999bfd043db33674a510ba184c7; main=a33fc7e10b5bc25a053e982f0ff24ff60eda042f; EXP11B execution_head=ea4bc0bde3246b40a25453dabeef5d571cf7c021,outputs/evaluation/exp11b_historical_retrieval_h150_h200_v0.1/exp11b_retrieval_case_level_v0.1.csv,146687bd963afae75e39c2f23cc5dfeb36089138,EXP11B_H150_H200_PAIRED_SENSITIVITY:Top-10,none inferential; descriptive paired-seed H150/H200 sensitivity,not assigned,DESCRIPTIVE_ONLY,not applicable because no inferential decision is authorized,H150/H200 paired by seed; current seed=20261011; repeated EVAL is not independent,retain paired-seed descriptive differences and frozen summaries only; no inferential interval,10 x 1056 independent observations | invented seed superpopulation | isolated causal bank-size effect | split 3000/1006,only ten approved paired banks; repeated benchmark and coupled bank composition,
G3F02-0386,EXP11B_H150_H200_PAIRED_SENSITIVITY,historical-bank sensitivity supporting interpretation boundaries,EXP-11B,DESCRIPTIVE_ONLY,DESCRIPTIVE,EXP11B_R05_H150,EXP11B_PAIRED_BANK_SENSITIVITY,Top-50,frozen Top-50 for canonical H150 bank; seed=20261011,1047,1056,0.9914772727272727,proportion,MATERIALIZED_FROZEN_VALUE,EVAL_V02_CHAPTER_87,3ddb7a0e80d8bfa20b985655f03d6ab65470b40f0738093413909b6584aee941,1056,67,paired seed/bank for descriptive sensitivity; SERIE remains the metric denominator within run,10 paired seeds; same 1056 EVAL series and 67 DAM repeated in every run,outputs/evaluation/exp11b_historical_retrieval_h150_h200_v0.1/exp11b_retrieval_metrics_by_bank_v0.1.csv,49d5598e0699c12c14ed62235020b09e649ec93e,0fee9b6df096a4f827906deb8f5a7b938ee07f9b977e21ee55c5b5594999747d,main=366bf529c29cb999bfd043db33674a510ba184c7; main=a33fc7e10b5bc25a053e982f0ff24ff60eda042f; EXP11B execution_head=ea4bc0bde3246b40a25453dabeef5d571cf7c021,outputs/evaluation/exp11b_historical_retrieval_h150_h200_v0.1/exp11b_retrieval_case_level_v0.1.csv,146687bd963afae75e39c2f23cc5dfeb36089138,EXP11B_H150_H200_PAIRED_SENSITIVITY:Top-50,none inferential; descriptive paired-seed H150/H200 sensitivity,not assigned,DESCRIPTIVE_ONLY,not applicable because no inferential decision is authorized,H150/H200 paired by seed; current seed=20261011; repeated EVAL is not independent,retain paired-seed descriptive differences and frozen summaries only; no inferential interval,10 x 1056 independent observations | invented seed superpopulation | isolated causal bank-size effect | split 3000/1006,only ten approved paired banks; repeated benchmark and coupled bank composition,
G3F02-0387,EXP11B_H150_H200_PAIRED_SENSITIVITY,historical-bank sensitivity supporting interpretation boundaries,EXP-11B,DESCRIPTIVE_ONLY,DESCRIPTIVE,EXP11B_R05_H150,EXP11B_PAIRED_BANK_SENSITIVITY,MRR@100,frozen MRR@100 for canonical H150 bank; seed=20261011,656.3385225779409,1056,0.6215326918351713,mean_reciprocal_rank,MATERIALIZED_FROZEN_VALUE,EVAL_V02_CHAPTER_87,3ddb7a0e80d8bfa20b985655f03d6ab65470b40f0738093413909b6584aee941,1056,67,paired seed/bank for descriptive sensitivity; SERIE remains the metric denominator within run,10 paired seeds; same 1056 EVAL series and 67 DAM repeated in every run,outputs/evaluation/exp11b_historical_retrieval_h150_h200_v0.1/exp11b_retrieval_metrics_by_bank_v0.1.csv,49d5598e0699c12c14ed62235020b09e649ec93e,0fee9b6df096a4f827906deb8f5a7b938ee07f9b977e21ee55c5b5594999747d,main=366bf529c29cb999bfd043db33674a510ba184c7; main=a33fc7e10b5bc25a053e982f0ff24ff60eda042f; EXP11B execution_head=ea4bc0bde3246b40a25453dabeef5d571cf7c021,outputs/evaluation/exp11b_historical_retrieval_h150_h200_v0.1/exp11b_retrieval_case_level_v0.1.csv,146687bd963afae75e39c2f23cc5dfeb36089138,EXP11B_H150_H200_PAIRED_SENSITIVITY:MRR@100,none inferential; descriptive paired-seed H150/H200 sensitivity,not assigned,DESCRIPTIVE_ONLY,not applicable because no inferential decision is authorized,H150/H200 paired by seed; current seed=20261011; repeated EVAL is not independent,retain paired-seed descriptive differences and frozen summaries only; no inferential interval,10 x 1056 independent observations | invented seed superpopulation | isolated causal bank-size effect | split 3000/1006,only ten approved paired banks; repeated benchmark and coupled bank composition,
G3F02-0388,EXP11B_H150_H200_PAIRED_SENSITIVITY,historical-bank sensitivity supporting interpretation boundaries,EXP-11B,DESCRIPTIVE_ONLY,DESCRIPTIVE,EXP11B_R05_H200,EXP11B_PAIRED_BANK_SENSITIVITY,Top-1,frozen Top-1 for canonical H200 bank; seed=20261011,522,1056,0.4943181818181818,proportion,MATERIALIZED_FROZEN_VALUE,EVAL_V02_CHAPTER_87,3ddb7a0e80d8bfa20b985655f03d6ab65470b40f0738093413909b6584aee941,1056,67,paired seed/bank for descriptive sensitivity; SERIE remains the metric denominator within run,10 paired seeds; same 1056 EVAL series and 67 DAM repeated in every run,outputs/evaluation/exp11b_historical_retrieval_h150_h200_v0.1/exp11b_retrieval_metrics_by_bank_v0.1.csv,49d5598e0699c12c14ed62235020b09e649ec93e,0fee9b6df096a4f827906deb8f5a7b938ee07f9b977e21ee55c5b5594999747d,main=366bf529c29cb999bfd043db33674a510ba184c7; main=a33fc7e10b5bc25a053e982f0ff24ff60eda042f; EXP11B execution_head=ea4bc0bde3246b40a25453dabeef5d571cf7c021,outputs/evaluation/exp11b_historical_retrieval_h150_h200_v0.1/exp11b_retrieval_case_level_v0.1.csv,146687bd963afae75e39c2f23cc5dfeb36089138,EXP11B_H150_H200_PAIRED_SENSITIVITY:Top-1,none inferential; descriptive paired-seed H150/H200 sensitivity,not assigned,DESCRIPTIVE_ONLY,not applicable because no inferential decision is authorized,H150/H200 paired by seed; current seed=20261011; repeated EVAL is not independent,retain paired-seed descriptive differences and frozen summaries only; no inferential interval,10 x 1056 independent observations | invented seed superpopulation | isolated causal bank-size effect | split 3000/1006,only ten approved paired banks; repeated benchmark and coupled bank composition,
G3F02-0389,EXP11B_H150_H200_PAIRED_SENSITIVITY,historical-bank sensitivity supporting interpretation boundaries,EXP-11B,DESCRIPTIVE_ONLY,DESCRIPTIVE,EXP11B_R05_H200,EXP11B_PAIRED_BANK_SENSITIVITY,Top-3,frozen Top-3 for canonical H200 bank; seed=20261011,713,1056,0.6751893939393939,proportion,MATERIALIZED_FROZEN_VALUE,EVAL_V02_CHAPTER_87,3ddb7a0e80d8bfa20b985655f03d6ab65470b40f0738093413909b6584aee941,1056,67,paired seed/bank for descriptive sensitivity; SERIE remains the metric denominator within run,10 paired seeds; same 1056 EVAL series and 67 DAM repeated in every run,outputs/evaluation/exp11b_historical_retrieval_h150_h200_v0.1/exp11b_retrieval_metrics_by_bank_v0.1.csv,49d5598e0699c12c14ed62235020b09e649ec93e,0fee9b6df096a4f827906deb8f5a7b938ee07f9b977e21ee55c5b5594999747d,main=366bf529c29cb999bfd043db33674a510ba184c7; main=a33fc7e10b5bc25a053e982f0ff24ff60eda042f; EXP11B execution_head=ea4bc0bde3246b40a25453dabeef5d571cf7c021,outputs/evaluation/exp11b_historical_retrieval_h150_h200_v0.1/exp11b_retrieval_case_level_v0.1.csv,146687bd963afae75e39c2f23cc5dfeb36089138,EXP11B_H150_H200_PAIRED_SENSITIVITY:Top-3,none inferential; descriptive paired-seed H150/H200 sensitivity,not assigned,DESCRIPTIVE_ONLY,not applicable because no inferential decision is authorized,H150/H200 paired by seed; current seed=20261011; repeated EVAL is not independent,retain paired-seed descriptive differences and frozen summaries only; no inferential interval,10 x 1056 independent observations | invented seed superpopulation | isolated causal bank-size effect | split 3000/1006,only ten approved paired banks; repeated benchmark and coupled bank composition,
G3F02-0390,EXP11B_H150_H200_PAIRED_SENSITIVITY,historical-bank sensitivity supporting interpretation boundaries,EXP-11B,DESCRIPTIVE_ONLY,DESCRIPTIVE,EXP11B_R05_H200,EXP11B_PAIRED_BANK_SENSITIVITY,Top-5,frozen Top-5 for canonical H200 bank; seed=20261011,791,1056,0.7490530303030303,proportion,MATERIALIZED_FROZEN_VALUE,EVAL_V02_CHAPTER_87,3ddb7a0e80d8bfa20b985655f03d6ab65470b40f0738093413909b6584aee941,1056,67,paired seed/bank for descriptive sensitivity; SERIE remains the metric denominator within run,10 paired seeds; same 1056 EVAL series and 67 DAM repeated in every run,outputs/evaluation/exp11b_historical_retrieval_h150_h200_v0.1/exp11b_retrieval_metrics_by_bank_v0.1.csv,49d5598e0699c12c14ed62235020b09e649ec93e,0fee9b6df096a4f827906deb8f5a7b938ee07f9b977e21ee55c5b5594999747d,main=366bf529c29cb999bfd043db33674a510ba184c7; main=a33fc7e10b5bc25a053e982f0ff24ff60eda042f; EXP11B execution_head=ea4bc0bde3246b40a25453dabeef5d571cf7c021,outputs/evaluation/exp11b_historical_retrieval_h150_h200_v0.1/exp11b_retrieval_case_level_v0.1.csv,146687bd963afae75e39c2f23cc5dfeb36089138,EXP11B_H150_H200_PAIRED_SENSITIVITY:Top-5,none inferential; descriptive paired-seed H150/H200 sensitivity,not assigned,DESCRIPTIVE_ONLY,not applicable because no inferential decision is authorized,H150/H200 paired by seed; current seed=20261011; repeated EVAL is not independent,retain paired-seed descriptive differences and frozen summaries only; no inferential interval,10 x 1056 independent observations | invented seed superpopulation | isolated causal bank-size effect | split 3000/1006,only ten approved paired banks; repeated benchmark and coupled bank composition,
G3F02-0391,EXP11B_H150_H200_PAIRED_SENSITIVITY,historical-bank sensitivity supporting interpretation boundaries,EXP-11B,DESCRIPTIVE_ONLY,DESCRIPTIVE,EXP11B_R05_H200,EXP11B_PAIRED_BANK_SENSITIVITY,Top-10,frozen Top-10 for canonical H200 bank; seed=20261011,944,1056,0.8939393939393939,proportion,MATERIALIZED_FROZEN_VALUE,EVAL_V02_CHAPTER_87,3ddb7a0e80d8bfa20b985655f03d6ab65470b40f0738093413909b6584aee941,1056,67,paired seed/bank for descriptive sensitivity; SERIE remains the metric denominator within run,10 paired seeds; same 1056 EVAL series and 67 DAM repeated in every run,outputs/evaluation/exp11b_historical_retrieval_h150_h200_v0.1/exp11b_retrieval_metrics_by_bank_v0.1.csv,49d5598e0699c12c14ed62235020b09e649ec93e,0fee9b6df096a4f827906deb8f5a7b938ee07f9b977e21ee55c5b5594999747d,main=366bf529c29cb999bfd043db33674a510ba184c7; main=a33fc7e10b5bc25a053e982f0ff24ff60eda042f; EXP11B execution_head=ea4bc0bde3246b40a25453dabeef5d571cf7c021,outputs/evaluation/exp11b_historical_retrieval_h150_h200_v0.1/exp11b_retrieval_case_level_v0.1.csv,146687bd963afae75e39c2f23cc5dfeb36089138,EXP11B_H150_H200_PAIRED_SENSITIVITY:Top-10,none inferential; descriptive paired-seed H150/H200 sensitivity,not assigned,DESCRIPTIVE_ONLY,not applicable because no inferential decision is authorized,H150/H200 paired by seed; current seed=20261011; repeated EVAL is not independent,retain paired-seed descriptive differences and frozen summaries only; no inferential interval,10 x 1056 independent observations | invented seed superpopulation | isolated causal bank-size effect | split 3000/1006,only ten approved paired banks; repeated benchmark and coupled bank composition,
G3F02-0392,EXP11B_H150_H200_PAIRED_SENSITIVITY,historical-bank sensitivity supporting interpretation boundaries,EXP-11B,DESCRIPTIVE_ONLY,DESCRIPTIVE,EXP11B_R05_H200,EXP11B_PAIRED_BANK_SENSITIVITY,Top-50,frozen Top-50 for canonical H200 bank; seed=20261011,1039,1056,0.9839015151515151,proportion,MATERIALIZED_FROZEN_VALUE,EVAL_V02_CHAPTER_87,3ddb7a0e80d8bfa20b985655f03d6ab65470b40f0738093413909b6584aee941,1056,67,paired seed/bank for descriptive sensitivity; SERIE remains the metric denominator within run,10 paired seeds; same 1056 EVAL series and 67 DAM repeated in every run,outputs/evaluation/exp11b_historical_retrieval_h150_h200_v0.1/exp11b_retrieval_metrics_by_bank_v0.1.csv,49d5598e0699c12c14ed62235020b09e649ec93e,0fee9b6df096a4f827906deb8f5a7b938ee07f9b977e21ee55c5b5594999747d,main=366bf529c29cb999bfd043db33674a510ba184c7; main=a33fc7e10b5bc25a053e982f0ff24ff60eda042f; EXP11B execution_head=ea4bc0bde3246b40a25453dabeef5d571cf7c021,outputs/evaluation/exp11b_historical_retrieval_h150_h200_v0.1/exp11b_retrieval_case_level_v0.1.csv,146687bd963afae75e39c2f23cc5dfeb36089138,EXP11B_H150_H200_PAIRED_SENSITIVITY:Top-50,none inferential; descriptive paired-seed H150/H200 sensitivity,not assigned,DESCRIPTIVE_ONLY,not applicable because no inferential decision is authorized,H150/H200 paired by seed; current seed=20261011; repeated EVAL is not independent,retain paired-seed descriptive differences and frozen summaries only; no inferential interval,10 x 1056 independent observations | invented seed superpopulation | isolated causal bank-size effect | split 3000/1006,only ten approved paired banks; repeated benchmark and coupled bank composition,
G3F02-0393,EXP11B_H150_H200_PAIRED_SENSITIVITY,historical-bank sensitivity supporting interpretation boundaries,EXP-11B,DESCRIPTIVE_ONLY,DESCRIPTIVE,EXP11B_R05_H200,EXP11B_PAIRED_BANK_SENSITIVITY,MRR@100,frozen MRR@100 for canonical H200 bank; seed=20261011,651.6025446463422,1056,0.6170478642484301,mean_reciprocal_rank,MATERIALIZED_FROZEN_VALUE,EVAL_V02_CHAPTER_87,3ddb7a0e80d8bfa20b985655f03d6ab65470b40f0738093413909b6584aee941,1056,67,paired seed/bank for descriptive sensitivity; SERIE remains the metric denominator within run,10 paired seeds; same 1056 EVAL series and 67 DAM repeated in every run,outputs/evaluation/exp11b_historical_retrieval_h150_h200_v0.1/exp11b_retrieval_metrics_by_bank_v0.1.csv,49d5598e0699c12c14ed62235020b09e649ec93e,0fee9b6df096a4f827906deb8f5a7b938ee07f9b977e21ee55c5b5594999747d,main=366bf529c29cb999bfd043db33674a510ba184c7; main=a33fc7e10b5bc25a053e982f0ff24ff60eda042f; EXP11B execution_head=ea4bc0bde3246b40a25453dabeef5d571cf7c021,outputs/evaluation/exp11b_historical_retrieval_h150_h200_v0.1/exp11b_retrieval_case_level_v0.1.csv,146687bd963afae75e39c2f23cc5dfeb36089138,EXP11B_H150_H200_PAIRED_SENSITIVITY:MRR@100,none inferential; descriptive paired-seed H150/H200 sensitivity,not assigned,DESCRIPTIVE_ONLY,not applicable because no inferential decision is authorized,H150/H200 paired by seed; current seed=20261011; repeated EVAL is not independent,retain paired-seed descriptive differences and frozen summaries only; no inferential interval,10 x 1056 independent observations | invented seed superpopulation | isolated causal bank-size effect | split 3000/1006,only ten approved paired banks; repeated benchmark and coupled bank composition,
G3F02-0394,EXP11B_H150_H200_PAIRED_SENSITIVITY,historical-bank sensitivity supporting interpretation boundaries,EXP-11B,DESCRIPTIVE_ONLY,DESCRIPTIVE,EXP11B_R06_H150,EXP11B_PAIRED_BANK_SENSITIVITY,Top-1,frozen Top-1 for canonical H150 bank; seed=20261013,564,1056,0.5340909090909091,proportion,MATERIALIZED_FROZEN_VALUE,EVAL_V02_CHAPTER_87,3ddb7a0e80d8bfa20b985655f03d6ab65470b40f0738093413909b6584aee941,1056,67,paired seed/bank for descriptive sensitivity; SERIE remains the metric denominator within run,10 paired seeds; same 1056 EVAL series and 67 DAM repeated in every run,outputs/evaluation/exp11b_historical_retrieval_h150_h200_v0.1/exp11b_retrieval_metrics_by_bank_v0.1.csv,49d5598e0699c12c14ed62235020b09e649ec93e,0fee9b6df096a4f827906deb8f5a7b938ee07f9b977e21ee55c5b5594999747d,main=366bf529c29cb999bfd043db33674a510ba184c7; main=a33fc7e10b5bc25a053e982f0ff24ff60eda042f; EXP11B execution_head=ea4bc0bde3246b40a25453dabeef5d571cf7c021,outputs/evaluation/exp11b_historical_retrieval_h150_h200_v0.1/exp11b_retrieval_case_level_v0.1.csv,146687bd963afae75e39c2f23cc5dfeb36089138,EXP11B_H150_H200_PAIRED_SENSITIVITY:Top-1,none inferential; descriptive paired-seed H150/H200 sensitivity,not assigned,DESCRIPTIVE_ONLY,not applicable because no inferential decision is authorized,H150/H200 paired by seed; current seed=20261013; repeated EVAL is not independent,retain paired-seed descriptive differences and frozen summaries only; no inferential interval,10 x 1056 independent observations | invented seed superpopulation | isolated causal bank-size effect | split 3000/1006,only ten approved paired banks; repeated benchmark and coupled bank composition,
G3F02-0395,EXP11B_H150_H200_PAIRED_SENSITIVITY,historical-bank sensitivity supporting interpretation boundaries,EXP-11B,DESCRIPTIVE_ONLY,DESCRIPTIVE,EXP11B_R06_H150,EXP11B_PAIRED_BANK_SENSITIVITY,Top-3,frozen Top-3 for canonical H150 bank; seed=20261013,761,1056,0.7206439393939394,proportion,MATERIALIZED_FROZEN_VALUE,EVAL_V02_CHAPTER_87,3ddb7a0e80d8bfa20b985655f03d6ab65470b40f0738093413909b6584aee941,1056,67,paired seed/bank for descriptive sensitivity; SERIE remains the metric denominator within run,10 paired seeds; same 1056 EVAL series and 67 DAM repeated in every run,outputs/evaluation/exp11b_historical_retrieval_h150_h200_v0.1/exp11b_retrieval_metrics_by_bank_v0.1.csv,49d5598e0699c12c14ed62235020b09e649ec93e,0fee9b6df096a4f827906deb8f5a7b938ee07f9b977e21ee55c5b5594999747d,main=366bf529c29cb999bfd043db33674a510ba184c7; main=a33fc7e10b5bc25a053e982f0ff24ff60eda042f; EXP11B execution_head=ea4bc0bde3246b40a25453dabeef5d571cf7c021,outputs/evaluation/exp11b_historical_retrieval_h150_h200_v0.1/exp11b_retrieval_case_level_v0.1.csv,146687bd963afae75e39c2f23cc5dfeb36089138,EXP11B_H150_H200_PAIRED_SENSITIVITY:Top-3,none inferential; descriptive paired-seed H150/H200 sensitivity,not assigned,DESCRIPTIVE_ONLY,not applicable because no inferential decision is authorized,H150/H200 paired by seed; current seed=20261013; repeated EVAL is not independent,retain paired-seed descriptive differences and frozen summaries only; no inferential interval,10 x 1056 independent observations | invented seed superpopulation | isolated causal bank-size effect | split 3000/1006,only ten approved paired banks; repeated benchmark and coupled bank composition,
G3F02-0396,EXP11B_H150_H200_PAIRED_SENSITIVITY,historical-bank sensitivity supporting interpretation boundaries,EXP-11B,DESCRIPTIVE_ONLY,DESCRIPTIVE,EXP11B_R06_H150,EXP11B_PAIRED_BANK_SENSITIVITY,Top-5,frozen Top-5 for canonical H150 bank; seed=20261013,868,1056,0.821969696969697,proportion,MATERIALIZED_FROZEN_VALUE,EVAL_V02_CHAPTER_87,3ddb7a0e80d8bfa20b985655f03d6ab65470b40f0738093413909b6584aee941,1056,67,paired seed/bank for descriptive sensitivity; SERIE remains the metric denominator within run,10 paired seeds; same 1056 EVAL series and 67 DAM repeated in every run,outputs/evaluation/exp11b_historical_retrieval_h150_h200_v0.1/exp11b_retrieval_metrics_by_bank_v0.1.csv,49d5598e0699c12c14ed62235020b09e649ec93e,0fee9b6df096a4f827906deb8f5a7b938ee07f9b977e21ee55c5b5594999747d,main=366bf529c29cb999bfd043db33674a510ba184c7; main=a33fc7e10b5bc25a053e982f0ff24ff60eda042f; EXP11B execution_head=ea4bc0bde3246b40a25453dabeef5d571cf7c021,outputs/evaluation/exp11b_historical_retrieval_h150_h200_v0.1/exp11b_retrieval_case_level_v0.1.csv,146687bd963afae75e39c2f23cc5dfeb36089138,EXP11B_H150_H200_PAIRED_SENSITIVITY:Top-5,none inferential; descriptive paired-seed H150/H200 sensitivity,not assigned,DESCRIPTIVE_ONLY,not applicable because no inferential decision is authorized,H150/H200 paired by seed; current seed=20261013; repeated EVAL is not independent,retain paired-seed descriptive differences and frozen summaries only; no inferential interval,10 x 1056 independent observations | invented seed superpopulation | isolated causal bank-size effect | split 3000/1006,only ten approved paired banks; repeated benchmark and coupled bank composition,
G3F02-0397,EXP11B_H150_H200_PAIRED_SENSITIVITY,historical-bank sensitivity supporting interpretation boundaries,EXP-11B,DESCRIPTIVE_ONLY,DESCRIPTIVE,EXP11B_R06_H150,EXP11B_PAIRED_BANK_SENSITIVITY,Top-10,frozen Top-10 for canonical H150 bank; seed=20261013,968,1056,0.9166666666666666,proportion,MATERIALIZED_FROZEN_VALUE,EVAL_V02_CHAPTER_87,3ddb7a0e80d8bfa20b985655f03d6ab65470b40f0738093413909b6584aee941,1056,67,paired seed/bank for descriptive sensitivity; SERIE remains the metric denominator within run,10 paired seeds; same 1056 EVAL series and 67 DAM repeated in every run,outputs/evaluation/exp11b_historical_retrieval_h150_h200_v0.1/exp11b_retrieval_metrics_by_bank_v0.1.csv,49d5598e0699c12c14ed62235020b09e649ec93e,0fee9b6df096a4f827906deb8f5a7b938ee07f9b977e21ee55c5b5594999747d,main=366bf529c29cb999bfd043db33674a510ba184c7; main=a33fc7e10b5bc25a053e982f0ff24ff60eda042f; EXP11B execution_head=ea4bc0bde3246b40a25453dabeef5d571cf7c021,outputs/evaluation/exp11b_historical_retrieval_h150_h200_v0.1/exp11b_retrieval_case_level_v0.1.csv,146687bd963afae75e39c2f23cc5dfeb36089138,EXP11B_H150_H200_PAIRED_SENSITIVITY:Top-10,none inferential; descriptive paired-seed H150/H200 sensitivity,not assigned,DESCRIPTIVE_ONLY,not applicable because no inferential decision is authorized,H150/H200 paired by seed; current seed=20261013; repeated EVAL is not independent,retain paired-seed descriptive differences and frozen summaries only; no inferential interval,10 x 1056 independent observations | invented seed superpopulation | isolated causal bank-size effect | split 3000/1006,only ten approved paired banks; repeated benchmark and coupled bank composition,
G3F02-0398,EXP11B_H150_H200_PAIRED_SENSITIVITY,historical-bank sensitivity supporting interpretation boundaries,EXP-11B,DESCRIPTIVE_ONLY,DESCRIPTIVE,EXP11B_R06_H150,EXP11B_PAIRED_BANK_SENSITIVITY,Top-50,frozen Top-50 for canonical H150 bank; seed=20261013,1042,1056,0.9867424242424242,proportion,MATERIALIZED_FROZEN_VALUE,EVAL_V02_CHAPTER_87,3ddb7a0e80d8bfa20b985655f03d6ab65470b40f0738093413909b6584aee941,1056,67,paired seed/bank for descriptive sensitivity; SERIE remains the metric denominator within run,10 paired seeds; same 1056 EVAL series and 67 DAM repeated in every run,outputs/evaluation/exp11b_historical_retrieval_h150_h200_v0.1/exp11b_retrieval_metrics_by_bank_v0.1.csv,49d5598e0699c12c14ed62235020b09e649ec93e,0fee9b6df096a4f827906deb8f5a7b938ee07f9b977e21ee55c5b5594999747d,main=366bf529c29cb999bfd043db33674a510ba184c7; main=a33fc7e10b5bc25a053e982f0ff24ff60eda042f; EXP11B execution_head=ea4bc0bde3246b40a25453dabeef5d571cf7c021,outputs/evaluation/exp11b_historical_retrieval_h150_h200_v0.1/exp11b_retrieval_case_level_v0.1.csv,146687bd963afae75e39c2f23cc5dfeb36089138,EXP11B_H150_H200_PAIRED_SENSITIVITY:Top-50,none inferential; descriptive paired-seed H150/H200 sensitivity,not assigned,DESCRIPTIVE_ONLY,not applicable because no inferential decision is authorized,H150/H200 paired by seed; current seed=20261013; repeated EVAL is not independent,retain paired-seed descriptive differences and frozen summaries only; no inferential interval,10 x 1056 independent observations | invented seed superpopulation | isolated causal bank-size effect | split 3000/1006,only ten approved paired banks; repeated benchmark and coupled bank composition,
G3F02-0399,EXP11B_H150_H200_PAIRED_SENSITIVITY,historical-bank sensitivity supporting interpretation boundaries,EXP-11B,DESCRIPTIVE_ONLY,DESCRIPTIVE,EXP11B_R06_H150,EXP11B_PAIRED_BANK_SENSITIVITY,MRR@100,frozen MRR@100 for canonical H150 bank; seed=20261013,693.7334056941604,1056,0.656944512967955,mean_reciprocal_rank,MATERIALIZED_FROZEN_VALUE,EVAL_V02_CHAPTER_87,3ddb7a0e80d8bfa20b985655f03d6ab65470b40f0738093413909b6584aee941,1056,67,paired seed/bank for descriptive sensitivity; SERIE remains the metric denominator within run,10 paired seeds; same 1056 EVAL series and 67 DAM repeated in every run,outputs/evaluation/exp11b_historical_retrieval_h150_h200_v0.1/exp11b_retrieval_metrics_by_bank_v0.1.csv,49d5598e0699c12c14ed62235020b09e649ec93e,0fee9b6df096a4f827906deb8f5a7b938ee07f9b977e21ee55c5b5594999747d,main=366bf529c29cb999bfd043db33674a510ba184c7; main=a33fc7e10b5bc25a053e982f0ff24ff60eda042f; EXP11B execution_head=ea4bc0bde3246b40a25453dabeef5d571cf7c021,outputs/evaluation/exp11b_historical_retrieval_h150_h200_v0.1/exp11b_retrieval_case_level_v0.1.csv,146687bd963afae75e39c2f23cc5dfeb36089138,EXP11B_H150_H200_PAIRED_SENSITIVITY:MRR@100,none inferential; descriptive paired-seed H150/H200 sensitivity,not assigned,DESCRIPTIVE_ONLY,not applicable because no inferential decision is authorized,H150/H200 paired by seed; current seed=20261013; repeated EVAL is not independent,retain paired-seed descriptive differences and frozen summaries only; no inferential interval,10 x 1056 independent observations | invented seed superpopulation | isolated causal bank-size effect | split 3000/1006,only ten approved paired banks; repeated benchmark and coupled bank composition,
G3F02-0400,EXP11B_H150_H200_PAIRED_SENSITIVITY,historical-bank sensitivity supporting interpretation boundaries,EXP-11B,DESCRIPTIVE_ONLY,DESCRIPTIVE,EXP11B_R06_H200,EXP11B_PAIRED_BANK_SENSITIVITY,Top-1,frozen Top-1 for canonical H200 bank; seed=20261013,537,1056,0.5085227272727273,proportion,MATERIALIZED_FROZEN_VALUE,EVAL_V02_CHAPTER_87,3ddb7a0e80d8bfa20b985655f03d6ab65470b40f0738093413909b6584aee941,1056,67,paired seed/bank for descriptive sensitivity; SERIE remains the metric denominator within run,10 paired seeds; same 1056 EVAL series and 67 DAM repeated in every run,outputs/evaluation/exp11b_historical_retrieval_h150_h200_v0.1/exp11b_retrieval_metrics_by_bank_v0.1.csv,49d5598e0699c12c14ed62235020b09e649ec93e,0fee9b6df096a4f827906deb8f5a7b938ee07f9b977e21ee55c5b5594999747d,main=366bf529c29cb999bfd043db33674a510ba184c7; main=a33fc7e10b5bc25a053e982f0ff24ff60eda042f; EXP11B execution_head=ea4bc0bde3246b40a25453dabeef5d571cf7c021,outputs/evaluation/exp11b_historical_retrieval_h150_h200_v0.1/exp11b_retrieval_case_level_v0.1.csv,146687bd963afae75e39c2f23cc5dfeb36089138,EXP11B_H150_H200_PAIRED_SENSITIVITY:Top-1,none inferential; descriptive paired-seed H150/H200 sensitivity,not assigned,DESCRIPTIVE_ONLY,not applicable because no inferential decision is authorized,H150/H200 paired by seed; current seed=20261013; repeated EVAL is not independent,retain paired-seed descriptive differences and frozen summaries only; no inferential interval,10 x 1056 independent observations | invented seed superpopulation | isolated causal bank-size effect | split 3000/1006,only ten approved paired banks; repeated benchmark and coupled bank composition,
G3F02-0401,EXP11B_H150_H200_PAIRED_SENSITIVITY,historical-bank sensitivity supporting interpretation boundaries,EXP-11B,DESCRIPTIVE_ONLY,DESCRIPTIVE,EXP11B_R06_H200,EXP11B_PAIRED_BANK_SENSITIVITY,Top-3,frozen Top-3 for canonical H200 bank; seed=20261013,735,1056,0.6960227272727273,proportion,MATERIALIZED_FROZEN_VALUE,EVAL_V02_CHAPTER_87,3ddb7a0e80d8bfa20b985655f03d6ab65470b40f0738093413909b6584aee941,1056,67,paired seed/bank for descriptive sensitivity; SERIE remains the metric denominator within run,10 paired seeds; same 1056 EVAL series and 67 DAM repeated in every run,outputs/evaluation/exp11b_historical_retrieval_h150_h200_v0.1/exp11b_retrieval_metrics_by_bank_v0.1.csv,49d5598e0699c12c14ed62235020b09e649ec93e,0fee9b6df096a4f827906deb8f5a7b938ee07f9b977e21ee55c5b5594999747d,main=366bf529c29cb999bfd043db33674a510ba184c7; main=a33fc7e10b5bc25a053e982f0ff24ff60eda042f; EXP11B execution_head=ea4bc0bde3246b40a25453dabeef5d571cf7c021,outputs/evaluation/exp11b_historical_retrieval_h150_h200_v0.1/exp11b_retrieval_case_level_v0.1.csv,146687bd963afae75e39c2f23cc5dfeb36089138,EXP11B_H150_H200_PAIRED_SENSITIVITY:Top-3,none inferential; descriptive paired-seed H150/H200 sensitivity,not assigned,DESCRIPTIVE_ONLY,not applicable because no inferential decision is authorized,H150/H200 paired by seed; current seed=20261013; repeated EVAL is not independent,retain paired-seed descriptive differences and frozen summaries only; no inferential interval,10 x 1056 independent observations | invented seed superpopulation | isolated causal bank-size effect | split 3000/1006,only ten approved paired banks; repeated benchmark and coupled bank composition,
G3F02-0402,EXP11B_H150_H200_PAIRED_SENSITIVITY,historical-bank sensitivity supporting interpretation boundaries,EXP-11B,DESCRIPTIVE_ONLY,DESCRIPTIVE,EXP11B_R06_H200,EXP11B_PAIRED_BANK_SENSITIVITY,Top-5,frozen Top-5 for canonical H200 bank; seed=20261013,852,1056,0.8068181818181818,proportion,MATERIALIZED_FROZEN_VALUE,EVAL_V02_CHAPTER_87,3ddb7a0e80d8bfa20b985655f03d6ab65470b40f0738093413909b6584aee941,1056,67,paired seed/bank for descriptive sensitivity; SERIE remains the metric denominator within run,10 paired seeds; same 1056 EVAL series and 67 DAM repeated in every run,outputs/evaluation/exp11b_historical_retrieval_h150_h200_v0.1/exp11b_retrieval_metrics_by_bank_v0.1.csv,49d5598e0699c12c14ed62235020b09e649ec93e,0fee9b6df096a4f827906deb8f5a7b938ee07f9b977e21ee55c5b5594999747d,main=366bf529c29cb999bfd043db33674a510ba184c7; main=a33fc7e10b5bc25a053e982f0ff24ff60eda042f; EXP11B execution_head=ea4bc0bde3246b40a25453dabeef5d571cf7c021,outputs/evaluation/exp11b_historical_retrieval_h150_h200_v0.1/exp11b_retrieval_case_level_v0.1.csv,146687bd963afae75e39c2f23cc5dfeb36089138,EXP11B_H150_H200_PAIRED_SENSITIVITY:Top-5,none inferential; descriptive paired-seed H150/H200 sensitivity,not assigned,DESCRIPTIVE_ONLY,not applicable because no inferential decision is authorized,H150/H200 paired by seed; current seed=20261013; repeated EVAL is not independent,retain paired-seed descriptive differences and frozen summaries only; no inferential interval,10 x 1056 independent observations | invented seed superpopulation | isolated causal bank-size effect | split 3000/1006,only ten approved paired banks; repeated benchmark and coupled bank composition,
G3F02-0403,EXP11B_H150_H200_PAIRED_SENSITIVITY,historical-bank sensitivity supporting interpretation boundaries,EXP-11B,DESCRIPTIVE_ONLY,DESCRIPTIVE,EXP11B_R06_H200,EXP11B_PAIRED_BANK_SENSITIVITY,Top-10,frozen Top-10 for canonical H200 bank; seed=20261013,960,1056,0.9090909090909091,proportion,MATERIALIZED_FROZEN_VALUE,EVAL_V02_CHAPTER_87,3ddb7a0e80d8bfa20b985655f03d6ab65470b40f0738093413909b6584aee941,1056,67,paired seed/bank for descriptive sensitivity; SERIE remains the metric denominator within run,10 paired seeds; same 1056 EVAL series and 67 DAM repeated in every run,outputs/evaluation/exp11b_historical_retrieval_h150_h200_v0.1/exp11b_retrieval_metrics_by_bank_v0.1.csv,49d5598e0699c12c14ed62235020b09e649ec93e,0fee9b6df096a4f827906deb8f5a7b938ee07f9b977e21ee55c5b5594999747d,main=366bf529c29cb999bfd043db33674a510ba184c7; main=a33fc7e10b5bc25a053e982f0ff24ff60eda042f; EXP11B execution_head=ea4bc0bde3246b40a25453dabeef5d571cf7c021,outputs/evaluation/exp11b_historical_retrieval_h150_h200_v0.1/exp11b_retrieval_case_level_v0.1.csv,146687bd963afae75e39c2f23cc5dfeb36089138,EXP11B_H150_H200_PAIRED_SENSITIVITY:Top-10,none inferential; descriptive paired-seed H150/H200 sensitivity,not assigned,DESCRIPTIVE_ONLY,not applicable because no inferential decision is authorized,H150/H200 paired by seed; current seed=20261013; repeated EVAL is not independent,retain paired-seed descriptive differences and frozen summaries only; no inferential interval,10 x 1056 independent observations | invented seed superpopulation | isolated causal bank-size effect | split 3000/1006,only ten approved paired banks; repeated benchmark and coupled bank composition,
G3F02-0404,EXP11B_H150_H200_PAIRED_SENSITIVITY,historical-bank sensitivity supporting interpretation boundaries,EXP-11B,DESCRIPTIVE_ONLY,DESCRIPTIVE,EXP11B_R06_H200,EXP11B_PAIRED_BANK_SENSITIVITY,Top-50,frozen Top-50 for canonical H200 bank; seed=20261013,1042,1056,0.9867424242424242,proportion,MATERIALIZED_FROZEN_VALUE,EVAL_V02_CHAPTER_87,3ddb7a0e80d8bfa20b985655f03d6ab65470b40f0738093413909b6584aee941,1056,67,paired seed/bank for descriptive sensitivity; SERIE remains the metric denominator within run,10 paired seeds; same 1056 EVAL series and 67 DAM repeated in every run,outputs/evaluation/exp11b_historical_retrieval_h150_h200_v0.1/exp11b_retrieval_metrics_by_bank_v0.1.csv,49d5598e0699c12c14ed62235020b09e649ec93e,0fee9b6df096a4f827906deb8f5a7b938ee07f9b977e21ee55c5b5594999747d,main=366bf529c29cb999bfd043db33674a510ba184c7; main=a33fc7e10b5bc25a053e982f0ff24ff60eda042f; EXP11B execution_head=ea4bc0bde3246b40a25453dabeef5d571cf7c021,outputs/evaluation/exp11b_historical_retrieval_h150_h200_v0.1/exp11b_retrieval_case_level_v0.1.csv,146687bd963afae75e39c2f23cc5dfeb36089138,EXP11B_H150_H200_PAIRED_SENSITIVITY:Top-50,none inferential; descriptive paired-seed H150/H200 sensitivity,not assigned,DESCRIPTIVE_ONLY,not applicable because no inferential decision is authorized,H150/H200 paired by seed; current seed=20261013; repeated EVAL is not independent,retain paired-seed descriptive differences and frozen summaries only; no inferential interval,10 x 1056 independent observations | invented seed superpopulation | isolated causal bank-size effect | split 3000/1006,only ten approved paired banks; repeated benchmark and coupled bank composition,
G3F02-0405,EXP11B_H150_H200_PAIRED_SENSITIVITY,historical-bank sensitivity supporting interpretation boundaries,EXP-11B,DESCRIPTIVE_ONLY,DESCRIPTIVE,EXP11B_R06_H200,EXP11B_PAIRED_BANK_SENSITIVITY,MRR@100,frozen MRR@100 for canonical H200 bank; seed=20261013,670.3350298167438,1056,0.6347869600537347,mean_reciprocal_rank,MATERIALIZED_FROZEN_VALUE,EVAL_V02_CHAPTER_87,3ddb7a0e80d8bfa20b985655f03d6ab65470b40f0738093413909b6584aee941,1056,67,paired seed/bank for descriptive sensitivity; SERIE remains the metric denominator within run,10 paired seeds; same 1056 EVAL series and 67 DAM repeated in every run,outputs/evaluation/exp11b_historical_retrieval_h150_h200_v0.1/exp11b_retrieval_metrics_by_bank_v0.1.csv,49d5598e0699c12c14ed62235020b09e649ec93e,0fee9b6df096a4f827906deb8f5a7b938ee07f9b977e21ee55c5b5594999747d,main=366bf529c29cb999bfd043db33674a510ba184c7; main=a33fc7e10b5bc25a053e982f0ff24ff60eda042f; EXP11B execution_head=ea4bc0bde3246b40a25453dabeef5d571cf7c021,outputs/evaluation/exp11b_historical_retrieval_h150_h200_v0.1/exp11b_retrieval_case_level_v0.1.csv,146687bd963afae75e39c2f23cc5dfeb36089138,EXP11B_H150_H200_PAIRED_SENSITIVITY:MRR@100,none inferential; descriptive paired-seed H150/H200 sensitivity,not assigned,DESCRIPTIVE_ONLY,not applicable because no inferential decision is authorized,H150/H200 paired by seed; current seed=20261013; repeated EVAL is not independent,retain paired-seed descriptive differences and frozen summaries only; no inferential interval,10 x 1056 independent observations | invented seed superpopulation | isolated causal bank-size effect | split 3000/1006,only ten approved paired banks; repeated benchmark and coupled bank composition,
G3F02-0406,EXP11B_H150_H200_PAIRED_SENSITIVITY,historical-bank sensitivity supporting interpretation boundaries,EXP-11B,DESCRIPTIVE_ONLY,DESCRIPTIVE,EXP11B_R07_H150,EXP11B_PAIRED_BANK_SENSITIVITY,Top-1,frozen Top-1 for canonical H150 bank; seed=20261017,534,1056,0.5056818181818182,proportion,MATERIALIZED_FROZEN_VALUE,EVAL_V02_CHAPTER_87,3ddb7a0e80d8bfa20b985655f03d6ab65470b40f0738093413909b6584aee941,1056,67,paired seed/bank for descriptive sensitivity; SERIE remains the metric denominator within run,10 paired seeds; same 1056 EVAL series and 67 DAM repeated in every run,outputs/evaluation/exp11b_historical_retrieval_h150_h200_v0.1/exp11b_retrieval_metrics_by_bank_v0.1.csv,49d5598e0699c12c14ed62235020b09e649ec93e,0fee9b6df096a4f827906deb8f5a7b938ee07f9b977e21ee55c5b5594999747d,main=366bf529c29cb999bfd043db33674a510ba184c7; main=a33fc7e10b5bc25a053e982f0ff24ff60eda042f; EXP11B execution_head=ea4bc0bde3246b40a25453dabeef5d571cf7c021,outputs/evaluation/exp11b_historical_retrieval_h150_h200_v0.1/exp11b_retrieval_case_level_v0.1.csv,146687bd963afae75e39c2f23cc5dfeb36089138,EXP11B_H150_H200_PAIRED_SENSITIVITY:Top-1,none inferential; descriptive paired-seed H150/H200 sensitivity,not assigned,DESCRIPTIVE_ONLY,not applicable because no inferential decision is authorized,H150/H200 paired by seed; current seed=20261017; repeated EVAL is not independent,retain paired-seed descriptive differences and frozen summaries only; no inferential interval,10 x 1056 independent observations | invented seed superpopulation | isolated causal bank-size effect | split 3000/1006,only ten approved paired banks; repeated benchmark and coupled bank composition,
G3F02-0407,EXP11B_H150_H200_PAIRED_SENSITIVITY,historical-bank sensitivity supporting interpretation boundaries,EXP-11B,DESCRIPTIVE_ONLY,DESCRIPTIVE,EXP11B_R07_H150,EXP11B_PAIRED_BANK_SENSITIVITY,Top-3,frozen Top-3 for canonical H150 bank; seed=20261017,700,1056,0.6628787878787878,proportion,MATERIALIZED_FROZEN_VALUE,EVAL_V02_CHAPTER_87,3ddb7a0e80d8bfa20b985655f03d6ab65470b40f0738093413909b6584aee941,1056,67,paired seed/bank for descriptive sensitivity; SERIE remains the metric denominator within run,10 paired seeds; same 1056 EVAL series and 67 DAM repeated in every run,outputs/evaluation/exp11b_historical_retrieval_h150_h200_v0.1/exp11b_retrieval_metrics_by_bank_v0.1.csv,49d5598e0699c12c14ed62235020b09e649ec93e,0fee9b6df096a4f827906deb8f5a7b938ee07f9b977e21ee55c5b5594999747d,main=366bf529c29cb999bfd043db33674a510ba184c7; main=a33fc7e10b5bc25a053e982f0ff24ff60eda042f; EXP11B execution_head=ea4bc0bde3246b40a25453dabeef5d571cf7c021,outputs/evaluation/exp11b_historical_retrieval_h150_h200_v0.1/exp11b_retrieval_case_level_v0.1.csv,146687bd963afae75e39c2f23cc5dfeb36089138,EXP11B_H150_H200_PAIRED_SENSITIVITY:Top-3,none inferential; descriptive paired-seed H150/H200 sensitivity,not assigned,DESCRIPTIVE_ONLY,not applicable because no inferential decision is authorized,H150/H200 paired by seed; current seed=20261017; repeated EVAL is not independent,retain paired-seed descriptive differences and frozen summaries only; no inferential interval,10 x 1056 independent observations | invented seed superpopulation | isolated causal bank-size effect | split 3000/1006,only ten approved paired banks; repeated benchmark and coupled bank composition,
G3F02-0408,EXP11B_H150_H200_PAIRED_SENSITIVITY,historical-bank sensitivity supporting interpretation boundaries,EXP-11B,DESCRIPTIVE_ONLY,DESCRIPTIVE,EXP11B_R07_H150,EXP11B_PAIRED_BANK_SENSITIVITY,Top-5,frozen Top-5 for canonical H150 bank; seed=20261017,831,1056,0.7869318181818182,proportion,MATERIALIZED_FROZEN_VALUE,EVAL_V02_CHAPTER_87,3ddb7a0e80d8bfa20b985655f03d6ab65470b40f0738093413909b6584aee941,1056,67,paired seed/bank for descriptive sensitivity; SERIE remains the metric denominator within run,10 paired seeds; same 1056 EVAL series and 67 DAM repeated in every run,outputs/evaluation/exp11b_historical_retrieval_h150_h200_v0.1/exp11b_retrieval_metrics_by_bank_v0.1.csv,49d5598e0699c12c14ed62235020b09e649ec93e,0fee9b6df096a4f827906deb8f5a7b938ee07f9b977e21ee55c5b5594999747d,main=366bf529c29cb999bfd043db33674a510ba184c7; main=a33fc7e10b5bc25a053e982f0ff24ff60eda042f; EXP11B execution_head=ea4bc0bde3246b40a25453dabeef5d571cf7c021,outputs/evaluation/exp11b_historical_retrieval_h150_h200_v0.1/exp11b_retrieval_case_level_v0.1.csv,146687bd963afae75e39c2f23cc5dfeb36089138,EXP11B_H150_H200_PAIRED_SENSITIVITY:Top-5,none inferential; descriptive paired-seed H150/H200 sensitivity,not assigned,DESCRIPTIVE_ONLY,not applicable because no inferential decision is authorized,H150/H200 paired by seed; current seed=20261017; repeated EVAL is not independent,retain paired-seed descriptive differences and frozen summaries only; no inferential interval,10 x 1056 independent observations | invented seed superpopulation | isolated causal bank-size effect | split 3000/1006,only ten approved paired banks; repeated benchmark and coupled bank composition,
G3F02-0409,EXP11B_H150_H200_PAIRED_SENSITIVITY,historical-bank sensitivity supporting interpretation boundaries,EXP-11B,DESCRIPTIVE_ONLY,DESCRIPTIVE,EXP11B_R07_H150,EXP11B_PAIRED_BANK_SENSITIVITY,Top-10,frozen Top-10 for canonical H150 bank; seed=20261017,936,1056,0.8863636363636364,proportion,MATERIALIZED_FROZEN_VALUE,EVAL_V02_CHAPTER_87,3ddb7a0e80d8bfa20b985655f03d6ab65470b40f0738093413909b6584aee941,1056,67,paired seed/bank for descriptive sensitivity; SERIE remains the metric denominator within run,10 paired seeds; same 1056 EVAL series and 67 DAM repeated in every run,outputs/evaluation/exp11b_historical_retrieval_h150_h200_v0.1/exp11b_retrieval_metrics_by_bank_v0.1.csv,49d5598e0699c12c14ed62235020b09e649ec93e,0fee9b6df096a4f827906deb8f5a7b938ee07f9b977e21ee55c5b5594999747d,main=366bf529c29cb999bfd043db33674a510ba184c7; main=a33fc7e10b5bc25a053e982f0ff24ff60eda042f; EXP11B execution_head=ea4bc0bde3246b40a25453dabeef5d571cf7c021,outputs/evaluation/exp11b_historical_retrieval_h150_h200_v0.1/exp11b_retrieval_case_level_v0.1.csv,146687bd963afae75e39c2f23cc5dfeb36089138,EXP11B_H150_H200_PAIRED_SENSITIVITY:Top-10,none inferential; descriptive paired-seed H150/H200 sensitivity,not assigned,DESCRIPTIVE_ONLY,not applicable because no inferential decision is authorized,H150/H200 paired by seed; current seed=20261017; repeated EVAL is not independent,retain paired-seed descriptive differences and frozen summaries only; no inferential interval,10 x 1056 independent observations | invented seed superpopulation | isolated causal bank-size effect | split 3000/1006,only ten approved paired banks; repeated benchmark and coupled bank composition,
G3F02-0410,EXP11B_H150_H200_PAIRED_SENSITIVITY,historical-bank sensitivity supporting interpretation boundaries,EXP-11B,DESCRIPTIVE_ONLY,DESCRIPTIVE,EXP11B_R07_H150,EXP11B_PAIRED_BANK_SENSITIVITY,Top-50,frozen Top-50 for canonical H150 bank; seed=20261017,1040,1056,0.9848484848484849,proportion,MATERIALIZED_FROZEN_VALUE,EVAL_V02_CHAPTER_87,3ddb7a0e80d8bfa20b985655f03d6ab65470b40f0738093413909b6584aee941,1056,67,paired seed/bank for descriptive sensitivity; SERIE remains the metric denominator within run,10 paired seeds; same 1056 EVAL series and 67 DAM repeated in every run,outputs/evaluation/exp11b_historical_retrieval_h150_h200_v0.1/exp11b_retrieval_metrics_by_bank_v0.1.csv,49d5598e0699c12c14ed62235020b09e649ec93e,0fee9b6df096a4f827906deb8f5a7b938ee07f9b977e21ee55c5b5594999747d,main=366bf529c29cb999bfd043db33674a510ba184c7; main=a33fc7e10b5bc25a053e982f0ff24ff60eda042f; EXP11B execution_head=ea4bc0bde3246b40a25453dabeef5d571cf7c021,outputs/evaluation/exp11b_historical_retrieval_h150_h200_v0.1/exp11b_retrieval_case_level_v0.1.csv,146687bd963afae75e39c2f23cc5dfeb36089138,EXP11B_H150_H200_PAIRED_SENSITIVITY:Top-50,none inferential; descriptive paired-seed H150/H200 sensitivity,not assigned,DESCRIPTIVE_ONLY,not applicable because no inferential decision is authorized,H150/H200 paired by seed; current seed=20261017; repeated EVAL is not independent,retain paired-seed descriptive differences and frozen summaries only; no inferential interval,10 x 1056 independent observations | invented seed superpopulation | isolated causal bank-size effect | split 3000/1006,only ten approved paired banks; repeated benchmark and coupled bank composition,
G3F02-0411,EXP11B_H150_H200_PAIRED_SENSITIVITY,historical-bank sensitivity supporting interpretation boundaries,EXP-11B,DESCRIPTIVE_ONLY,DESCRIPTIVE,EXP11B_R07_H150,EXP11B_PAIRED_BANK_SENSITIVITY,MRR@100,frozen MRR@100 for canonical H150 bank; seed=20261017,656.4074598361433,1056,0.6215979733296811,mean_reciprocal_rank,MATERIALIZED_FROZEN_VALUE,EVAL_V02_CHAPTER_87,3ddb7a0e80d8bfa20b985655f03d6ab65470b40f0738093413909b6584aee941,1056,67,paired seed/bank for descriptive sensitivity; SERIE remains the metric denominator within run,10 paired seeds; same 1056 EVAL series and 67 DAM repeated in every run,outputs/evaluation/exp11b_historical_retrieval_h150_h200_v0.1/exp11b_retrieval_metrics_by_bank_v0.1.csv,49d5598e0699c12c14ed62235020b09e649ec93e,0fee9b6df096a4f827906deb8f5a7b938ee07f9b977e21ee55c5b5594999747d,main=366bf529c29cb999bfd043db33674a510ba184c7; main=a33fc7e10b5bc25a053e982f0ff24ff60eda042f; EXP11B execution_head=ea4bc0bde3246b40a25453dabeef5d571cf7c021,outputs/evaluation/exp11b_historical_retrieval_h150_h200_v0.1/exp11b_retrieval_case_level_v0.1.csv,146687bd963afae75e39c2f23cc5dfeb36089138,EXP11B_H150_H200_PAIRED_SENSITIVITY:MRR@100,none inferential; descriptive paired-seed H150/H200 sensitivity,not assigned,DESCRIPTIVE_ONLY,not applicable because no inferential decision is authorized,H150/H200 paired by seed; current seed=20261017; repeated EVAL is not independent,retain paired-seed descriptive differences and frozen summaries only; no inferential interval,10 x 1056 independent observations | invented seed superpopulation | isolated causal bank-size effect | split 3000/1006,only ten approved paired banks; repeated benchmark and coupled bank composition,
G3F02-0412,EXP11B_H150_H200_PAIRED_SENSITIVITY,historical-bank sensitivity supporting interpretation boundaries,EXP-11B,DESCRIPTIVE_ONLY,DESCRIPTIVE,EXP11B_R07_H200,EXP11B_PAIRED_BANK_SENSITIVITY,Top-1,frozen Top-1 for canonical H200 bank; seed=20261017,534,1056,0.5056818181818182,proportion,MATERIALIZED_FROZEN_VALUE,EVAL_V02_CHAPTER_87,3ddb7a0e80d8bfa20b985655f03d6ab65470b40f0738093413909b6584aee941,1056,67,paired seed/bank for descriptive sensitivity; SERIE remains the metric denominator within run,10 paired seeds; same 1056 EVAL series and 67 DAM repeated in every run,outputs/evaluation/exp11b_historical_retrieval_h150_h200_v0.1/exp11b_retrieval_metrics_by_bank_v0.1.csv,49d5598e0699c12c14ed62235020b09e649ec93e,0fee9b6df096a4f827906deb8f5a7b938ee07f9b977e21ee55c5b5594999747d,main=366bf529c29cb999bfd043db33674a510ba184c7; main=a33fc7e10b5bc25a053e982f0ff24ff60eda042f; EXP11B execution_head=ea4bc0bde3246b40a25453dabeef5d571cf7c021,outputs/evaluation/exp11b_historical_retrieval_h150_h200_v0.1/exp11b_retrieval_case_level_v0.1.csv,146687bd963afae75e39c2f23cc5dfeb36089138,EXP11B_H150_H200_PAIRED_SENSITIVITY:Top-1,none inferential; descriptive paired-seed H150/H200 sensitivity,not assigned,DESCRIPTIVE_ONLY,not applicable because no inferential decision is authorized,H150/H200 paired by seed; current seed=20261017; repeated EVAL is not independent,retain paired-seed descriptive differences and frozen summaries only; no inferential interval,10 x 1056 independent observations | invented seed superpopulation | isolated causal bank-size effect | split 3000/1006,only ten approved paired banks; repeated benchmark and coupled bank composition,
G3F02-0413,EXP11B_H150_H200_PAIRED_SENSITIVITY,historical-bank sensitivity supporting interpretation boundaries,EXP-11B,DESCRIPTIVE_ONLY,DESCRIPTIVE,EXP11B_R07_H200,EXP11B_PAIRED_BANK_SENSITIVITY,Top-3,frozen Top-3 for canonical H200 bank; seed=20261017,743,1056,0.7035984848484849,proportion,MATERIALIZED_FROZEN_VALUE,EVAL_V02_CHAPTER_87,3ddb7a0e80d8bfa20b985655f03d6ab65470b40f0738093413909b6584aee941,1056,67,paired seed/bank for descriptive sensitivity; SERIE remains the metric denominator within run,10 paired seeds; same 1056 EVAL series and 67 DAM repeated in every run,outputs/evaluation/exp11b_historical_retrieval_h150_h200_v0.1/exp11b_retrieval_metrics_by_bank_v0.1.csv,49d5598e0699c12c14ed62235020b09e649ec93e,0fee9b6df096a4f827906deb8f5a7b938ee07f9b977e21ee55c5b5594999747d,main=366bf529c29cb999bfd043db33674a510ba184c7; main=a33fc7e10b5bc25a053e982f0ff24ff60eda042f; EXP11B execution_head=ea4bc0bde3246b40a25453dabeef5d571cf7c021,outputs/evaluation/exp11b_historical_retrieval_h150_h200_v0.1/exp11b_retrieval_case_level_v0.1.csv,146687bd963afae75e39c2f23cc5dfeb36089138,EXP11B_H150_H200_PAIRED_SENSITIVITY:Top-3,none inferential; descriptive paired-seed H150/H200 sensitivity,not assigned,DESCRIPTIVE_ONLY,not applicable because no inferential decision is authorized,H150/H200 paired by seed; current seed=20261017; repeated EVAL is not independent,retain paired-seed descriptive differences and frozen summaries only; no inferential interval,10 x 1056 independent observations | invented seed superpopulation | isolated causal bank-size effect | split 3000/1006,only ten approved paired banks; repeated benchmark and coupled bank composition,
G3F02-0414,EXP11B_H150_H200_PAIRED_SENSITIVITY,historical-bank sensitivity supporting interpretation boundaries,EXP-11B,DESCRIPTIVE_ONLY,DESCRIPTIVE,EXP11B_R07_H200,EXP11B_PAIRED_BANK_SENSITIVITY,Top-5,frozen Top-5 for canonical H200 bank; seed=20261017,839,1056,0.7945075757575758,proportion,MATERIALIZED_FROZEN_VALUE,EVAL_V02_CHAPTER_87,3ddb7a0e80d8bfa20b985655f03d6ab65470b40f0738093413909b6584aee941,1056,67,paired seed/bank for descriptive sensitivity; SERIE remains the metric denominator within run,10 paired seeds; same 1056 EVAL series and 67 DAM repeated in every run,outputs/evaluation/exp11b_historical_retrieval_h150_h200_v0.1/exp11b_retrieval_metrics_by_bank_v0.1.csv,49d5598e0699c12c14ed62235020b09e649ec93e,0fee9b6df096a4f827906deb8f5a7b938ee07f9b977e21ee55c5b5594999747d,main=366bf529c29cb999bfd043db33674a510ba184c7; main=a33fc7e10b5bc25a053e982f0ff24ff60eda042f; EXP11B execution_head=ea4bc0bde3246b40a25453dabeef5d571cf7c021,outputs/evaluation/exp11b_historical_retrieval_h150_h200_v0.1/exp11b_retrieval_case_level_v0.1.csv,146687bd963afae75e39c2f23cc5dfeb36089138,EXP11B_H150_H200_PAIRED_SENSITIVITY:Top-5,none inferential; descriptive paired-seed H150/H200 sensitivity,not assigned,DESCRIPTIVE_ONLY,not applicable because no inferential decision is authorized,H150/H200 paired by seed; current seed=20261017; repeated EVAL is not independent,retain paired-seed descriptive differences and frozen summaries only; no inferential interval,10 x 1056 independent observations | invented seed superpopulation | isolated causal bank-size effect | split 3000/1006,only ten approved paired banks; repeated benchmark and coupled bank composition,
G3F02-0415,EXP11B_H150_H200_PAIRED_SENSITIVITY,historical-bank sensitivity supporting interpretation boundaries,EXP-11B,DESCRIPTIVE_ONLY,DESCRIPTIVE,EXP11B_R07_H200,EXP11B_PAIRED_BANK_SENSITIVITY,Top-10,frozen Top-10 for canonical H200 bank; seed=20261017,956,1056,0.9053030303030303,proportion,MATERIALIZED_FROZEN_VALUE,EVAL_V02_CHAPTER_87,3ddb7a0e80d8bfa20b985655f03d6ab65470b40f0738093413909b6584aee941,1056,67,paired seed/bank for descriptive sensitivity; SERIE remains the metric denominator within run,10 paired seeds; same 1056 EVAL series and 67 DAM repeated in every run,outputs/evaluation/exp11b_historical_retrieval_h150_h200_v0.1/exp11b_retrieval_metrics_by_bank_v0.1.csv,49d5598e0699c12c14ed62235020b09e649ec93e,0fee9b6df096a4f827906deb8f5a7b938ee07f9b977e21ee55c5b5594999747d,main=366bf529c29cb999bfd043db33674a510ba184c7; main=a33fc7e10b5bc25a053e982f0ff24ff60eda042f; EXP11B execution_head=ea4bc0bde3246b40a25453dabeef5d571cf7c021,outputs/evaluation/exp11b_historical_retrieval_h150_h200_v0.1/exp11b_retrieval_case_level_v0.1.csv,146687bd963afae75e39c2f23cc5dfeb36089138,EXP11B_H150_H200_PAIRED_SENSITIVITY:Top-10,none inferential; descriptive paired-seed H150/H200 sensitivity,not assigned,DESCRIPTIVE_ONLY,not applicable because no inferential decision is authorized,H150/H200 paired by seed; current seed=20261017; repeated EVAL is not independent,retain paired-seed descriptive differences and frozen summaries only; no inferential interval,10 x 1056 independent observations | invented seed superpopulation | isolated causal bank-size effect | split 3000/1006,only ten approved paired banks; repeated benchmark and coupled bank composition,
G3F02-0416,EXP11B_H150_H200_PAIRED_SENSITIVITY,historical-bank sensitivity supporting interpretation boundaries,EXP-11B,DESCRIPTIVE_ONLY,DESCRIPTIVE,EXP11B_R07_H200,EXP11B_PAIRED_BANK_SENSITIVITY,Top-50,frozen Top-50 for canonical H200 bank; seed=20261017,1043,1056,0.9876893939393939,proportion,MATERIALIZED_FROZEN_VALUE,EVAL_V02_CHAPTER_87,3ddb7a0e80d8bfa20b985655f03d6ab65470b40f0738093413909b6584aee941,1056,67,paired seed/bank for descriptive sensitivity; SERIE remains the metric denominator within run,10 paired seeds; same 1056 EVAL series and 67 DAM repeated in every run,outputs/evaluation/exp11b_historical_retrieval_h150_h200_v0.1/exp11b_retrieval_metrics_by_bank_v0.1.csv,49d5598e0699c12c14ed62235020b09e649ec93e,0fee9b6df096a4f827906deb8f5a7b938ee07f9b977e21ee55c5b5594999747d,main=366bf529c29cb999bfd043db33674a510ba184c7; main=a33fc7e10b5bc25a053e982f0ff24ff60eda042f; EXP11B execution_head=ea4bc0bde3246b40a25453dabeef5d571cf7c021,outputs/evaluation/exp11b_historical_retrieval_h150_h200_v0.1/exp11b_retrieval_case_level_v0.1.csv,146687bd963afae75e39c2f23cc5dfeb36089138,EXP11B_H150_H200_PAIRED_SENSITIVITY:Top-50,none inferential; descriptive paired-seed H150/H200 sensitivity,not assigned,DESCRIPTIVE_ONLY,not applicable because no inferential decision is authorized,H150/H200 paired by seed; current seed=20261017; repeated EVAL is not independent,retain paired-seed descriptive differences and frozen summaries only; no inferential interval,10 x 1056 independent observations | invented seed superpopulation | isolated causal bank-size effect | split 3000/1006,only ten approved paired banks; repeated benchmark and coupled bank composition,
G3F02-0417,EXP11B_H150_H200_PAIRED_SENSITIVITY,historical-bank sensitivity supporting interpretation boundaries,EXP-11B,DESCRIPTIVE_ONLY,DESCRIPTIVE,EXP11B_R07_H200,EXP11B_PAIRED_BANK_SENSITIVITY,MRR@100,frozen MRR@100 for canonical H200 bank; seed=20261017,669.2008263838665,1056,0.6337129037726008,mean_reciprocal_rank,MATERIALIZED_FROZEN_VALUE,EVAL_V02_CHAPTER_87,3ddb7a0e80d8bfa20b985655f03d6ab65470b40f0738093413909b6584aee941,1056,67,paired seed/bank for descriptive sensitivity; SERIE remains the metric denominator within run,10 paired seeds; same 1056 EVAL series and 67 DAM repeated in every run,outputs/evaluation/exp11b_historical_retrieval_h150_h200_v0.1/exp11b_retrieval_metrics_by_bank_v0.1.csv,49d5598e0699c12c14ed62235020b09e649ec93e,0fee9b6df096a4f827906deb8f5a7b938ee07f9b977e21ee55c5b5594999747d,main=366bf529c29cb999bfd043db33674a510ba184c7; main=a33fc7e10b5bc25a053e982f0ff24ff60eda042f; EXP11B execution_head=ea4bc0bde3246b40a25453dabeef5d571cf7c021,outputs/evaluation/exp11b_historical_retrieval_h150_h200_v0.1/exp11b_retrieval_case_level_v0.1.csv,146687bd963afae75e39c2f23cc5dfeb36089138,EXP11B_H150_H200_PAIRED_SENSITIVITY:MRR@100,none inferential; descriptive paired-seed H150/H200 sensitivity,not assigned,DESCRIPTIVE_ONLY,not applicable because no inferential decision is authorized,H150/H200 paired by seed; current seed=20261017; repeated EVAL is not independent,retain paired-seed descriptive differences and frozen summaries only; no inferential interval,10 x 1056 independent observations | invented seed superpopulation | isolated causal bank-size effect | split 3000/1006,only ten approved paired banks; repeated benchmark and coupled bank composition,
G3F02-0418,EXP11B_H150_H200_PAIRED_SENSITIVITY,historical-bank sensitivity supporting interpretation boundaries,EXP-11B,DESCRIPTIVE_ONLY,DESCRIPTIVE,EXP11B_R08_H150,EXP11B_PAIRED_BANK_SENSITIVITY,Top-1,frozen Top-1 for canonical H150 bank; seed=20261021,552,1056,0.5227272727272727,proportion,MATERIALIZED_FROZEN_VALUE,EVAL_V02_CHAPTER_87,3ddb7a0e80d8bfa20b985655f03d6ab65470b40f0738093413909b6584aee941,1056,67,paired seed/bank for descriptive sensitivity; SERIE remains the metric denominator within run,10 paired seeds; same 1056 EVAL series and 67 DAM repeated in every run,outputs/evaluation/exp11b_historical_retrieval_h150_h200_v0.1/exp11b_retrieval_metrics_by_bank_v0.1.csv,49d5598e0699c12c14ed62235020b09e649ec93e,0fee9b6df096a4f827906deb8f5a7b938ee07f9b977e21ee55c5b5594999747d,main=366bf529c29cb999bfd043db33674a510ba184c7; main=a33fc7e10b5bc25a053e982f0ff24ff60eda042f; EXP11B execution_head=ea4bc0bde3246b40a25453dabeef5d571cf7c021,outputs/evaluation/exp11b_historical_retrieval_h150_h200_v0.1/exp11b_retrieval_case_level_v0.1.csv,146687bd963afae75e39c2f23cc5dfeb36089138,EXP11B_H150_H200_PAIRED_SENSITIVITY:Top-1,none inferential; descriptive paired-seed H150/H200 sensitivity,not assigned,DESCRIPTIVE_ONLY,not applicable because no inferential decision is authorized,H150/H200 paired by seed; current seed=20261021; repeated EVAL is not independent,retain paired-seed descriptive differences and frozen summaries only; no inferential interval,10 x 1056 independent observations | invented seed superpopulation | isolated causal bank-size effect | split 3000/1006,only ten approved paired banks; repeated benchmark and coupled bank composition,
G3F02-0419,EXP11B_H150_H200_PAIRED_SENSITIVITY,historical-bank sensitivity supporting interpretation boundaries,EXP-11B,DESCRIPTIVE_ONLY,DESCRIPTIVE,EXP11B_R08_H150,EXP11B_PAIRED_BANK_SENSITIVITY,Top-3,frozen Top-3 for canonical H150 bank; seed=20261021,758,1056,0.7178030303030303,proportion,MATERIALIZED_FROZEN_VALUE,EVAL_V02_CHAPTER_87,3ddb7a0e80d8bfa20b985655f03d6ab65470b40f0738093413909b6584aee941,1056,67,paired seed/bank for descriptive sensitivity; SERIE remains the metric denominator within run,10 paired seeds; same 1056 EVAL series and 67 DAM repeated in every run,outputs/evaluation/exp11b_historical_retrieval_h150_h200_v0.1/exp11b_retrieval_metrics_by_bank_v0.1.csv,49d5598e0699c12c14ed62235020b09e649ec93e,0fee9b6df096a4f827906deb8f5a7b938ee07f9b977e21ee55c5b5594999747d,main=366bf529c29cb999bfd043db33674a510ba184c7; main=a33fc7e10b5bc25a053e982f0ff24ff60eda042f; EXP11B execution_head=ea4bc0bde3246b40a25453dabeef5d571cf7c021,outputs/evaluation/exp11b_historical_retrieval_h150_h200_v0.1/exp11b_retrieval_case_level_v0.1.csv,146687bd963afae75e39c2f23cc5dfeb36089138,EXP11B_H150_H200_PAIRED_SENSITIVITY:Top-3,none inferential; descriptive paired-seed H150/H200 sensitivity,not assigned,DESCRIPTIVE_ONLY,not applicable because no inferential decision is authorized,H150/H200 paired by seed; current seed=20261021; repeated EVAL is not independent,retain paired-seed descriptive differences and frozen summaries only; no inferential interval,10 x 1056 independent observations | invented seed superpopulation | isolated causal bank-size effect | split 3000/1006,only ten approved paired banks; repeated benchmark and coupled bank composition,
G3F02-0420,EXP11B_H150_H200_PAIRED_SENSITIVITY,historical-bank sensitivity supporting interpretation boundaries,EXP-11B,DESCRIPTIVE_ONLY,DESCRIPTIVE,EXP11B_R08_H150,EXP11B_PAIRED_BANK_SENSITIVITY,Top-5,frozen Top-5 for canonical H150 bank; seed=20261021,850,1056,0.8049242424242424,proportion,MATERIALIZED_FROZEN_VALUE,EVAL_V02_CHAPTER_87,3ddb7a0e80d8bfa20b985655f03d6ab65470b40f0738093413909b6584aee941,1056,67,paired seed/bank for descriptive sensitivity; SERIE remains the metric denominator within run,10 paired seeds; same 1056 EVAL series and 67 DAM repeated in every run,outputs/evaluation/exp11b_historical_retrieval_h150_h200_v0.1/exp11b_retrieval_metrics_by_bank_v0.1.csv,49d5598e0699c12c14ed62235020b09e649ec93e,0fee9b6df096a4f827906deb8f5a7b938ee07f9b977e21ee55c5b5594999747d,main=366bf529c29cb999bfd043db33674a510ba184c7; main=a33fc7e10b5bc25a053e982f0ff24ff60eda042f; EXP11B execution_head=ea4bc0bde3246b40a25453dabeef5d571cf7c021,outputs/evaluation/exp11b_historical_retrieval_h150_h200_v0.1/exp11b_retrieval_case_level_v0.1.csv,146687bd963afae75e39c2f23cc5dfeb36089138,EXP11B_H150_H200_PAIRED_SENSITIVITY:Top-5,none inferential; descriptive paired-seed H150/H200 sensitivity,not assigned,DESCRIPTIVE_ONLY,not applicable because no inferential decision is authorized,H150/H200 paired by seed; current seed=20261021; repeated EVAL is not independent,retain paired-seed descriptive differences and frozen summaries only; no inferential interval,10 x 1056 independent observations | invented seed superpopulation | isolated causal bank-size effect | split 3000/1006,only ten approved paired banks; repeated benchmark and coupled bank composition,
G3F02-0421,EXP11B_H150_H200_PAIRED_SENSITIVITY,historical-bank sensitivity supporting interpretation boundaries,EXP-11B,DESCRIPTIVE_ONLY,DESCRIPTIVE,EXP11B_R08_H150,EXP11B_PAIRED_BANK_SENSITIVITY,Top-10,frozen Top-10 for canonical H150 bank; seed=20261021,931,1056,0.8816287878787878,proportion,MATERIALIZED_FROZEN_VALUE,EVAL_V02_CHAPTER_87,3ddb7a0e80d8bfa20b985655f03d6ab65470b40f0738093413909b6584aee941,1056,67,paired seed/bank for descriptive sensitivity; SERIE remains the metric denominator within run,10 paired seeds; same 1056 EVAL series and 67 DAM repeated in every run,outputs/evaluation/exp11b_historical_retrieval_h150_h200_v0.1/exp11b_retrieval_metrics_by_bank_v0.1.csv,49d5598e0699c12c14ed62235020b09e649ec93e,0fee9b6df096a4f827906deb8f5a7b938ee07f9b977e21ee55c5b5594999747d,main=366bf529c29cb999bfd043db33674a510ba184c7; main=a33fc7e10b5bc25a053e982f0ff24ff60eda042f; EXP11B execution_head=ea4bc0bde3246b40a25453dabeef5d571cf7c021,outputs/evaluation/exp11b_historical_retrieval_h150_h200_v0.1/exp11b_retrieval_case_level_v0.1.csv,146687bd963afae75e39c2f23cc5dfeb36089138,EXP11B_H150_H200_PAIRED_SENSITIVITY:Top-10,none inferential; descriptive paired-seed H150/H200 sensitivity,not assigned,DESCRIPTIVE_ONLY,not applicable because no inferential decision is authorized,H150/H200 paired by seed; current seed=20261021; repeated EVAL is not independent,retain paired-seed descriptive differences and frozen summaries only; no inferential interval,10 x 1056 independent observations | invented seed superpopulation | isolated causal bank-size effect | split 3000/1006,only ten approved paired banks; repeated benchmark and coupled bank composition,
G3F02-0422,EXP11B_H150_H200_PAIRED_SENSITIVITY,historical-bank sensitivity supporting interpretation boundaries,EXP-11B,DESCRIPTIVE_ONLY,DESCRIPTIVE,EXP11B_R08_H150,EXP11B_PAIRED_BANK_SENSITIVITY,Top-50,frozen Top-50 for canonical H150 bank; seed=20261021,1047,1056,0.9914772727272727,proportion,MATERIALIZED_FROZEN_VALUE,EVAL_V02_CHAPTER_87,3ddb7a0e80d8bfa20b985655f03d6ab65470b40f0738093413909b6584aee941,1056,67,paired seed/bank for descriptive sensitivity; SERIE remains the metric denominator within run,10 paired seeds; same 1056 EVAL series and 67 DAM repeated in every run,outputs/evaluation/exp11b_historical_retrieval_h150_h200_v0.1/exp11b_retrieval_metrics_by_bank_v0.1.csv,49d5598e0699c12c14ed62235020b09e649ec93e,0fee9b6df096a4f827906deb8f5a7b938ee07f9b977e21ee55c5b5594999747d,main=366bf529c29cb999bfd043db33674a510ba184c7; main=a33fc7e10b5bc25a053e982f0ff24ff60eda042f; EXP11B execution_head=ea4bc0bde3246b40a25453dabeef5d571cf7c021,outputs/evaluation/exp11b_historical_retrieval_h150_h200_v0.1/exp11b_retrieval_case_level_v0.1.csv,146687bd963afae75e39c2f23cc5dfeb36089138,EXP11B_H150_H200_PAIRED_SENSITIVITY:Top-50,none inferential; descriptive paired-seed H150/H200 sensitivity,not assigned,DESCRIPTIVE_ONLY,not applicable because no inferential decision is authorized,H150/H200 paired by seed; current seed=20261021; repeated EVAL is not independent,retain paired-seed descriptive differences and frozen summaries only; no inferential interval,10 x 1056 independent observations | invented seed superpopulation | isolated causal bank-size effect | split 3000/1006,only ten approved paired banks; repeated benchmark and coupled bank composition,
G3F02-0423,EXP11B_H150_H200_PAIRED_SENSITIVITY,historical-bank sensitivity supporting interpretation boundaries,EXP-11B,DESCRIPTIVE_ONLY,DESCRIPTIVE,EXP11B_R08_H150,EXP11B_PAIRED_BANK_SENSITIVITY,MRR@100,frozen MRR@100 for canonical H150 bank; seed=20261021,678.0743972720926,1056,0.6421159065076635,mean_reciprocal_rank,MATERIALIZED_FROZEN_VALUE,EVAL_V02_CHAPTER_87,3ddb7a0e80d8bfa20b985655f03d6ab65470b40f0738093413909b6584aee941,1056,67,paired seed/bank for descriptive sensitivity; SERIE remains the metric denominator within run,10 paired seeds; same 1056 EVAL series and 67 DAM repeated in every run,outputs/evaluation/exp11b_historical_retrieval_h150_h200_v0.1/exp11b_retrieval_metrics_by_bank_v0.1.csv,49d5598e0699c12c14ed62235020b09e649ec93e,0fee9b6df096a4f827906deb8f5a7b938ee07f9b977e21ee55c5b5594999747d,main=366bf529c29cb999bfd043db33674a510ba184c7; main=a33fc7e10b5bc25a053e982f0ff24ff60eda042f; EXP11B execution_head=ea4bc0bde3246b40a25453dabeef5d571cf7c021,outputs/evaluation/exp11b_historical_retrieval_h150_h200_v0.1/exp11b_retrieval_case_level_v0.1.csv,146687bd963afae75e39c2f23cc5dfeb36089138,EXP11B_H150_H200_PAIRED_SENSITIVITY:MRR@100,none inferential; descriptive paired-seed H150/H200 sensitivity,not assigned,DESCRIPTIVE_ONLY,not applicable because no inferential decision is authorized,H150/H200 paired by seed; current seed=20261021; repeated EVAL is not independent,retain paired-seed descriptive differences and frozen summaries only; no inferential interval,10 x 1056 independent observations | invented seed superpopulation | isolated causal bank-size effect | split 3000/1006,only ten approved paired banks; repeated benchmark and coupled bank composition,
G3F02-0424,EXP11B_H150_H200_PAIRED_SENSITIVITY,historical-bank sensitivity supporting interpretation boundaries,EXP-11B,DESCRIPTIVE_ONLY,DESCRIPTIVE,EXP11B_R08_H200,EXP11B_PAIRED_BANK_SENSITIVITY,Top-1,frozen Top-1 for canonical H200 bank; seed=20261021,558,1056,0.5284090909090909,proportion,MATERIALIZED_FROZEN_VALUE,EVAL_V02_CHAPTER_87,3ddb7a0e80d8bfa20b985655f03d6ab65470b40f0738093413909b6584aee941,1056,67,paired seed/bank for descriptive sensitivity; SERIE remains the metric denominator within run,10 paired seeds; same 1056 EVAL series and 67 DAM repeated in every run,outputs/evaluation/exp11b_historical_retrieval_h150_h200_v0.1/exp11b_retrieval_metrics_by_bank_v0.1.csv,49d5598e0699c12c14ed62235020b09e649ec93e,0fee9b6df096a4f827906deb8f5a7b938ee07f9b977e21ee55c5b5594999747d,main=366bf529c29cb999bfd043db33674a510ba184c7; main=a33fc7e10b5bc25a053e982f0ff24ff60eda042f; EXP11B execution_head=ea4bc0bde3246b40a25453dabeef5d571cf7c021,outputs/evaluation/exp11b_historical_retrieval_h150_h200_v0.1/exp11b_retrieval_case_level_v0.1.csv,146687bd963afae75e39c2f23cc5dfeb36089138,EXP11B_H150_H200_PAIRED_SENSITIVITY:Top-1,none inferential; descriptive paired-seed H150/H200 sensitivity,not assigned,DESCRIPTIVE_ONLY,not applicable because no inferential decision is authorized,H150/H200 paired by seed; current seed=20261021; repeated EVAL is not independent,retain paired-seed descriptive differences and frozen summaries only; no inferential interval,10 x 1056 independent observations | invented seed superpopulation | isolated causal bank-size effect | split 3000/1006,only ten approved paired banks; repeated benchmark and coupled bank composition,
G3F02-0425,EXP11B_H150_H200_PAIRED_SENSITIVITY,historical-bank sensitivity supporting interpretation boundaries,EXP-11B,DESCRIPTIVE_ONLY,DESCRIPTIVE,EXP11B_R08_H200,EXP11B_PAIRED_BANK_SENSITIVITY,Top-3,frozen Top-3 for canonical H200 bank; seed=20261021,756,1056,0.7159090909090909,proportion,MATERIALIZED_FROZEN_VALUE,EVAL_V02_CHAPTER_87,3ddb7a0e80d8bfa20b985655f03d6ab65470b40f0738093413909b6584aee941,1056,67,paired seed/bank for descriptive sensitivity; SERIE remains the metric denominator within run,10 paired seeds; same 1056 EVAL series and 67 DAM repeated in every run,outputs/evaluation/exp11b_historical_retrieval_h150_h200_v0.1/exp11b_retrieval_metrics_by_bank_v0.1.csv,49d5598e0699c12c14ed62235020b09e649ec93e,0fee9b6df096a4f827906deb8f5a7b938ee07f9b977e21ee55c5b5594999747d,main=366bf529c29cb999bfd043db33674a510ba184c7; main=a33fc7e10b5bc25a053e982f0ff24ff60eda042f; EXP11B execution_head=ea4bc0bde3246b40a25453dabeef5d571cf7c021,outputs/evaluation/exp11b_historical_retrieval_h150_h200_v0.1/exp11b_retrieval_case_level_v0.1.csv,146687bd963afae75e39c2f23cc5dfeb36089138,EXP11B_H150_H200_PAIRED_SENSITIVITY:Top-3,none inferential; descriptive paired-seed H150/H200 sensitivity,not assigned,DESCRIPTIVE_ONLY,not applicable because no inferential decision is authorized,H150/H200 paired by seed; current seed=20261021; repeated EVAL is not independent,retain paired-seed descriptive differences and frozen summaries only; no inferential interval,10 x 1056 independent observations | invented seed superpopulation | isolated causal bank-size effect | split 3000/1006,only ten approved paired banks; repeated benchmark and coupled bank composition,
G3F02-0426,EXP11B_H150_H200_PAIRED_SENSITIVITY,historical-bank sensitivity supporting interpretation boundaries,EXP-11B,DESCRIPTIVE_ONLY,DESCRIPTIVE,EXP11B_R08_H200,EXP11B_PAIRED_BANK_SENSITIVITY,Top-5,frozen Top-5 for canonical H200 bank; seed=20261021,846,1056,0.8011363636363636,proportion,MATERIALIZED_FROZEN_VALUE,EVAL_V02_CHAPTER_87,3ddb7a0e80d8bfa20b985655f03d6ab65470b40f0738093413909b6584aee941,1056,67,paired seed/bank for descriptive sensitivity; SERIE remains the metric denominator within run,10 paired seeds; same 1056 EVAL series and 67 DAM repeated in every run,outputs/evaluation/exp11b_historical_retrieval_h150_h200_v0.1/exp11b_retrieval_metrics_by_bank_v0.1.csv,49d5598e0699c12c14ed62235020b09e649ec93e,0fee9b6df096a4f827906deb8f5a7b938ee07f9b977e21ee55c5b5594999747d,main=366bf529c29cb999bfd043db33674a510ba184c7; main=a33fc7e10b5bc25a053e982f0ff24ff60eda042f; EXP11B execution_head=ea4bc0bde3246b40a25453dabeef5d571cf7c021,outputs/evaluation/exp11b_historical_retrieval_h150_h200_v0.1/exp11b_retrieval_case_level_v0.1.csv,146687bd963afae75e39c2f23cc5dfeb36089138,EXP11B_H150_H200_PAIRED_SENSITIVITY:Top-5,none inferential; descriptive paired-seed H150/H200 sensitivity,not assigned,DESCRIPTIVE_ONLY,not applicable because no inferential decision is authorized,H150/H200 paired by seed; current seed=20261021; repeated EVAL is not independent,retain paired-seed descriptive differences and frozen summaries only; no inferential interval,10 x 1056 independent observations | invented seed superpopulation | isolated causal bank-size effect | split 3000/1006,only ten approved paired banks; repeated benchmark and coupled bank composition,
G3F02-0427,EXP11B_H150_H200_PAIRED_SENSITIVITY,historical-bank sensitivity supporting interpretation boundaries,EXP-11B,DESCRIPTIVE_ONLY,DESCRIPTIVE,EXP11B_R08_H200,EXP11B_PAIRED_BANK_SENSITIVITY,Top-10,frozen Top-10 for canonical H200 bank; seed=20261021,934,1056,0.884469696969697,proportion,MATERIALIZED_FROZEN_VALUE,EVAL_V02_CHAPTER_87,3ddb7a0e80d8bfa20b985655f03d6ab65470b40f0738093413909b6584aee941,1056,67,paired seed/bank for descriptive sensitivity; SERIE remains the metric denominator within run,10 paired seeds; same 1056 EVAL series and 67 DAM repeated in every run,outputs/evaluation/exp11b_historical_retrieval_h150_h200_v0.1/exp11b_retrieval_metrics_by_bank_v0.1.csv,49d5598e0699c12c14ed62235020b09e649ec93e,0fee9b6df096a4f827906deb8f5a7b938ee07f9b977e21ee55c5b5594999747d,main=366bf529c29cb999bfd043db33674a510ba184c7; main=a33fc7e10b5bc25a053e982f0ff24ff60eda042f; EXP11B execution_head=ea4bc0bde3246b40a25453dabeef5d571cf7c021,outputs/evaluation/exp11b_historical_retrieval_h150_h200_v0.1/exp11b_retrieval_case_level_v0.1.csv,146687bd963afae75e39c2f23cc5dfeb36089138,EXP11B_H150_H200_PAIRED_SENSITIVITY:Top-10,none inferential; descriptive paired-seed H150/H200 sensitivity,not assigned,DESCRIPTIVE_ONLY,not applicable because no inferential decision is authorized,H150/H200 paired by seed; current seed=20261021; repeated EVAL is not independent,retain paired-seed descriptive differences and frozen summaries only; no inferential interval,10 x 1056 independent observations | invented seed superpopulation | isolated causal bank-size effect | split 3000/1006,only ten approved paired banks; repeated benchmark and coupled bank composition,
G3F02-0428,EXP11B_H150_H200_PAIRED_SENSITIVITY,historical-bank sensitivity supporting interpretation boundaries,EXP-11B,DESCRIPTIVE_ONLY,DESCRIPTIVE,EXP11B_R08_H200,EXP11B_PAIRED_BANK_SENSITIVITY,Top-50,frozen Top-50 for canonical H200 bank; seed=20261021,1040,1056,0.9848484848484849,proportion,MATERIALIZED_FROZEN_VALUE,EVAL_V02_CHAPTER_87,3ddb7a0e80d8bfa20b985655f03d6ab65470b40f0738093413909b6584aee941,1056,67,paired seed/bank for descriptive sensitivity; SERIE remains the metric denominator within run,10 paired seeds; same 1056 EVAL series and 67 DAM repeated in every run,outputs/evaluation/exp11b_historical_retrieval_h150_h200_v0.1/exp11b_retrieval_metrics_by_bank_v0.1.csv,49d5598e0699c12c14ed62235020b09e649ec93e,0fee9b6df096a4f827906deb8f5a7b938ee07f9b977e21ee55c5b5594999747d,main=366bf529c29cb999bfd043db33674a510ba184c7; main=a33fc7e10b5bc25a053e982f0ff24ff60eda042f; EXP11B execution_head=ea4bc0bde3246b40a25453dabeef5d571cf7c021,outputs/evaluation/exp11b_historical_retrieval_h150_h200_v0.1/exp11b_retrieval_case_level_v0.1.csv,146687bd963afae75e39c2f23cc5dfeb36089138,EXP11B_H150_H200_PAIRED_SENSITIVITY:Top-50,none inferential; descriptive paired-seed H150/H200 sensitivity,not assigned,DESCRIPTIVE_ONLY,not applicable because no inferential decision is authorized,H150/H200 paired by seed; current seed=20261021; repeated EVAL is not independent,retain paired-seed descriptive differences and frozen summaries only; no inferential interval,10 x 1056 independent observations | invented seed superpopulation | isolated causal bank-size effect | split 3000/1006,only ten approved paired banks; repeated benchmark and coupled bank composition,
G3F02-0429,EXP11B_H150_H200_PAIRED_SENSITIVITY,historical-bank sensitivity supporting interpretation boundaries,EXP-11B,DESCRIPTIVE_ONLY,DESCRIPTIVE,EXP11B_R08_H200,EXP11B_PAIRED_BANK_SENSITIVITY,MRR@100,frozen MRR@100 for canonical H200 bank; seed=20261021,679.940464450346,1056,0.6438830155779791,mean_reciprocal_rank,MATERIALIZED_FROZEN_VALUE,EVAL_V02_CHAPTER_87,3ddb7a0e80d8bfa20b985655f03d6ab65470b40f0738093413909b6584aee941,1056,67,paired seed/bank for descriptive sensitivity; SERIE remains the metric denominator within run,10 paired seeds; same 1056 EVAL series and 67 DAM repeated in every run,outputs/evaluation/exp11b_historical_retrieval_h150_h200_v0.1/exp11b_retrieval_metrics_by_bank_v0.1.csv,49d5598e0699c12c14ed62235020b09e649ec93e,0fee9b6df096a4f827906deb8f5a7b938ee07f9b977e21ee55c5b5594999747d,main=366bf529c29cb999bfd043db33674a510ba184c7; main=a33fc7e10b5bc25a053e982f0ff24ff60eda042f; EXP11B execution_head=ea4bc0bde3246b40a25453dabeef5d571cf7c021,outputs/evaluation/exp11b_historical_retrieval_h150_h200_v0.1/exp11b_retrieval_case_level_v0.1.csv,146687bd963afae75e39c2f23cc5dfeb36089138,EXP11B_H150_H200_PAIRED_SENSITIVITY:MRR@100,none inferential; descriptive paired-seed H150/H200 sensitivity,not assigned,DESCRIPTIVE_ONLY,not applicable because no inferential decision is authorized,H150/H200 paired by seed; current seed=20261021; repeated EVAL is not independent,retain paired-seed descriptive differences and frozen summaries only; no inferential interval,10 x 1056 independent observations | invented seed superpopulation | isolated causal bank-size effect | split 3000/1006,only ten approved paired banks; repeated benchmark and coupled bank composition,
G3F02-0430,EXP11B_H150_H200_PAIRED_SENSITIVITY,historical-bank sensitivity supporting interpretation boundaries,EXP-11B,DESCRIPTIVE_ONLY,DESCRIPTIVE,EXP11B_R09_H150,EXP11B_PAIRED_BANK_SENSITIVITY,Top-1,frozen Top-1 for canonical H150 bank; seed=20261023,555,1056,0.5255681818181818,proportion,MATERIALIZED_FROZEN_VALUE,EVAL_V02_CHAPTER_87,3ddb7a0e80d8bfa20b985655f03d6ab65470b40f0738093413909b6584aee941,1056,67,paired seed/bank for descriptive sensitivity; SERIE remains the metric denominator within run,10 paired seeds; same 1056 EVAL series and 67 DAM repeated in every run,outputs/evaluation/exp11b_historical_retrieval_h150_h200_v0.1/exp11b_retrieval_metrics_by_bank_v0.1.csv,49d5598e0699c12c14ed62235020b09e649ec93e,0fee9b6df096a4f827906deb8f5a7b938ee07f9b977e21ee55c5b5594999747d,main=366bf529c29cb999bfd043db33674a510ba184c7; main=a33fc7e10b5bc25a053e982f0ff24ff60eda042f; EXP11B execution_head=ea4bc0bde3246b40a25453dabeef5d571cf7c021,outputs/evaluation/exp11b_historical_retrieval_h150_h200_v0.1/exp11b_retrieval_case_level_v0.1.csv,146687bd963afae75e39c2f23cc5dfeb36089138,EXP11B_H150_H200_PAIRED_SENSITIVITY:Top-1,none inferential; descriptive paired-seed H150/H200 sensitivity,not assigned,DESCRIPTIVE_ONLY,not applicable because no inferential decision is authorized,H150/H200 paired by seed; current seed=20261023; repeated EVAL is not independent,retain paired-seed descriptive differences and frozen summaries only; no inferential interval,10 x 1056 independent observations | invented seed superpopulation | isolated causal bank-size effect | split 3000/1006,only ten approved paired banks; repeated benchmark and coupled bank composition,
G3F02-0431,EXP11B_H150_H200_PAIRED_SENSITIVITY,historical-bank sensitivity supporting interpretation boundaries,EXP-11B,DESCRIPTIVE_ONLY,DESCRIPTIVE,EXP11B_R09_H150,EXP11B_PAIRED_BANK_SENSITIVITY,Top-3,frozen Top-3 for canonical H150 bank; seed=20261023,749,1056,0.709280303030303,proportion,MATERIALIZED_FROZEN_VALUE,EVAL_V02_CHAPTER_87,3ddb7a0e80d8bfa20b985655f03d6ab65470b40f0738093413909b6584aee941,1056,67,paired seed/bank for descriptive sensitivity; SERIE remains the metric denominator within run,10 paired seeds; same 1056 EVAL series and 67 DAM repeated in every run,outputs/evaluation/exp11b_historical_retrieval_h150_h200_v0.1/exp11b_retrieval_metrics_by_bank_v0.1.csv,49d5598e0699c12c14ed62235020b09e649ec93e,0fee9b6df096a4f827906deb8f5a7b938ee07f9b977e21ee55c5b5594999747d,main=366bf529c29cb999bfd043db33674a510ba184c7; main=a33fc7e10b5bc25a053e982f0ff24ff60eda042f; EXP11B execution_head=ea4bc0bde3246b40a25453dabeef5d571cf7c021,outputs/evaluation/exp11b_historical_retrieval_h150_h200_v0.1/exp11b_retrieval_case_level_v0.1.csv,146687bd963afae75e39c2f23cc5dfeb36089138,EXP11B_H150_H200_PAIRED_SENSITIVITY:Top-3,none inferential; descriptive paired-seed H150/H200 sensitivity,not assigned,DESCRIPTIVE_ONLY,not applicable because no inferential decision is authorized,H150/H200 paired by seed; current seed=20261023; repeated EVAL is not independent,retain paired-seed descriptive differences and frozen summaries only; no inferential interval,10 x 1056 independent observations | invented seed superpopulation | isolated causal bank-size effect | split 3000/1006,only ten approved paired banks; repeated benchmark and coupled bank composition,
G3F02-0432,EXP11B_H150_H200_PAIRED_SENSITIVITY,historical-bank sensitivity supporting interpretation boundaries,EXP-11B,DESCRIPTIVE_ONLY,DESCRIPTIVE,EXP11B_R09_H150,EXP11B_PAIRED_BANK_SENSITIVITY,Top-5,frozen Top-5 for canonical H150 bank; seed=20261023,824,1056,0.7803030303030303,proportion,MATERIALIZED_FROZEN_VALUE,EVAL_V02_CHAPTER_87,3ddb7a0e80d8bfa20b985655f03d6ab65470b40f0738093413909b6584aee941,1056,67,paired seed/bank for descriptive sensitivity; SERIE remains the metric denominator within run,10 paired seeds; same 1056 EVAL series and 67 DAM repeated in every run,outputs/evaluation/exp11b_historical_retrieval_h150_h200_v0.1/exp11b_retrieval_metrics_by_bank_v0.1.csv,49d5598e0699c12c14ed62235020b09e649ec93e,0fee9b6df096a4f827906deb8f5a7b938ee07f9b977e21ee55c5b5594999747d,main=366bf529c29cb999bfd043db33674a510ba184c7; main=a33fc7e10b5bc25a053e982f0ff24ff60eda042f; EXP11B execution_head=ea4bc0bde3246b40a25453dabeef5d571cf7c021,outputs/evaluation/exp11b_historical_retrieval_h150_h200_v0.1/exp11b_retrieval_case_level_v0.1.csv,146687bd963afae75e39c2f23cc5dfeb36089138,EXP11B_H150_H200_PAIRED_SENSITIVITY:Top-5,none inferential; descriptive paired-seed H150/H200 sensitivity,not assigned,DESCRIPTIVE_ONLY,not applicable because no inferential decision is authorized,H150/H200 paired by seed; current seed=20261023; repeated EVAL is not independent,retain paired-seed descriptive differences and frozen summaries only; no inferential interval,10 x 1056 independent observations | invented seed superpopulation | isolated causal bank-size effect | split 3000/1006,only ten approved paired banks; repeated benchmark and coupled bank composition,
G3F02-0433,EXP11B_H150_H200_PAIRED_SENSITIVITY,historical-bank sensitivity supporting interpretation boundaries,EXP-11B,DESCRIPTIVE_ONLY,DESCRIPTIVE,EXP11B_R09_H150,EXP11B_PAIRED_BANK_SENSITIVITY,Top-10,frozen Top-10 for canonical H150 bank; seed=20261023,947,1056,0.896780303030303,proportion,MATERIALIZED_FROZEN_VALUE,EVAL_V02_CHAPTER_87,3ddb7a0e80d8bfa20b985655f03d6ab65470b40f0738093413909b6584aee941,1056,67,paired seed/bank for descriptive sensitivity; SERIE remains the metric denominator within run,10 paired seeds; same 1056 EVAL series and 67 DAM repeated in every run,outputs/evaluation/exp11b_historical_retrieval_h150_h200_v0.1/exp11b_retrieval_metrics_by_bank_v0.1.csv,49d5598e0699c12c14ed62235020b09e649ec93e,0fee9b6df096a4f827906deb8f5a7b938ee07f9b977e21ee55c5b5594999747d,main=366bf529c29cb999bfd043db33674a510ba184c7; main=a33fc7e10b5bc25a053e982f0ff24ff60eda042f; EXP11B execution_head=ea4bc0bde3246b40a25453dabeef5d571cf7c021,outputs/evaluation/exp11b_historical_retrieval_h150_h200_v0.1/exp11b_retrieval_case_level_v0.1.csv,146687bd963afae75e39c2f23cc5dfeb36089138,EXP11B_H150_H200_PAIRED_SENSITIVITY:Top-10,none inferential; descriptive paired-seed H150/H200 sensitivity,not assigned,DESCRIPTIVE_ONLY,not applicable because no inferential decision is authorized,H150/H200 paired by seed; current seed=20261023; repeated EVAL is not independent,retain paired-seed descriptive differences and frozen summaries only; no inferential interval,10 x 1056 independent observations | invented seed superpopulation | isolated causal bank-size effect | split 3000/1006,only ten approved paired banks; repeated benchmark and coupled bank composition,
G3F02-0434,EXP11B_H150_H200_PAIRED_SENSITIVITY,historical-bank sensitivity supporting interpretation boundaries,EXP-11B,DESCRIPTIVE_ONLY,DESCRIPTIVE,EXP11B_R09_H150,EXP11B_PAIRED_BANK_SENSITIVITY,Top-50,frozen Top-50 for canonical H150 bank; seed=20261023,1050,1056,0.9943181818181818,proportion,MATERIALIZED_FROZEN_VALUE,EVAL_V02_CHAPTER_87,3ddb7a0e80d8bfa20b985655f03d6ab65470b40f0738093413909b6584aee941,1056,67,paired seed/bank for descriptive sensitivity; SERIE remains the metric denominator within run,10 paired seeds; same 1056 EVAL series and 67 DAM repeated in every run,outputs/evaluation/exp11b_historical_retrieval_h150_h200_v0.1/exp11b_retrieval_metrics_by_bank_v0.1.csv,49d5598e0699c12c14ed62235020b09e649ec93e,0fee9b6df096a4f827906deb8f5a7b938ee07f9b977e21ee55c5b5594999747d,main=366bf529c29cb999bfd043db33674a510ba184c7; main=a33fc7e10b5bc25a053e982f0ff24ff60eda042f; EXP11B execution_head=ea4bc0bde3246b40a25453dabeef5d571cf7c021,outputs/evaluation/exp11b_historical_retrieval_h150_h200_v0.1/exp11b_retrieval_case_level_v0.1.csv,146687bd963afae75e39c2f23cc5dfeb36089138,EXP11B_H150_H200_PAIRED_SENSITIVITY:Top-50,none inferential; descriptive paired-seed H150/H200 sensitivity,not assigned,DESCRIPTIVE_ONLY,not applicable because no inferential decision is authorized,H150/H200 paired by seed; current seed=20261023; repeated EVAL is not independent,retain paired-seed descriptive differences and frozen summaries only; no inferential interval,10 x 1056 independent observations | invented seed superpopulation | isolated causal bank-size effect | split 3000/1006,only ten approved paired banks; repeated benchmark and coupled bank composition,
G3F02-0435,EXP11B_H150_H200_PAIRED_SENSITIVITY,historical-bank sensitivity supporting interpretation boundaries,EXP-11B,DESCRIPTIVE_ONLY,DESCRIPTIVE,EXP11B_R09_H150,EXP11B_PAIRED_BANK_SENSITIVITY,MRR@100,frozen MRR@100 for canonical H150 bank; seed=20261023,684.0290272978191,1056,0.6477547606986923,mean_reciprocal_rank,MATERIALIZED_FROZEN_VALUE,EVAL_V02_CHAPTER_87,3ddb7a0e80d8bfa20b985655f03d6ab65470b40f0738093413909b6584aee941,1056,67,paired seed/bank for descriptive sensitivity; SERIE remains the metric denominator within run,10 paired seeds; same 1056 EVAL series and 67 DAM repeated in every run,outputs/evaluation/exp11b_historical_retrieval_h150_h200_v0.1/exp11b_retrieval_metrics_by_bank_v0.1.csv,49d5598e0699c12c14ed62235020b09e649ec93e,0fee9b6df096a4f827906deb8f5a7b938ee07f9b977e21ee55c5b5594999747d,main=366bf529c29cb999bfd043db33674a510ba184c7; main=a33fc7e10b5bc25a053e982f0ff24ff60eda042f; EXP11B execution_head=ea4bc0bde3246b40a25453dabeef5d571cf7c021,outputs/evaluation/exp11b_historical_retrieval_h150_h200_v0.1/exp11b_retrieval_case_level_v0.1.csv,146687bd963afae75e39c2f23cc5dfeb36089138,EXP11B_H150_H200_PAIRED_SENSITIVITY:MRR@100,none inferential; descriptive paired-seed H150/H200 sensitivity,not assigned,DESCRIPTIVE_ONLY,not applicable because no inferential decision is authorized,H150/H200 paired by seed; current seed=20261023; repeated EVAL is not independent,retain paired-seed descriptive differences and frozen summaries only; no inferential interval,10 x 1056 independent observations | invented seed superpopulation | isolated causal bank-size effect | split 3000/1006,only ten approved paired banks; repeated benchmark and coupled bank composition,
G3F02-0436,EXP11B_H150_H200_PAIRED_SENSITIVITY,historical-bank sensitivity supporting interpretation boundaries,EXP-11B,DESCRIPTIVE_ONLY,DESCRIPTIVE,EXP11B_R09_H200,EXP11B_PAIRED_BANK_SENSITIVITY,Top-1,frozen Top-1 for canonical H200 bank; seed=20261023,541,1056,0.5123106060606061,proportion,MATERIALIZED_FROZEN_VALUE,EVAL_V02_CHAPTER_87,3ddb7a0e80d8bfa20b985655f03d6ab65470b40f0738093413909b6584aee941,1056,67,paired seed/bank for descriptive sensitivity; SERIE remains the metric denominator within run,10 paired seeds; same 1056 EVAL series and 67 DAM repeated in every run,outputs/evaluation/exp11b_historical_retrieval_h150_h200_v0.1/exp11b_retrieval_metrics_by_bank_v0.1.csv,49d5598e0699c12c14ed62235020b09e649ec93e,0fee9b6df096a4f827906deb8f5a7b938ee07f9b977e21ee55c5b5594999747d,main=366bf529c29cb999bfd043db33674a510ba184c7; main=a33fc7e10b5bc25a053e982f0ff24ff60eda042f; EXP11B execution_head=ea4bc0bde3246b40a25453dabeef5d571cf7c021,outputs/evaluation/exp11b_historical_retrieval_h150_h200_v0.1/exp11b_retrieval_case_level_v0.1.csv,146687bd963afae75e39c2f23cc5dfeb36089138,EXP11B_H150_H200_PAIRED_SENSITIVITY:Top-1,none inferential; descriptive paired-seed H150/H200 sensitivity,not assigned,DESCRIPTIVE_ONLY,not applicable because no inferential decision is authorized,H150/H200 paired by seed; current seed=20261023; repeated EVAL is not independent,retain paired-seed descriptive differences and frozen summaries only; no inferential interval,10 x 1056 independent observations | invented seed superpopulation | isolated causal bank-size effect | split 3000/1006,only ten approved paired banks; repeated benchmark and coupled bank composition,
G3F02-0437,EXP11B_H150_H200_PAIRED_SENSITIVITY,historical-bank sensitivity supporting interpretation boundaries,EXP-11B,DESCRIPTIVE_ONLY,DESCRIPTIVE,EXP11B_R09_H200,EXP11B_PAIRED_BANK_SENSITIVITY,Top-3,frozen Top-3 for canonical H200 bank; seed=20261023,728,1056,0.6893939393939394,proportion,MATERIALIZED_FROZEN_VALUE,EVAL_V02_CHAPTER_87,3ddb7a0e80d8bfa20b985655f03d6ab65470b40f0738093413909b6584aee941,1056,67,paired seed/bank for descriptive sensitivity; SERIE remains the metric denominator within run,10 paired seeds; same 1056 EVAL series and 67 DAM repeated in every run,outputs/evaluation/exp11b_historical_retrieval_h150_h200_v0.1/exp11b_retrieval_metrics_by_bank_v0.1.csv,49d5598e0699c12c14ed62235020b09e649ec93e,0fee9b6df096a4f827906deb8f5a7b938ee07f9b977e21ee55c5b5594999747d,main=366bf529c29cb999bfd043db33674a510ba184c7; main=a33fc7e10b5bc25a053e982f0ff24ff60eda042f; EXP11B execution_head=ea4bc0bde3246b40a25453dabeef5d571cf7c021,outputs/evaluation/exp11b_historical_retrieval_h150_h200_v0.1/exp11b_retrieval_case_level_v0.1.csv,146687bd963afae75e39c2f23cc5dfeb36089138,EXP11B_H150_H200_PAIRED_SENSITIVITY:Top-3,none inferential; descriptive paired-seed H150/H200 sensitivity,not assigned,DESCRIPTIVE_ONLY,not applicable because no inferential decision is authorized,H150/H200 paired by seed; current seed=20261023; repeated EVAL is not independent,retain paired-seed descriptive differences and frozen summaries only; no inferential interval,10 x 1056 independent observations | invented seed superpopulation | isolated causal bank-size effect | split 3000/1006,only ten approved paired banks; repeated benchmark and coupled bank composition,
G3F02-0438,EXP11B_H150_H200_PAIRED_SENSITIVITY,historical-bank sensitivity supporting interpretation boundaries,EXP-11B,DESCRIPTIVE_ONLY,DESCRIPTIVE,EXP11B_R09_H200,EXP11B_PAIRED_BANK_SENSITIVITY,Top-5,frozen Top-5 for canonical H200 bank; seed=20261023,798,1056,0.7556818181818182,proportion,MATERIALIZED_FROZEN_VALUE,EVAL_V02_CHAPTER_87,3ddb7a0e80d8bfa20b985655f03d6ab65470b40f0738093413909b6584aee941,1056,67,paired seed/bank for descriptive sensitivity; SERIE remains the metric denominator within run,10 paired seeds; same 1056 EVAL series and 67 DAM repeated in every run,outputs/evaluation/exp11b_historical_retrieval_h150_h200_v0.1/exp11b_retrieval_metrics_by_bank_v0.1.csv,49d5598e0699c12c14ed62235020b09e649ec93e,0fee9b6df096a4f827906deb8f5a7b938ee07f9b977e21ee55c5b5594999747d,main=366bf529c29cb999bfd043db33674a510ba184c7; main=a33fc7e10b5bc25a053e982f0ff24ff60eda042f; EXP11B execution_head=ea4bc0bde3246b40a25453dabeef5d571cf7c021,outputs/evaluation/exp11b_historical_retrieval_h150_h200_v0.1/exp11b_retrieval_case_level_v0.1.csv,146687bd963afae75e39c2f23cc5dfeb36089138,EXP11B_H150_H200_PAIRED_SENSITIVITY:Top-5,none inferential; descriptive paired-seed H150/H200 sensitivity,not assigned,DESCRIPTIVE_ONLY,not applicable because no inferential decision is authorized,H150/H200 paired by seed; current seed=20261023; repeated EVAL is not independent,retain paired-seed descriptive differences and frozen summaries only; no inferential interval,10 x 1056 independent observations | invented seed superpopulation | isolated causal bank-size effect | split 3000/1006,only ten approved paired banks; repeated benchmark and coupled bank composition,
G3F02-0439,EXP11B_H150_H200_PAIRED_SENSITIVITY,historical-bank sensitivity supporting interpretation boundaries,EXP-11B,DESCRIPTIVE_ONLY,DESCRIPTIVE,EXP11B_R09_H200,EXP11B_PAIRED_BANK_SENSITIVITY,Top-10,frozen Top-10 for canonical H200 bank; seed=20261023,947,1056,0.896780303030303,proportion,MATERIALIZED_FROZEN_VALUE,EVAL_V02_CHAPTER_87,3ddb7a0e80d8bfa20b985655f03d6ab65470b40f0738093413909b6584aee941,1056,67,paired seed/bank for descriptive sensitivity; SERIE remains the metric denominator within run,10 paired seeds; same 1056 EVAL series and 67 DAM repeated in every run,outputs/evaluation/exp11b_historical_retrieval_h150_h200_v0.1/exp11b_retrieval_metrics_by_bank_v0.1.csv,49d5598e0699c12c14ed62235020b09e649ec93e,0fee9b6df096a4f827906deb8f5a7b938ee07f9b977e21ee55c5b5594999747d,main=366bf529c29cb999bfd043db33674a510ba184c7; main=a33fc7e10b5bc25a053e982f0ff24ff60eda042f; EXP11B execution_head=ea4bc0bde3246b40a25453dabeef5d571cf7c021,outputs/evaluation/exp11b_historical_retrieval_h150_h200_v0.1/exp11b_retrieval_case_level_v0.1.csv,146687bd963afae75e39c2f23cc5dfeb36089138,EXP11B_H150_H200_PAIRED_SENSITIVITY:Top-10,none inferential; descriptive paired-seed H150/H200 sensitivity,not assigned,DESCRIPTIVE_ONLY,not applicable because no inferential decision is authorized,H150/H200 paired by seed; current seed=20261023; repeated EVAL is not independent,retain paired-seed descriptive differences and frozen summaries only; no inferential interval,10 x 1056 independent observations | invented seed superpopulation | isolated causal bank-size effect | split 3000/1006,only ten approved paired banks; repeated benchmark and coupled bank composition,
G3F02-0440,EXP11B_H150_H200_PAIRED_SENSITIVITY,historical-bank sensitivity supporting interpretation boundaries,EXP-11B,DESCRIPTIVE_ONLY,DESCRIPTIVE,EXP11B_R09_H200,EXP11B_PAIRED_BANK_SENSITIVITY,Top-50,frozen Top-50 for canonical H200 bank; seed=20261023,1042,1056,0.9867424242424242,proportion,MATERIALIZED_FROZEN_VALUE,EVAL_V02_CHAPTER_87,3ddb7a0e80d8bfa20b985655f03d6ab65470b40f0738093413909b6584aee941,1056,67,paired seed/bank for descriptive sensitivity; SERIE remains the metric denominator within run,10 paired seeds; same 1056 EVAL series and 67 DAM repeated in every run,outputs/evaluation/exp11b_historical_retrieval_h150_h200_v0.1/exp11b_retrieval_metrics_by_bank_v0.1.csv,49d5598e0699c12c14ed62235020b09e649ec93e,0fee9b6df096a4f827906deb8f5a7b938ee07f9b977e21ee55c5b5594999747d,main=366bf529c29cb999bfd043db33674a510ba184c7; main=a33fc7e10b5bc25a053e982f0ff24ff60eda042f; EXP11B execution_head=ea4bc0bde3246b40a25453dabeef5d571cf7c021,outputs/evaluation/exp11b_historical_retrieval_h150_h200_v0.1/exp11b_retrieval_case_level_v0.1.csv,146687bd963afae75e39c2f23cc5dfeb36089138,EXP11B_H150_H200_PAIRED_SENSITIVITY:Top-50,none inferential; descriptive paired-seed H150/H200 sensitivity,not assigned,DESCRIPTIVE_ONLY,not applicable because no inferential decision is authorized,H150/H200 paired by seed; current seed=20261023; repeated EVAL is not independent,retain paired-seed descriptive differences and frozen summaries only; no inferential interval,10 x 1056 independent observations | invented seed superpopulation | isolated causal bank-size effect | split 3000/1006,only ten approved paired banks; repeated benchmark and coupled bank composition,
G3F02-0441,EXP11B_H150_H200_PAIRED_SENSITIVITY,historical-bank sensitivity supporting interpretation boundaries,EXP-11B,DESCRIPTIVE_ONLY,DESCRIPTIVE,EXP11B_R09_H200,EXP11B_PAIRED_BANK_SENSITIVITY,MRR@100,frozen MRR@100 for canonical H200 bank; seed=20261023,669.1619992486034,1056,0.6336761356520865,mean_reciprocal_rank,MATERIALIZED_FROZEN_VALUE,EVAL_V02_CHAPTER_87,3ddb7a0e80d8bfa20b985655f03d6ab65470b40f0738093413909b6584aee941,1056,67,paired seed/bank for descriptive sensitivity; SERIE remains the metric denominator within run,10 paired seeds; same 1056 EVAL series and 67 DAM repeated in every run,outputs/evaluation/exp11b_historical_retrieval_h150_h200_v0.1/exp11b_retrieval_metrics_by_bank_v0.1.csv,49d5598e0699c12c14ed62235020b09e649ec93e,0fee9b6df096a4f827906deb8f5a7b938ee07f9b977e21ee55c5b5594999747d,main=366bf529c29cb999bfd043db33674a510ba184c7; main=a33fc7e10b5bc25a053e982f0ff24ff60eda042f; EXP11B execution_head=ea4bc0bde3246b40a25453dabeef5d571cf7c021,outputs/evaluation/exp11b_historical_retrieval_h150_h200_v0.1/exp11b_retrieval_case_level_v0.1.csv,146687bd963afae75e39c2f23cc5dfeb36089138,EXP11B_H150_H200_PAIRED_SENSITIVITY:MRR@100,none inferential; descriptive paired-seed H150/H200 sensitivity,not assigned,DESCRIPTIVE_ONLY,not applicable because no inferential decision is authorized,H150/H200 paired by seed; current seed=20261023; repeated EVAL is not independent,retain paired-seed descriptive differences and frozen summaries only; no inferential interval,10 x 1056 independent observations | invented seed superpopulation | isolated causal bank-size effect | split 3000/1006,only ten approved paired banks; repeated benchmark and coupled bank composition,
G3F02-0442,EXP11B_H150_H200_PAIRED_SENSITIVITY,historical-bank sensitivity supporting interpretation boundaries,EXP-11B,DESCRIPTIVE_ONLY,DESCRIPTIVE,EXP11B_R10_H150,EXP11B_PAIRED_BANK_SENSITIVITY,Top-1,frozen Top-1 for canonical H150 bank; seed=20261024,527,1056,0.4990530303030303,proportion,MATERIALIZED_FROZEN_VALUE,EVAL_V02_CHAPTER_87,3ddb7a0e80d8bfa20b985655f03d6ab65470b40f0738093413909b6584aee941,1056,67,paired seed/bank for descriptive sensitivity; SERIE remains the metric denominator within run,10 paired seeds; same 1056 EVAL series and 67 DAM repeated in every run,outputs/evaluation/exp11b_historical_retrieval_h150_h200_v0.1/exp11b_retrieval_metrics_by_bank_v0.1.csv,49d5598e0699c12c14ed62235020b09e649ec93e,0fee9b6df096a4f827906deb8f5a7b938ee07f9b977e21ee55c5b5594999747d,main=366bf529c29cb999bfd043db33674a510ba184c7; main=a33fc7e10b5bc25a053e982f0ff24ff60eda042f; EXP11B execution_head=ea4bc0bde3246b40a25453dabeef5d571cf7c021,outputs/evaluation/exp11b_historical_retrieval_h150_h200_v0.1/exp11b_retrieval_case_level_v0.1.csv,146687bd963afae75e39c2f23cc5dfeb36089138,EXP11B_H150_H200_PAIRED_SENSITIVITY:Top-1,none inferential; descriptive paired-seed H150/H200 sensitivity,not assigned,DESCRIPTIVE_ONLY,not applicable because no inferential decision is authorized,H150/H200 paired by seed; current seed=20261024; repeated EVAL is not independent,retain paired-seed descriptive differences and frozen summaries only; no inferential interval,10 x 1056 independent observations | invented seed superpopulation | isolated causal bank-size effect | split 3000/1006,only ten approved paired banks; repeated benchmark and coupled bank composition,
G3F02-0443,EXP11B_H150_H200_PAIRED_SENSITIVITY,historical-bank sensitivity supporting interpretation boundaries,EXP-11B,DESCRIPTIVE_ONLY,DESCRIPTIVE,EXP11B_R10_H150,EXP11B_PAIRED_BANK_SENSITIVITY,Top-3,frozen Top-3 for canonical H150 bank; seed=20261024,716,1056,0.678030303030303,proportion,MATERIALIZED_FROZEN_VALUE,EVAL_V02_CHAPTER_87,3ddb7a0e80d8bfa20b985655f03d6ab65470b40f0738093413909b6584aee941,1056,67,paired seed/bank for descriptive sensitivity; SERIE remains the metric denominator within run,10 paired seeds; same 1056 EVAL series and 67 DAM repeated in every run,outputs/evaluation/exp11b_historical_retrieval_h150_h200_v0.1/exp11b_retrieval_metrics_by_bank_v0.1.csv,49d5598e0699c12c14ed62235020b09e649ec93e,0fee9b6df096a4f827906deb8f5a7b938ee07f9b977e21ee55c5b5594999747d,main=366bf529c29cb999bfd043db33674a510ba184c7; main=a33fc7e10b5bc25a053e982f0ff24ff60eda042f; EXP11B execution_head=ea4bc0bde3246b40a25453dabeef5d571cf7c021,outputs/evaluation/exp11b_historical_retrieval_h150_h200_v0.1/exp11b_retrieval_case_level_v0.1.csv,146687bd963afae75e39c2f23cc5dfeb36089138,EXP11B_H150_H200_PAIRED_SENSITIVITY:Top-3,none inferential; descriptive paired-seed H150/H200 sensitivity,not assigned,DESCRIPTIVE_ONLY,not applicable because no inferential decision is authorized,H150/H200 paired by seed; current seed=20261024; repeated EVAL is not independent,retain paired-seed descriptive differences and frozen summaries only; no inferential interval,10 x 1056 independent observations | invented seed superpopulation | isolated causal bank-size effect | split 3000/1006,only ten approved paired banks; repeated benchmark and coupled bank composition,
G3F02-0444,EXP11B_H150_H200_PAIRED_SENSITIVITY,historical-bank sensitivity supporting interpretation boundaries,EXP-11B,DESCRIPTIVE_ONLY,DESCRIPTIVE,EXP11B_R10_H150,EXP11B_PAIRED_BANK_SENSITIVITY,Top-5,frozen Top-5 for canonical H150 bank; seed=20261024,794,1056,0.7518939393939394,proportion,MATERIALIZED_FROZEN_VALUE,EVAL_V02_CHAPTER_87,3ddb7a0e80d8bfa20b985655f03d6ab65470b40f0738093413909b6584aee941,1056,67,paired seed/bank for descriptive sensitivity; SERIE remains the metric denominator within run,10 paired seeds; same 1056 EVAL series and 67 DAM repeated in every run,outputs/evaluation/exp11b_historical_retrieval_h150_h200_v0.1/exp11b_retrieval_metrics_by_bank_v0.1.csv,49d5598e0699c12c14ed62235020b09e649ec93e,0fee9b6df096a4f827906deb8f5a7b938ee07f9b977e21ee55c5b5594999747d,main=366bf529c29cb999bfd043db33674a510ba184c7; main=a33fc7e10b5bc25a053e982f0ff24ff60eda042f; EXP11B execution_head=ea4bc0bde3246b40a25453dabeef5d571cf7c021,outputs/evaluation/exp11b_historical_retrieval_h150_h200_v0.1/exp11b_retrieval_case_level_v0.1.csv,146687bd963afae75e39c2f23cc5dfeb36089138,EXP11B_H150_H200_PAIRED_SENSITIVITY:Top-5,none inferential; descriptive paired-seed H150/H200 sensitivity,not assigned,DESCRIPTIVE_ONLY,not applicable because no inferential decision is authorized,H150/H200 paired by seed; current seed=20261024; repeated EVAL is not independent,retain paired-seed descriptive differences and frozen summaries only; no inferential interval,10 x 1056 independent observations | invented seed superpopulation | isolated causal bank-size effect | split 3000/1006,only ten approved paired banks; repeated benchmark and coupled bank composition,
G3F02-0445,EXP11B_H150_H200_PAIRED_SENSITIVITY,historical-bank sensitivity supporting interpretation boundaries,EXP-11B,DESCRIPTIVE_ONLY,DESCRIPTIVE,EXP11B_R10_H150,EXP11B_PAIRED_BANK_SENSITIVITY,Top-10,frozen Top-10 for canonical H150 bank; seed=20261024,917,1056,0.8683712121212122,proportion,MATERIALIZED_FROZEN_VALUE,EVAL_V02_CHAPTER_87,3ddb7a0e80d8bfa20b985655f03d6ab65470b40f0738093413909b6584aee941,1056,67,paired seed/bank for descriptive sensitivity; SERIE remains the metric denominator within run,10 paired seeds; same 1056 EVAL series and 67 DAM repeated in every run,outputs/evaluation/exp11b_historical_retrieval_h150_h200_v0.1/exp11b_retrieval_metrics_by_bank_v0.1.csv,49d5598e0699c12c14ed62235020b09e649ec93e,0fee9b6df096a4f827906deb8f5a7b938ee07f9b977e21ee55c5b5594999747d,main=366bf529c29cb999bfd043db33674a510ba184c7; main=a33fc7e10b5bc25a053e982f0ff24ff60eda042f; EXP11B execution_head=ea4bc0bde3246b40a25453dabeef5d571cf7c021,outputs/evaluation/exp11b_historical_retrieval_h150_h200_v0.1/exp11b_retrieval_case_level_v0.1.csv,146687bd963afae75e39c2f23cc5dfeb36089138,EXP11B_H150_H200_PAIRED_SENSITIVITY:Top-10,none inferential; descriptive paired-seed H150/H200 sensitivity,not assigned,DESCRIPTIVE_ONLY,not applicable because no inferential decision is authorized,H150/H200 paired by seed; current seed=20261024; repeated EVAL is not independent,retain paired-seed descriptive differences and frozen summaries only; no inferential interval,10 x 1056 independent observations | invented seed superpopulation | isolated causal bank-size effect | split 3000/1006,only ten approved paired banks; repeated benchmark and coupled bank composition,
G3F02-0446,EXP11B_H150_H200_PAIRED_SENSITIVITY,historical-bank sensitivity supporting interpretation boundaries,EXP-11B,DESCRIPTIVE_ONLY,DESCRIPTIVE,EXP11B_R10_H150,EXP11B_PAIRED_BANK_SENSITIVITY,Top-50,frozen Top-50 for canonical H150 bank; seed=20261024,1040,1056,0.9848484848484849,proportion,MATERIALIZED_FROZEN_VALUE,EVAL_V02_CHAPTER_87,3ddb7a0e80d8bfa20b985655f03d6ab65470b40f0738093413909b6584aee941,1056,67,paired seed/bank for descriptive sensitivity; SERIE remains the metric denominator within run,10 paired seeds; same 1056 EVAL series and 67 DAM repeated in every run,outputs/evaluation/exp11b_historical_retrieval_h150_h200_v0.1/exp11b_retrieval_metrics_by_bank_v0.1.csv,49d5598e0699c12c14ed62235020b09e649ec93e,0fee9b6df096a4f827906deb8f5a7b938ee07f9b977e21ee55c5b5594999747d,main=366bf529c29cb999bfd043db33674a510ba184c7; main=a33fc7e10b5bc25a053e982f0ff24ff60eda042f; EXP11B execution_head=ea4bc0bde3246b40a25453dabeef5d571cf7c021,outputs/evaluation/exp11b_historical_retrieval_h150_h200_v0.1/exp11b_retrieval_case_level_v0.1.csv,146687bd963afae75e39c2f23cc5dfeb36089138,EXP11B_H150_H200_PAIRED_SENSITIVITY:Top-50,none inferential; descriptive paired-seed H150/H200 sensitivity,not assigned,DESCRIPTIVE_ONLY,not applicable because no inferential decision is authorized,H150/H200 paired by seed; current seed=20261024; repeated EVAL is not independent,retain paired-seed descriptive differences and frozen summaries only; no inferential interval,10 x 1056 independent observations | invented seed superpopulation | isolated causal bank-size effect | split 3000/1006,only ten approved paired banks; repeated benchmark and coupled bank composition,
G3F02-0447,EXP11B_H150_H200_PAIRED_SENSITIVITY,historical-bank sensitivity supporting interpretation boundaries,EXP-11B,DESCRIPTIVE_ONLY,DESCRIPTIVE,EXP11B_R10_H150,EXP11B_PAIRED_BANK_SENSITIVITY,MRR@100,frozen MRR@100 for canonical H150 bank; seed=20261024,653.4829081688588,1056,0.6188285115235406,mean_reciprocal_rank,MATERIALIZED_FROZEN_VALUE,EVAL_V02_CHAPTER_87,3ddb7a0e80d8bfa20b985655f03d6ab65470b40f0738093413909b6584aee941,1056,67,paired seed/bank for descriptive sensitivity; SERIE remains the metric denominator within run,10 paired seeds; same 1056 EVAL series and 67 DAM repeated in every run,outputs/evaluation/exp11b_historical_retrieval_h150_h200_v0.1/exp11b_retrieval_metrics_by_bank_v0.1.csv,49d5598e0699c12c14ed62235020b09e649ec93e,0fee9b6df096a4f827906deb8f5a7b938ee07f9b977e21ee55c5b5594999747d,main=366bf529c29cb999bfd043db33674a510ba184c7; main=a33fc7e10b5bc25a053e982f0ff24ff60eda042f; EXP11B execution_head=ea4bc0bde3246b40a25453dabeef5d571cf7c021,outputs/evaluation/exp11b_historical_retrieval_h150_h200_v0.1/exp11b_retrieval_case_level_v0.1.csv,146687bd963afae75e39c2f23cc5dfeb36089138,EXP11B_H150_H200_PAIRED_SENSITIVITY:MRR@100,none inferential; descriptive paired-seed H150/H200 sensitivity,not assigned,DESCRIPTIVE_ONLY,not applicable because no inferential decision is authorized,H150/H200 paired by seed; current seed=20261024; repeated EVAL is not independent,retain paired-seed descriptive differences and frozen summaries only; no inferential interval,10 x 1056 independent observations | invented seed superpopulation | isolated causal bank-size effect | split 3000/1006,only ten approved paired banks; repeated benchmark and coupled bank composition,
G3F02-0448,EXP11B_H150_H200_PAIRED_SENSITIVITY,historical-bank sensitivity supporting interpretation boundaries,EXP-11B,DESCRIPTIVE_ONLY,DESCRIPTIVE,EXP11B_R10_H200,EXP11B_PAIRED_BANK_SENSITIVITY,Top-1,frozen Top-1 for canonical H200 bank; seed=20261024,545,1056,0.5160984848484849,proportion,MATERIALIZED_FROZEN_VALUE,EVAL_V02_CHAPTER_87,3ddb7a0e80d8bfa20b985655f03d6ab65470b40f0738093413909b6584aee941,1056,67,paired seed/bank for descriptive sensitivity; SERIE remains the metric denominator within run,10 paired seeds; same 1056 EVAL series and 67 DAM repeated in every run,outputs/evaluation/exp11b_historical_retrieval_h150_h200_v0.1/exp11b_retrieval_metrics_by_bank_v0.1.csv,49d5598e0699c12c14ed62235020b09e649ec93e,0fee9b6df096a4f827906deb8f5a7b938ee07f9b977e21ee55c5b5594999747d,main=366bf529c29cb999bfd043db33674a510ba184c7; main=a33fc7e10b5bc25a053e982f0ff24ff60eda042f; EXP11B execution_head=ea4bc0bde3246b40a25453dabeef5d571cf7c021,outputs/evaluation/exp11b_historical_retrieval_h150_h200_v0.1/exp11b_retrieval_case_level_v0.1.csv,146687bd963afae75e39c2f23cc5dfeb36089138,EXP11B_H150_H200_PAIRED_SENSITIVITY:Top-1,none inferential; descriptive paired-seed H150/H200 sensitivity,not assigned,DESCRIPTIVE_ONLY,not applicable because no inferential decision is authorized,H150/H200 paired by seed; current seed=20261024; repeated EVAL is not independent,retain paired-seed descriptive differences and frozen summaries only; no inferential interval,10 x 1056 independent observations | invented seed superpopulation | isolated causal bank-size effect | split 3000/1006,only ten approved paired banks; repeated benchmark and coupled bank composition,
G3F02-0449,EXP11B_H150_H200_PAIRED_SENSITIVITY,historical-bank sensitivity supporting interpretation boundaries,EXP-11B,DESCRIPTIVE_ONLY,DESCRIPTIVE,EXP11B_R10_H200,EXP11B_PAIRED_BANK_SENSITIVITY,Top-3,frozen Top-3 for canonical H200 bank; seed=20261024,717,1056,0.6789772727272727,proportion,MATERIALIZED_FROZEN_VALUE,EVAL_V02_CHAPTER_87,3ddb7a0e80d8bfa20b985655f03d6ab65470b40f0738093413909b6584aee941,1056,67,paired seed/bank for descriptive sensitivity; SERIE remains the metric denominator within run,10 paired seeds; same 1056 EVAL series and 67 DAM repeated in every run,outputs/evaluation/exp11b_historical_retrieval_h150_h200_v0.1/exp11b_retrieval_metrics_by_bank_v0.1.csv,49d5598e0699c12c14ed62235020b09e649ec93e,0fee9b6df096a4f827906deb8f5a7b938ee07f9b977e21ee55c5b5594999747d,main=366bf529c29cb999bfd043db33674a510ba184c7; main=a33fc7e10b5bc25a053e982f0ff24ff60eda042f; EXP11B execution_head=ea4bc0bde3246b40a25453dabeef5d571cf7c021,outputs/evaluation/exp11b_historical_retrieval_h150_h200_v0.1/exp11b_retrieval_case_level_v0.1.csv,146687bd963afae75e39c2f23cc5dfeb36089138,EXP11B_H150_H200_PAIRED_SENSITIVITY:Top-3,none inferential; descriptive paired-seed H150/H200 sensitivity,not assigned,DESCRIPTIVE_ONLY,not applicable because no inferential decision is authorized,H150/H200 paired by seed; current seed=20261024; repeated EVAL is not independent,retain paired-seed descriptive differences and frozen summaries only; no inferential interval,10 x 1056 independent observations | invented seed superpopulation | isolated causal bank-size effect | split 3000/1006,only ten approved paired banks; repeated benchmark and coupled bank composition,
G3F02-0450,EXP11B_H150_H200_PAIRED_SENSITIVITY,historical-bank sensitivity supporting interpretation boundaries,EXP-11B,DESCRIPTIVE_ONLY,DESCRIPTIVE,EXP11B_R10_H200,EXP11B_PAIRED_BANK_SENSITIVITY,Top-5,frozen Top-5 for canonical H200 bank; seed=20261024,820,1056,0.7765151515151515,proportion,MATERIALIZED_FROZEN_VALUE,EVAL_V02_CHAPTER_87,3ddb7a0e80d8bfa20b985655f03d6ab65470b40f0738093413909b6584aee941,1056,67,paired seed/bank for descriptive sensitivity; SERIE remains the metric denominator within run,10 paired seeds; same 1056 EVAL series and 67 DAM repeated in every run,outputs/evaluation/exp11b_historical_retrieval_h150_h200_v0.1/exp11b_retrieval_metrics_by_bank_v0.1.csv,49d5598e0699c12c14ed62235020b09e649ec93e,0fee9b6df096a4f827906deb8f5a7b938ee07f9b977e21ee55c5b5594999747d,main=366bf529c29cb999bfd043db33674a510ba184c7; main=a33fc7e10b5bc25a053e982f0ff24ff60eda042f; EXP11B execution_head=ea4bc0bde3246b40a25453dabeef5d571cf7c021,outputs/evaluation/exp11b_historical_retrieval_h150_h200_v0.1/exp11b_retrieval_case_level_v0.1.csv,146687bd963afae75e39c2f23cc5dfeb36089138,EXP11B_H150_H200_PAIRED_SENSITIVITY:Top-5,none inferential; descriptive paired-seed H150/H200 sensitivity,not assigned,DESCRIPTIVE_ONLY,not applicable because no inferential decision is authorized,H150/H200 paired by seed; current seed=20261024; repeated EVAL is not independent,retain paired-seed descriptive differences and frozen summaries only; no inferential interval,10 x 1056 independent observations | invented seed superpopulation | isolated causal bank-size effect | split 3000/1006,only ten approved paired banks; repeated benchmark and coupled bank composition,
G3F02-0451,EXP11B_H150_H200_PAIRED_SENSITIVITY,historical-bank sensitivity supporting interpretation boundaries,EXP-11B,DESCRIPTIVE_ONLY,DESCRIPTIVE,EXP11B_R10_H200,EXP11B_PAIRED_BANK_SENSITIVITY,Top-10,frozen Top-10 for canonical H200 bank; seed=20261024,922,1056,0.8731060606060606,proportion,MATERIALIZED_FROZEN_VALUE,EVAL_V02_CHAPTER_87,3ddb7a0e80d8bfa20b985655f03d6ab65470b40f0738093413909b6584aee941,1056,67,paired seed/bank for descriptive sensitivity; SERIE remains the metric denominator within run,10 paired seeds; same 1056 EVAL series and 67 DAM repeated in every run,outputs/evaluation/exp11b_historical_retrieval_h150_h200_v0.1/exp11b_retrieval_metrics_by_bank_v0.1.csv,49d5598e0699c12c14ed62235020b09e649ec93e,0fee9b6df096a4f827906deb8f5a7b938ee07f9b977e21ee55c5b5594999747d,main=366bf529c29cb999bfd043db33674a510ba184c7; main=a33fc7e10b5bc25a053e982f0ff24ff60eda042f; EXP11B execution_head=ea4bc0bde3246b40a25453dabeef5d571cf7c021,outputs/evaluation/exp11b_historical_retrieval_h150_h200_v0.1/exp11b_retrieval_case_level_v0.1.csv,146687bd963afae75e39c2f23cc5dfeb36089138,EXP11B_H150_H200_PAIRED_SENSITIVITY:Top-10,none inferential; descriptive paired-seed H150/H200 sensitivity,not assigned,DESCRIPTIVE_ONLY,not applicable because no inferential decision is authorized,H150/H200 paired by seed; current seed=20261024; repeated EVAL is not independent,retain paired-seed descriptive differences and frozen summaries only; no inferential interval,10 x 1056 independent observations | invented seed superpopulation | isolated causal bank-size effect | split 3000/1006,only ten approved paired banks; repeated benchmark and coupled bank composition,
G3F02-0452,EXP11B_H150_H200_PAIRED_SENSITIVITY,historical-bank sensitivity supporting interpretation boundaries,EXP-11B,DESCRIPTIVE_ONLY,DESCRIPTIVE,EXP11B_R10_H200,EXP11B_PAIRED_BANK_SENSITIVITY,Top-50,frozen Top-50 for canonical H200 bank; seed=20261024,1038,1056,0.9829545454545454,proportion,MATERIALIZED_FROZEN_VALUE,EVAL_V02_CHAPTER_87,3ddb7a0e80d8bfa20b985655f03d6ab65470b40f0738093413909b6584aee941,1056,67,paired seed/bank for descriptive sensitivity; SERIE remains the metric denominator within run,10 paired seeds; same 1056 EVAL series and 67 DAM repeated in every run,outputs/evaluation/exp11b_historical_retrieval_h150_h200_v0.1/exp11b_retrieval_metrics_by_bank_v0.1.csv,49d5598e0699c12c14ed62235020b09e649ec93e,0fee9b6df096a4f827906deb8f5a7b938ee07f9b977e21ee55c5b5594999747d,main=366bf529c29cb999bfd043db33674a510ba184c7; main=a33fc7e10b5bc25a053e982f0ff24ff60eda042f; EXP11B execution_head=ea4bc0bde3246b40a25453dabeef5d571cf7c021,outputs/evaluation/exp11b_historical_retrieval_h150_h200_v0.1/exp11b_retrieval_case_level_v0.1.csv,146687bd963afae75e39c2f23cc5dfeb36089138,EXP11B_H150_H200_PAIRED_SENSITIVITY:Top-50,none inferential; descriptive paired-seed H150/H200 sensitivity,not assigned,DESCRIPTIVE_ONLY,not applicable because no inferential decision is authorized,H150/H200 paired by seed; current seed=20261024; repeated EVAL is not independent,retain paired-seed descriptive differences and frozen summaries only; no inferential interval,10 x 1056 independent observations | invented seed superpopulation | isolated causal bank-size effect | split 3000/1006,only ten approved paired banks; repeated benchmark and coupled bank composition,
G3F02-0453,EXP11B_H150_H200_PAIRED_SENSITIVITY,historical-bank sensitivity supporting interpretation boundaries,EXP-11B,DESCRIPTIVE_ONLY,DESCRIPTIVE,EXP11B_R10_H200,EXP11B_PAIRED_BANK_SENSITIVITY,MRR@100,frozen MRR@100 for canonical H200 bank; seed=20261024,662.9204576178805,1056,0.6277655848654171,mean_reciprocal_rank,MATERIALIZED_FROZEN_VALUE,EVAL_V02_CHAPTER_87,3ddb7a0e80d8bfa20b985655f03d6ab65470b40f0738093413909b6584aee941,1056,67,paired seed/bank for descriptive sensitivity; SERIE remains the metric denominator within run,10 paired seeds; same 1056 EVAL series and 67 DAM repeated in every run,outputs/evaluation/exp11b_historical_retrieval_h150_h200_v0.1/exp11b_retrieval_metrics_by_bank_v0.1.csv,49d5598e0699c12c14ed62235020b09e649ec93e,0fee9b6df096a4f827906deb8f5a7b938ee07f9b977e21ee55c5b5594999747d,main=366bf529c29cb999bfd043db33674a510ba184c7; main=a33fc7e10b5bc25a053e982f0ff24ff60eda042f; EXP11B execution_head=ea4bc0bde3246b40a25453dabeef5d571cf7c021,outputs/evaluation/exp11b_historical_retrieval_h150_h200_v0.1/exp11b_retrieval_case_level_v0.1.csv,146687bd963afae75e39c2f23cc5dfeb36089138,EXP11B_H150_H200_PAIRED_SENSITIVITY:MRR@100,none inferential; descriptive paired-seed H150/H200 sensitivity,not assigned,DESCRIPTIVE_ONLY,not applicable because no inferential decision is authorized,H150/H200 paired by seed; current seed=20261024; repeated EVAL is not independent,retain paired-seed descriptive differences and frozen summaries only; no inferential interval,10 x 1056 independent observations | invented seed superpopulation | isolated causal bank-size effect | split 3000/1006,only ten approved paired banks; repeated benchmark and coupled bank composition,
G3F02-0454,EXP11B_H150_H200_PAIRED_SENSITIVITY,historical-bank sensitivity supporting interpretation boundaries,EXP-11B,DESCRIPTIVE_ONLY,DESCRIPTIVE,SUMMARY_H150,EXP11B_CONDITION_SUMMARY,Top-1,frozen mean across 10 canonical H150 banks,,,0.512689393939394,condition_mean,SOURCE_VALUE_MATERIALIZED_WITHOUT_COMPONENTS,EVAL_V02_CHAPTER_87,3ddb7a0e80d8bfa20b985655f03d6ab65470b40f0738093413909b6584aee941,1056,67,paired seed/bank for descriptive sensitivity; SERIE remains the metric denominator within run,10 paired seeds; same 1056 EVAL series and 67 DAM repeated in every run,outputs/evaluation/exp11b_historical_retrieval_h150_h200_v0.1/exp11b_retrieval_condition_summary_v0.1.csv,144922ecee8ce9deda74db88e8dea85fb3af6f2e,30effe2a6ec5fe9fc04a20734f545463bd0d92613ff496be02b18aa3e00c572f,main=366bf529c29cb999bfd043db33674a510ba184c7; main=a33fc7e10b5bc25a053e982f0ff24ff60eda042f; EXP11B execution_head=ea4bc0bde3246b40a25453dabeef5d571cf7c021,outputs/evaluation/exp11b_historical_retrieval_h150_h200_v0.1/exp11b_retrieval_case_level_v0.1.csv,146687bd963afae75e39c2f23cc5dfeb36089138,EXP11B_H150_H200_PAIRED_SENSITIVITY:Top-1,none inferential; descriptive paired-seed H150/H200 sensitivity,not assigned,DESCRIPTIVE_ONLY,not applicable because no inferential decision is authorized,ten H150/H200 bank pairs by frozen seed; no seed superpopulation,retain paired-seed descriptive differences and frozen summaries only; no inferential interval,10 x 1056 independent observations | invented seed superpopulation | isolated causal bank-size effect | split 3000/1006,only ten approved paired banks; repeated benchmark and coupled bank composition,
G3F02-0455,EXP11B_H150_H200_PAIRED_SENSITIVITY,historical-bank sensitivity supporting interpretation boundaries,EXP-11B,DESCRIPTIVE_ONLY,DESCRIPTIVE,SUMMARY_H150,EXP11B_CONDITION_SUMMARY,Top-3,frozen mean across 10 canonical H150 banks,,,0.6899621212121212,condition_mean,SOURCE_VALUE_MATERIALIZED_WITHOUT_COMPONENTS,EVAL_V02_CHAPTER_87,3ddb7a0e80d8bfa20b985655f03d6ab65470b40f0738093413909b6584aee941,1056,67,paired seed/bank for descriptive sensitivity; SERIE remains the metric denominator within run,10 paired seeds; same 1056 EVAL series and 67 DAM repeated in every run,outputs/evaluation/exp11b_historical_retrieval_h150_h200_v0.1/exp11b_retrieval_condition_summary_v0.1.csv,144922ecee8ce9deda74db88e8dea85fb3af6f2e,30effe2a6ec5fe9fc04a20734f545463bd0d92613ff496be02b18aa3e00c572f,main=366bf529c29cb999bfd043db33674a510ba184c7; main=a33fc7e10b5bc25a053e982f0ff24ff60eda042f; EXP11B execution_head=ea4bc0bde3246b40a25453dabeef5d571cf7c021,outputs/evaluation/exp11b_historical_retrieval_h150_h200_v0.1/exp11b_retrieval_case_level_v0.1.csv,146687bd963afae75e39c2f23cc5dfeb36089138,EXP11B_H150_H200_PAIRED_SENSITIVITY:Top-3,none inferential; descriptive paired-seed H150/H200 sensitivity,not assigned,DESCRIPTIVE_ONLY,not applicable because no inferential decision is authorized,ten H150/H200 bank pairs by frozen seed; no seed superpopulation,retain paired-seed descriptive differences and frozen summaries only; no inferential interval,10 x 1056 independent observations | invented seed superpopulation | isolated causal bank-size effect | split 3000/1006,only ten approved paired banks; repeated benchmark and coupled bank composition,
G3F02-0456,EXP11B_H150_H200_PAIRED_SENSITIVITY,historical-bank sensitivity supporting interpretation boundaries,EXP-11B,DESCRIPTIVE_ONLY,DESCRIPTIVE,SUMMARY_H150,EXP11B_CONDITION_SUMMARY,Top-5,frozen mean across 10 canonical H150 banks,,,0.7833333333333333,condition_mean,SOURCE_VALUE_MATERIALIZED_WITHOUT_COMPONENTS,EVAL_V02_CHAPTER_87,3ddb7a0e80d8bfa20b985655f03d6ab65470b40f0738093413909b6584aee941,1056,67,paired seed/bank for descriptive sensitivity; SERIE remains the metric denominator within run,10 paired seeds; same 1056 EVAL series and 67 DAM repeated in every run,outputs/evaluation/exp11b_historical_retrieval_h150_h200_v0.1/exp11b_retrieval_condition_summary_v0.1.csv,144922ecee8ce9deda74db88e8dea85fb3af6f2e,30effe2a6ec5fe9fc04a20734f545463bd0d92613ff496be02b18aa3e00c572f,main=366bf529c29cb999bfd043db33674a510ba184c7; main=a33fc7e10b5bc25a053e982f0ff24ff60eda042f; EXP11B execution_head=ea4bc0bde3246b40a25453dabeef5d571cf7c021,outputs/evaluation/exp11b_historical_retrieval_h150_h200_v0.1/exp11b_retrieval_case_level_v0.1.csv,146687bd963afae75e39c2f23cc5dfeb36089138,EXP11B_H150_H200_PAIRED_SENSITIVITY:Top-5,none inferential; descriptive paired-seed H150/H200 sensitivity,not assigned,DESCRIPTIVE_ONLY,not applicable because no inferential decision is authorized,ten H150/H200 bank pairs by frozen seed; no seed superpopulation,retain paired-seed descriptive differences and frozen summaries only; no inferential interval,10 x 1056 independent observations | invented seed superpopulation | isolated causal bank-size effect | split 3000/1006,only ten approved paired banks; repeated benchmark and coupled bank composition,
G3F02-0457,EXP11B_H150_H200_PAIRED_SENSITIVITY,historical-bank sensitivity supporting interpretation boundaries,EXP-11B,DESCRIPTIVE_ONLY,DESCRIPTIVE,SUMMARY_H150,EXP11B_CONDITION_SUMMARY,Top-10,frozen mean across 10 canonical H150 banks,,,0.8915719696969697,condition_mean,SOURCE_VALUE_MATERIALIZED_WITHOUT_COMPONENTS,EVAL_V02_CHAPTER_87,3ddb7a0e80d8bfa20b985655f03d6ab65470b40f0738093413909b6584aee941,1056,67,paired seed/bank for descriptive sensitivity; SERIE remains the metric denominator within run,10 paired seeds; same 1056 EVAL series and 67 DAM repeated in every run,outputs/evaluation/exp11b_historical_retrieval_h150_h200_v0.1/exp11b_retrieval_condition_summary_v0.1.csv,144922ecee8ce9deda74db88e8dea85fb3af6f2e,30effe2a6ec5fe9fc04a20734f545463bd0d92613ff496be02b18aa3e00c572f,main=366bf529c29cb999bfd043db33674a510ba184c7; main=a33fc7e10b5bc25a053e982f0ff24ff60eda042f; EXP11B execution_head=ea4bc0bde3246b40a25453dabeef5d571cf7c021,outputs/evaluation/exp11b_historical_retrieval_h150_h200_v0.1/exp11b_retrieval_case_level_v0.1.csv,146687bd963afae75e39c2f23cc5dfeb36089138,EXP11B_H150_H200_PAIRED_SENSITIVITY:Top-10,none inferential; descriptive paired-seed H150/H200 sensitivity,not assigned,DESCRIPTIVE_ONLY,not applicable because no inferential decision is authorized,ten H150/H200 bank pairs by frozen seed; no seed superpopulation,retain paired-seed descriptive differences and frozen summaries only; no inferential interval,10 x 1056 independent observations | invented seed superpopulation | isolated causal bank-size effect | split 3000/1006,only ten approved paired banks; repeated benchmark and coupled bank composition,
G3F02-0458,EXP11B_H150_H200_PAIRED_SENSITIVITY,historical-bank sensitivity supporting interpretation boundaries,EXP-11B,DESCRIPTIVE_ONLY,DESCRIPTIVE,SUMMARY_H150,EXP11B_CONDITION_SUMMARY,Top-50,frozen mean across 10 canonical H150 banks,,,0.9895833333333334,condition_mean,SOURCE_VALUE_MATERIALIZED_WITHOUT_COMPONENTS,EVAL_V02_CHAPTER_87,3ddb7a0e80d8bfa20b985655f03d6ab65470b40f0738093413909b6584aee941,1056,67,paired seed/bank for descriptive sensitivity; SERIE remains the metric denominator within run,10 paired seeds; same 1056 EVAL series and 67 DAM repeated in every run,outputs/evaluation/exp11b_historical_retrieval_h150_h200_v0.1/exp11b_retrieval_condition_summary_v0.1.csv,144922ecee8ce9deda74db88e8dea85fb3af6f2e,30effe2a6ec5fe9fc04a20734f545463bd0d92613ff496be02b18aa3e00c572f,main=366bf529c29cb999bfd043db33674a510ba184c7; main=a33fc7e10b5bc25a053e982f0ff24ff60eda042f; EXP11B execution_head=ea4bc0bde3246b40a25453dabeef5d571cf7c021,outputs/evaluation/exp11b_historical_retrieval_h150_h200_v0.1/exp11b_retrieval_case_level_v0.1.csv,146687bd963afae75e39c2f23cc5dfeb36089138,EXP11B_H150_H200_PAIRED_SENSITIVITY:Top-50,none inferential; descriptive paired-seed H150/H200 sensitivity,not assigned,DESCRIPTIVE_ONLY,not applicable because no inferential decision is authorized,ten H150/H200 bank pairs by frozen seed; no seed superpopulation,retain paired-seed descriptive differences and frozen summaries only; no inferential interval,10 x 1056 independent observations | invented seed superpopulation | isolated causal bank-size effect | split 3000/1006,only ten approved paired banks; repeated benchmark and coupled bank composition,
G3F02-0459,EXP11B_H150_H200_PAIRED_SENSITIVITY,historical-bank sensitivity supporting interpretation boundaries,EXP-11B,DESCRIPTIVE_ONLY,DESCRIPTIVE,SUMMARY_H150,EXP11B_CONDITION_SUMMARY,MRR@100,frozen mean across 10 canonical H150 banks,,,0.6332675214603809,condition_mean,SOURCE_VALUE_MATERIALIZED_WITHOUT_COMPONENTS,EVAL_V02_CHAPTER_87,3ddb7a0e80d8bfa20b985655f03d6ab65470b40f0738093413909b6584aee941,1056,67,paired seed/bank for descriptive sensitivity; SERIE remains the metric denominator within run,10 paired seeds; same 1056 EVAL series and 67 DAM repeated in every run,outputs/evaluation/exp11b_historical_retrieval_h150_h200_v0.1/exp11b_retrieval_condition_summary_v0.1.csv,144922ecee8ce9deda74db88e8dea85fb3af6f2e,30effe2a6ec5fe9fc04a20734f545463bd0d92613ff496be02b18aa3e00c572f,main=366bf529c29cb999bfd043db33674a510ba184c7; main=a33fc7e10b5bc25a053e982f0ff24ff60eda042f; EXP11B execution_head=ea4bc0bde3246b40a25453dabeef5d571cf7c021,outputs/evaluation/exp11b_historical_retrieval_h150_h200_v0.1/exp11b_retrieval_case_level_v0.1.csv,146687bd963afae75e39c2f23cc5dfeb36089138,EXP11B_H150_H200_PAIRED_SENSITIVITY:MRR@100,none inferential; descriptive paired-seed H150/H200 sensitivity,not assigned,DESCRIPTIVE_ONLY,not applicable because no inferential decision is authorized,ten H150/H200 bank pairs by frozen seed; no seed superpopulation,retain paired-seed descriptive differences and frozen summaries only; no inferential interval,10 x 1056 independent observations | invented seed superpopulation | isolated causal bank-size effect | split 3000/1006,only ten approved paired banks; repeated benchmark and coupled bank composition,
G3F02-0460,EXP11B_H150_H200_PAIRED_SENSITIVITY,historical-bank sensitivity supporting interpretation boundaries,EXP-11B,DESCRIPTIVE_ONLY,DESCRIPTIVE,SUMMARY_H200,EXP11B_CONDITION_SUMMARY,Top-1,frozen mean across 10 canonical H200 banks,,,0.5141098484848485,condition_mean,SOURCE_VALUE_MATERIALIZED_WITHOUT_COMPONENTS,EVAL_V02_CHAPTER_87,3ddb7a0e80d8bfa20b985655f03d6ab65470b40f0738093413909b6584aee941,1056,67,paired seed/bank for descriptive sensitivity; SERIE remains the metric denominator within run,10 paired seeds; same 1056 EVAL series and 67 DAM repeated in every run,outputs/evaluation/exp11b_historical_retrieval_h150_h200_v0.1/exp11b_retrieval_condition_summary_v0.1.csv,144922ecee8ce9deda74db88e8dea85fb3af6f2e,30effe2a6ec5fe9fc04a20734f545463bd0d92613ff496be02b18aa3e00c572f,main=366bf529c29cb999bfd043db33674a510ba184c7; main=a33fc7e10b5bc25a053e982f0ff24ff60eda042f; EXP11B execution_head=ea4bc0bde3246b40a25453dabeef5d571cf7c021,outputs/evaluation/exp11b_historical_retrieval_h150_h200_v0.1/exp11b_retrieval_case_level_v0.1.csv,146687bd963afae75e39c2f23cc5dfeb36089138,EXP11B_H150_H200_PAIRED_SENSITIVITY:Top-1,none inferential; descriptive paired-seed H150/H200 sensitivity,not assigned,DESCRIPTIVE_ONLY,not applicable because no inferential decision is authorized,ten H150/H200 bank pairs by frozen seed; no seed superpopulation,retain paired-seed descriptive differences and frozen summaries only; no inferential interval,10 x 1056 independent observations | invented seed superpopulation | isolated causal bank-size effect | split 3000/1006,only ten approved paired banks; repeated benchmark and coupled bank composition,
G3F02-0461,EXP11B_H150_H200_PAIRED_SENSITIVITY,historical-bank sensitivity supporting interpretation boundaries,EXP-11B,DESCRIPTIVE_ONLY,DESCRIPTIVE,SUMMARY_H200,EXP11B_CONDITION_SUMMARY,Top-3,frozen mean across 10 canonical H200 banks,,,0.6894886363636363,condition_mean,SOURCE_VALUE_MATERIALIZED_WITHOUT_COMPONENTS,EVAL_V02_CHAPTER_87,3ddb7a0e80d8bfa20b985655f03d6ab65470b40f0738093413909b6584aee941,1056,67,paired seed/bank for descriptive sensitivity; SERIE remains the metric denominator within run,10 paired seeds; same 1056 EVAL series and 67 DAM repeated in every run,outputs/evaluation/exp11b_historical_retrieval_h150_h200_v0.1/exp11b_retrieval_condition_summary_v0.1.csv,144922ecee8ce9deda74db88e8dea85fb3af6f2e,30effe2a6ec5fe9fc04a20734f545463bd0d92613ff496be02b18aa3e00c572f,main=366bf529c29cb999bfd043db33674a510ba184c7; main=a33fc7e10b5bc25a053e982f0ff24ff60eda042f; EXP11B execution_head=ea4bc0bde3246b40a25453dabeef5d571cf7c021,outputs/evaluation/exp11b_historical_retrieval_h150_h200_v0.1/exp11b_retrieval_case_level_v0.1.csv,146687bd963afae75e39c2f23cc5dfeb36089138,EXP11B_H150_H200_PAIRED_SENSITIVITY:Top-3,none inferential; descriptive paired-seed H150/H200 sensitivity,not assigned,DESCRIPTIVE_ONLY,not applicable because no inferential decision is authorized,ten H150/H200 bank pairs by frozen seed; no seed superpopulation,retain paired-seed descriptive differences and frozen summaries only; no inferential interval,10 x 1056 independent observations | invented seed superpopulation | isolated causal bank-size effect | split 3000/1006,only ten approved paired banks; repeated benchmark and coupled bank composition,
G3F02-0462,EXP11B_H150_H200_PAIRED_SENSITIVITY,historical-bank sensitivity supporting interpretation boundaries,EXP-11B,DESCRIPTIVE_ONLY,DESCRIPTIVE,SUMMARY_H200,EXP11B_CONDITION_SUMMARY,Top-5,frozen mean across 10 canonical H200 banks,,,0.7820075757575757,condition_mean,SOURCE_VALUE_MATERIALIZED_WITHOUT_COMPONENTS,EVAL_V02_CHAPTER_87,3ddb7a0e80d8bfa20b985655f03d6ab65470b40f0738093413909b6584aee941,1056,67,paired seed/bank for descriptive sensitivity; SERIE remains the metric denominator within run,10 paired seeds; same 1056 EVAL series and 67 DAM repeated in every run,outputs/evaluation/exp11b_historical_retrieval_h150_h200_v0.1/exp11b_retrieval_condition_summary_v0.1.csv,144922ecee8ce9deda74db88e8dea85fb3af6f2e,30effe2a6ec5fe9fc04a20734f545463bd0d92613ff496be02b18aa3e00c572f,main=366bf529c29cb999bfd043db33674a510ba184c7; main=a33fc7e10b5bc25a053e982f0ff24ff60eda042f; EXP11B execution_head=ea4bc0bde3246b40a25453dabeef5d571cf7c021,outputs/evaluation/exp11b_historical_retrieval_h150_h200_v0.1/exp11b_retrieval_case_level_v0.1.csv,146687bd963afae75e39c2f23cc5dfeb36089138,EXP11B_H150_H200_PAIRED_SENSITIVITY:Top-5,none inferential; descriptive paired-seed H150/H200 sensitivity,not assigned,DESCRIPTIVE_ONLY,not applicable because no inferential decision is authorized,ten H150/H200 bank pairs by frozen seed; no seed superpopulation,retain paired-seed descriptive differences and frozen summaries only; no inferential interval,10 x 1056 independent observations | invented seed superpopulation | isolated causal bank-size effect | split 3000/1006,only ten approved paired banks; repeated benchmark and coupled bank composition,
G3F02-0463,EXP11B_H150_H200_PAIRED_SENSITIVITY,historical-bank sensitivity supporting interpretation boundaries,EXP-11B,DESCRIPTIVE_ONLY,DESCRIPTIVE,SUMMARY_H200,EXP11B_CONDITION_SUMMARY,Top-10,frozen mean across 10 canonical H200 banks,,,0.8952651515151515,condition_mean,SOURCE_VALUE_MATERIALIZED_WITHOUT_COMPONENTS,EVAL_V02_CHAPTER_87,3ddb7a0e80d8bfa20b985655f03d6ab65470b40f0738093413909b6584aee941,1056,67,paired seed/bank for descriptive sensitivity; SERIE remains the metric denominator within run,10 paired seeds; same 1056 EVAL series and 67 DAM repeated in every run,outputs/evaluation/exp11b_historical_retrieval_h150_h200_v0.1/exp11b_retrieval_condition_summary_v0.1.csv,144922ecee8ce9deda74db88e8dea85fb3af6f2e,30effe2a6ec5fe9fc04a20734f545463bd0d92613ff496be02b18aa3e00c572f,main=366bf529c29cb999bfd043db33674a510ba184c7; main=a33fc7e10b5bc25a053e982f0ff24ff60eda042f; EXP11B execution_head=ea4bc0bde3246b40a25453dabeef5d571cf7c021,outputs/evaluation/exp11b_historical_retrieval_h150_h200_v0.1/exp11b_retrieval_case_level_v0.1.csv,146687bd963afae75e39c2f23cc5dfeb36089138,EXP11B_H150_H200_PAIRED_SENSITIVITY:Top-10,none inferential; descriptive paired-seed H150/H200 sensitivity,not assigned,DESCRIPTIVE_ONLY,not applicable because no inferential decision is authorized,ten H150/H200 bank pairs by frozen seed; no seed superpopulation,retain paired-seed descriptive differences and frozen summaries only; no inferential interval,10 x 1056 independent observations | invented seed superpopulation | isolated causal bank-size effect | split 3000/1006,only ten approved paired banks; repeated benchmark and coupled bank composition,
G3F02-0464,EXP11B_H150_H200_PAIRED_SENSITIVITY,historical-bank sensitivity supporting interpretation boundaries,EXP-11B,DESCRIPTIVE_ONLY,DESCRIPTIVE,SUMMARY_H200,EXP11B_CONDITION_SUMMARY,Top-50,frozen mean across 10 canonical H200 banks,,,0.9852272727272726,condition_mean,SOURCE_VALUE_MATERIALIZED_WITHOUT_COMPONENTS,EVAL_V02_CHAPTER_87,3ddb7a0e80d8bfa20b985655f03d6ab65470b40f0738093413909b6584aee941,1056,67,paired seed/bank for descriptive sensitivity; SERIE remains the metric denominator within run,10 paired seeds; same 1056 EVAL series and 67 DAM repeated in every run,outputs/evaluation/exp11b_historical_retrieval_h150_h200_v0.1/exp11b_retrieval_condition_summary_v0.1.csv,144922ecee8ce9deda74db88e8dea85fb3af6f2e,30effe2a6ec5fe9fc04a20734f545463bd0d92613ff496be02b18aa3e00c572f,main=366bf529c29cb999bfd043db33674a510ba184c7; main=a33fc7e10b5bc25a053e982f0ff24ff60eda042f; EXP11B execution_head=ea4bc0bde3246b40a25453dabeef5d571cf7c021,outputs/evaluation/exp11b_historical_retrieval_h150_h200_v0.1/exp11b_retrieval_case_level_v0.1.csv,146687bd963afae75e39c2f23cc5dfeb36089138,EXP11B_H150_H200_PAIRED_SENSITIVITY:Top-50,none inferential; descriptive paired-seed H150/H200 sensitivity,not assigned,DESCRIPTIVE_ONLY,not applicable because no inferential decision is authorized,ten H150/H200 bank pairs by frozen seed; no seed superpopulation,retain paired-seed descriptive differences and frozen summaries only; no inferential interval,10 x 1056 independent observations | invented seed superpopulation | isolated causal bank-size effect | split 3000/1006,only ten approved paired banks; repeated benchmark and coupled bank composition,
G3F02-0465,EXP11B_H150_H200_PAIRED_SENSITIVITY,historical-bank sensitivity supporting interpretation boundaries,EXP-11B,DESCRIPTIVE_ONLY,DESCRIPTIVE,SUMMARY_H200,EXP11B_CONDITION_SUMMARY,MRR@100,frozen mean across 10 canonical H200 banks,,,0.6333104425906166,condition_mean,SOURCE_VALUE_MATERIALIZED_WITHOUT_COMPONENTS,EVAL_V02_CHAPTER_87,3ddb7a0e80d8bfa20b985655f03d6ab65470b40f0738093413909b6584aee941,1056,67,paired seed/bank for descriptive sensitivity; SERIE remains the metric denominator within run,10 paired seeds; same 1056 EVAL series and 67 DAM repeated in every run,outputs/evaluation/exp11b_historical_retrieval_h150_h200_v0.1/exp11b_retrieval_condition_summary_v0.1.csv,144922ecee8ce9deda74db88e8dea85fb3af6f2e,30effe2a6ec5fe9fc04a20734f545463bd0d92613ff496be02b18aa3e00c572f,main=366bf529c29cb999bfd043db33674a510ba184c7; main=a33fc7e10b5bc25a053e982f0ff24ff60eda042f; EXP11B execution_head=ea4bc0bde3246b40a25453dabeef5d571cf7c021,outputs/evaluation/exp11b_historical_retrieval_h150_h200_v0.1/exp11b_retrieval_case_level_v0.1.csv,146687bd963afae75e39c2f23cc5dfeb36089138,EXP11B_H150_H200_PAIRED_SENSITIVITY:MRR@100,none inferential; descriptive paired-seed H150/H200 sensitivity,not assigned,DESCRIPTIVE_ONLY,not applicable because no inferential decision is authorized,ten H150/H200 bank pairs by frozen seed; no seed superpopulation,retain paired-seed descriptive differences and frozen summaries only; no inferential interval,10 x 1056 independent observations | invented seed superpopulation | isolated causal bank-size effect | split 3000/1006,only ten approved paired banks; repeated benchmark and coupled bank composition,
G3F02-0466,0B05C_ATTEMPT06_CORRECTIVE_SENSITIVITY,corrective sensitivity and provenance limitation,0B-05C Attempt06,DESCRIPTIVE_ONLY,DESCRIPTIVE,EV03_CORRECTED_MINUS_CONTROL,ATTEMPT06_EV03_SENSITIVITY,mrr,frozen corrected-minus-control absolute delta copied from Attempt06 comparison,,1056,0.0,absolute_delta,MATERIALIZED_FROZEN_VALUE,EVAL_V02_CHAPTER_87,3ddb7a0e80d8bfa20b985655f03d6ab65470b40f0738093413909b6584aee941,1056,67,SERIE,DAM / DECLARACIÓN and paired arm within case,outputs/evaluation/0b05c_corrective_numerical_v0.5/ev03_aggregate_comparison_v0.5.json,1fa1aed2584c5612bbc5be16173e93d80c2dd92e,da71a74b2eb18e92321720b01b114b14a1bb26efead71bbe4ec4173e09b1565d,main=366bf529c29cb999bfd043db33674a510ba184c7; main=a33fc7e10b5bc25a053e982f0ff24ff60eda042f; Attempt06 authorization=a9b06b8748316d7f3c403eaa9d55b735e12d96c3,outputs/evaluation/0b05c_corrective_numerical_v0.5/ev03_case_level_comparison_v0.5.json,ca45ff5028ba3e53edc4154520a1452ceee1dddb,0B05C_ATTEMPT06_CORRECTIVE_SENSITIVITY:mrr,none inferential; descriptive corrected-versus-control sensitivity,not assigned,DESCRIPTIVE_ONLY,not applicable because no inferential decision is authorized,same fixed EVAL cases in control and corrected arms,report frozen sensitivity summaries and provenance only,Attempts 01-05 as current evidence | uncorrected outputs as primary | new causal claim,corrective intervention combines governed corpus/index changes and is not a randomized treatment,
G3F02-0467,0B05C_ATTEMPT06_CORRECTIVE_SENSITIVITY,corrective sensitivity and provenance limitation,0B-05C Attempt06,DESCRIPTIVE_ONLY,DESCRIPTIVE,EV03_CORRECTED_MINUS_CONTROL,ATTEMPT06_EV03_SENSITIVITY,top_1,frozen corrected-minus-control absolute delta copied from Attempt06 comparison,,1056,0.0,absolute_delta,MATERIALIZED_FROZEN_VALUE,EVAL_V02_CHAPTER_87,3ddb7a0e80d8bfa20b985655f03d6ab65470b40f0738093413909b6584aee941,1056,67,SERIE,DAM / DECLARACIÓN and paired arm within case,outputs/evaluation/0b05c_corrective_numerical_v0.5/ev03_aggregate_comparison_v0.5.json,1fa1aed2584c5612bbc5be16173e93d80c2dd92e,da71a74b2eb18e92321720b01b114b14a1bb26efead71bbe4ec4173e09b1565d,main=366bf529c29cb999bfd043db33674a510ba184c7; main=a33fc7e10b5bc25a053e982f0ff24ff60eda042f; Attempt06 authorization=a9b06b8748316d7f3c403eaa9d55b735e12d96c3,outputs/evaluation/0b05c_corrective_numerical_v0.5/ev03_case_level_comparison_v0.5.json,ca45ff5028ba3e53edc4154520a1452ceee1dddb,0B05C_ATTEMPT06_CORRECTIVE_SENSITIVITY:top_1,none inferential; descriptive corrected-versus-control sensitivity,not assigned,DESCRIPTIVE_ONLY,not applicable because no inferential decision is authorized,same fixed EVAL cases in control and corrected arms,report frozen sensitivity summaries and provenance only,Attempts 01-05 as current evidence | uncorrected outputs as primary | new causal claim,corrective intervention combines governed corpus/index changes and is not a randomized treatment,
G3F02-0468,0B05C_ATTEMPT06_CORRECTIVE_SENSITIVITY,corrective sensitivity and provenance limitation,0B-05C Attempt06,DESCRIPTIVE_ONLY,DESCRIPTIVE,EV03_CORRECTED_MINUS_CONTROL,ATTEMPT06_EV03_SENSITIVITY,top_3,frozen corrected-minus-control absolute delta copied from Attempt06 comparison,,1056,0.0,absolute_delta,MATERIALIZED_FROZEN_VALUE,EVAL_V02_CHAPTER_87,3ddb7a0e80d8bfa20b985655f03d6ab65470b40f0738093413909b6584aee941,1056,67,SERIE,DAM / DECLARACIÓN and paired arm within case,outputs/evaluation/0b05c_corrective_numerical_v0.5/ev03_aggregate_comparison_v0.5.json,1fa1aed2584c5612bbc5be16173e93d80c2dd92e,da71a74b2eb18e92321720b01b114b14a1bb26efead71bbe4ec4173e09b1565d,main=366bf529c29cb999bfd043db33674a510ba184c7; main=a33fc7e10b5bc25a053e982f0ff24ff60eda042f; Attempt06 authorization=a9b06b8748316d7f3c403eaa9d55b735e12d96c3,outputs/evaluation/0b05c_corrective_numerical_v0.5/ev03_case_level_comparison_v0.5.json,ca45ff5028ba3e53edc4154520a1452ceee1dddb,0B05C_ATTEMPT06_CORRECTIVE_SENSITIVITY:top_3,none inferential; descriptive corrected-versus-control sensitivity,not assigned,DESCRIPTIVE_ONLY,not applicable because no inferential decision is authorized,same fixed EVAL cases in control and corrected arms,report frozen sensitivity summaries and provenance only,Attempts 01-05 as current evidence | uncorrected outputs as primary | new causal claim,corrective intervention combines governed corpus/index changes and is not a randomized treatment,
G3F02-0469,0B05C_ATTEMPT06_CORRECTIVE_SENSITIVITY,corrective sensitivity and provenance limitation,0B-05C Attempt06,DESCRIPTIVE_ONLY,DESCRIPTIVE,EV03_CORRECTED_MINUS_CONTROL,ATTEMPT06_EV03_SENSITIVITY,top_5,frozen corrected-minus-control absolute delta copied from Attempt06 comparison,,1056,0.0,absolute_delta,MATERIALIZED_FROZEN_VALUE,EVAL_V02_CHAPTER_87,3ddb7a0e80d8bfa20b985655f03d6ab65470b40f0738093413909b6584aee941,1056,67,SERIE,DAM / DECLARACIÓN and paired arm within case,outputs/evaluation/0b05c_corrective_numerical_v0.5/ev03_aggregate_comparison_v0.5.json,1fa1aed2584c5612bbc5be16173e93d80c2dd92e,da71a74b2eb18e92321720b01b114b14a1bb26efead71bbe4ec4173e09b1565d,main=366bf529c29cb999bfd043db33674a510ba184c7; main=a33fc7e10b5bc25a053e982f0ff24ff60eda042f; Attempt06 authorization=a9b06b8748316d7f3c403eaa9d55b735e12d96c3,outputs/evaluation/0b05c_corrective_numerical_v0.5/ev03_case_level_comparison_v0.5.json,ca45ff5028ba3e53edc4154520a1452ceee1dddb,0B05C_ATTEMPT06_CORRECTIVE_SENSITIVITY:top_5,none inferential; descriptive corrected-versus-control sensitivity,not assigned,DESCRIPTIVE_ONLY,not applicable because no inferential decision is authorized,same fixed EVAL cases in control and corrected arms,report frozen sensitivity summaries and provenance only,Attempts 01-05 as current evidence | uncorrected outputs as primary | new causal claim,corrective intervention combines governed corpus/index changes and is not a randomized treatment,
G3F02-0470,0B05C_ATTEMPT06_CORRECTIVE_SENSITIVITY,corrective sensitivity and provenance limitation,0B-05C Attempt06,DESCRIPTIVE_ONLY,DESCRIPTIVE,EV03_CORRECTED_MINUS_CONTROL,ATTEMPT06_EV03_SENSITIVITY,top_10,frozen corrected-minus-control absolute delta copied from Attempt06 comparison,,1056,0.0,absolute_delta,MATERIALIZED_FROZEN_VALUE,EVAL_V02_CHAPTER_87,3ddb7a0e80d8bfa20b985655f03d6ab65470b40f0738093413909b6584aee941,1056,67,SERIE,DAM / DECLARACIÓN and paired arm within case,outputs/evaluation/0b05c_corrective_numerical_v0.5/ev03_aggregate_comparison_v0.5.json,1fa1aed2584c5612bbc5be16173e93d80c2dd92e,da71a74b2eb18e92321720b01b114b14a1bb26efead71bbe4ec4173e09b1565d,main=366bf529c29cb999bfd043db33674a510ba184c7; main=a33fc7e10b5bc25a053e982f0ff24ff60eda042f; Attempt06 authorization=a9b06b8748316d7f3c403eaa9d55b735e12d96c3,outputs/evaluation/0b05c_corrective_numerical_v0.5/ev03_case_level_comparison_v0.5.json,ca45ff5028ba3e53edc4154520a1452ceee1dddb,0B05C_ATTEMPT06_CORRECTIVE_SENSITIVITY:top_10,none inferential; descriptive corrected-versus-control sensitivity,not assigned,DESCRIPTIVE_ONLY,not applicable because no inferential decision is authorized,same fixed EVAL cases in control and corrected arms,report frozen sensitivity summaries and provenance only,Attempts 01-05 as current evidence | uncorrected outputs as primary | new causal claim,corrective intervention combines governed corpus/index changes and is not a randomized treatment,
G3F02-0471,0B05C_ATTEMPT06_CORRECTIVE_SENSITIVITY,corrective sensitivity and provenance limitation,0B-05C Attempt06,DESCRIPTIVE_ONLY,DESCRIPTIVE,EV03_CORRECTED_MINUS_CONTROL,ATTEMPT06_EV03_SENSITIVITY,top_50,frozen corrected-minus-control absolute delta copied from Attempt06 comparison,,1056,0.0,absolute_delta,MATERIALIZED_FROZEN_VALUE,EVAL_V02_CHAPTER_87,3ddb7a0e80d8bfa20b985655f03d6ab65470b40f0738093413909b6584aee941,1056,67,SERIE,DAM / DECLARACIÓN and paired arm within case,outputs/evaluation/0b05c_corrective_numerical_v0.5/ev03_aggregate_comparison_v0.5.json,1fa1aed2584c5612bbc5be16173e93d80c2dd92e,da71a74b2eb18e92321720b01b114b14a1bb26efead71bbe4ec4173e09b1565d,main=366bf529c29cb999bfd043db33674a510ba184c7; main=a33fc7e10b5bc25a053e982f0ff24ff60eda042f; Attempt06 authorization=a9b06b8748316d7f3c403eaa9d55b735e12d96c3,outputs/evaluation/0b05c_corrective_numerical_v0.5/ev03_case_level_comparison_v0.5.json,ca45ff5028ba3e53edc4154520a1452ceee1dddb,0B05C_ATTEMPT06_CORRECTIVE_SENSITIVITY:top_50,none inferential; descriptive corrected-versus-control sensitivity,not assigned,DESCRIPTIVE_ONLY,not applicable because no inferential decision is authorized,same fixed EVAL cases in control and corrected arms,report frozen sensitivity summaries and provenance only,Attempts 01-05 as current evidence | uncorrected outputs as primary | new causal claim,corrective intervention combines governed corpus/index changes and is not a randomized treatment,
G3F02-0472,0B05C_ATTEMPT06_CORRECTIVE_SENSITIVITY,corrective sensitivity and provenance limitation,0B-05C Attempt06,DESCRIPTIVE_ONLY,DESCRIPTIVE,EV03_CORRECTED_MINUS_CONTROL,ATTEMPT06_EV03_SENSITIVITY,recall_at_50,frozen corrected-minus-control absolute delta copied from Attempt06 comparison,,1056,0.0,absolute_delta,MATERIALIZED_FROZEN_VALUE,EVAL_V02_CHAPTER_87,3ddb7a0e80d8bfa20b985655f03d6ab65470b40f0738093413909b6584aee941,1056,67,SERIE,DAM / DECLARACIÓN and paired arm within case,outputs/evaluation/0b05c_corrective_numerical_v0.5/ev03_aggregate_comparison_v0.5.json,1fa1aed2584c5612bbc5be16173e93d80c2dd92e,da71a74b2eb18e92321720b01b114b14a1bb26efead71bbe4ec4173e09b1565d,main=366bf529c29cb999bfd043db33674a510ba184c7; main=a33fc7e10b5bc25a053e982f0ff24ff60eda042f; Attempt06 authorization=a9b06b8748316d7f3c403eaa9d55b735e12d96c3,outputs/evaluation/0b05c_corrective_numerical_v0.5/ev03_case_level_comparison_v0.5.json,ca45ff5028ba3e53edc4154520a1452ceee1dddb,0B05C_ATTEMPT06_CORRECTIVE_SENSITIVITY:recall_at_50,none inferential; descriptive corrected-versus-control sensitivity,not assigned,DESCRIPTIVE_ONLY,not applicable because no inferential decision is authorized,same fixed EVAL cases in control and corrected arms,report frozen sensitivity summaries and provenance only,Attempts 01-05 as current evidence | uncorrected outputs as primary | new causal claim,corrective intervention combines governed corpus/index changes and is not a randomized treatment,
G3F02-0473,0B05C_ATTEMPT06_CORRECTIVE_SENSITIVITY,corrective sensitivity and provenance limitation,0B-05C Attempt06,DESCRIPTIVE_ONLY,DESCRIPTIVE,EV03_CORRECTED_MINUS_CONTROL,ATTEMPT06_EV03_SENSITIVITY,recall_at_100,frozen corrected-minus-control absolute delta copied from Attempt06 comparison,,1056,0.0,absolute_delta,MATERIALIZED_FROZEN_VALUE,EVAL_V02_CHAPTER_87,3ddb7a0e80d8bfa20b985655f03d6ab65470b40f0738093413909b6584aee941,1056,67,SERIE,DAM / DECLARACIÓN and paired arm within case,outputs/evaluation/0b05c_corrective_numerical_v0.5/ev03_aggregate_comparison_v0.5.json,1fa1aed2584c5612bbc5be16173e93d80c2dd92e,da71a74b2eb18e92321720b01b114b14a1bb26efead71bbe4ec4173e09b1565d,main=366bf529c29cb999bfd043db33674a510ba184c7; main=a33fc7e10b5bc25a053e982f0ff24ff60eda042f; Attempt06 authorization=a9b06b8748316d7f3c403eaa9d55b735e12d96c3,outputs/evaluation/0b05c_corrective_numerical_v0.5/ev03_case_level_comparison_v0.5.json,ca45ff5028ba3e53edc4154520a1452ceee1dddb,0B05C_ATTEMPT06_CORRECTIVE_SENSITIVITY:recall_at_100,none inferential; descriptive corrected-versus-control sensitivity,not assigned,DESCRIPTIVE_ONLY,not applicable because no inferential decision is authorized,same fixed EVAL cases in control and corrected arms,report frozen sensitivity summaries and provenance only,Attempts 01-05 as current evidence | uncorrected outputs as primary | new causal claim,corrective intervention combines governed corpus/index changes and is not a randomized treatment,
G3F02-0474,0B05C_ATTEMPT06_CORRECTIVE_SENSITIVITY,corrective sensitivity and provenance limitation,0B-05C Attempt06,DESCRIPTIVE_ONLY,DESCRIPTIVE,EV03_CORRECTED_MINUS_CONTROL,ATTEMPT06_EV03_SENSITIVITY,partida_at_10,frozen corrected-minus-control absolute delta copied from Attempt06 comparison,,1056,0.0,absolute_delta,MATERIALIZED_FROZEN_VALUE,EVAL_V02_CHAPTER_87,3ddb7a0e80d8bfa20b985655f03d6ab65470b40f0738093413909b6584aee941,1056,67,SERIE,DAM / DECLARACIÓN and paired arm within case,outputs/evaluation/0b05c_corrective_numerical_v0.5/ev03_aggregate_comparison_v0.5.json,1fa1aed2584c5612bbc5be16173e93d80c2dd92e,da71a74b2eb18e92321720b01b114b14a1bb26efead71bbe4ec4173e09b1565d,main=366bf529c29cb999bfd043db33674a510ba184c7; main=a33fc7e10b5bc25a053e982f0ff24ff60eda042f; Attempt06 authorization=a9b06b8748316d7f3c403eaa9d55b735e12d96c3,outputs/evaluation/0b05c_corrective_numerical_v0.5/ev03_case_level_comparison_v0.5.json,ca45ff5028ba3e53edc4154520a1452ceee1dddb,0B05C_ATTEMPT06_CORRECTIVE_SENSITIVITY:partida_at_10,none inferential; descriptive corrected-versus-control sensitivity,not assigned,DESCRIPTIVE_ONLY,not applicable because no inferential decision is authorized,same fixed EVAL cases in control and corrected arms,report frozen sensitivity summaries and provenance only,Attempts 01-05 as current evidence | uncorrected outputs as primary | new causal claim,corrective intervention combines governed corpus/index changes and is not a randomized treatment,
G3F02-0475,0B05C_ATTEMPT06_CORRECTIVE_SENSITIVITY,corrective sensitivity and provenance limitation,0B-05C Attempt06,DESCRIPTIVE_ONLY,DESCRIPTIVE,EV03_CORRECTED_MINUS_CONTROL,ATTEMPT06_EV03_SENSITIVITY,sub_partida_at_10,frozen corrected-minus-control absolute delta copied from Attempt06 comparison,,1056,0.0,absolute_delta,MATERIALIZED_FROZEN_VALUE,EVAL_V02_CHAPTER_87,3ddb7a0e80d8bfa20b985655f03d6ab65470b40f0738093413909b6584aee941,1056,67,SERIE,DAM / DECLARACIÓN and paired arm within case,outputs/evaluation/0b05c_corrective_numerical_v0.5/ev03_aggregate_comparison_v0.5.json,1fa1aed2584c5612bbc5be16173e93d80c2dd92e,da71a74b2eb18e92321720b01b114b14a1bb26efead71bbe4ec4173e09b1565d,main=366bf529c29cb999bfd043db33674a510ba184c7; main=a33fc7e10b5bc25a053e982f0ff24ff60eda042f; Attempt06 authorization=a9b06b8748316d7f3c403eaa9d55b735e12d96c3,outputs/evaluation/0b05c_corrective_numerical_v0.5/ev03_case_level_comparison_v0.5.json,ca45ff5028ba3e53edc4154520a1452ceee1dddb,0B05C_ATTEMPT06_CORRECTIVE_SENSITIVITY:sub_partida_at_10,none inferential; descriptive corrected-versus-control sensitivity,not assigned,DESCRIPTIVE_ONLY,not applicable because no inferential decision is authorized,same fixed EVAL cases in control and corrected arms,report frozen sensitivity summaries and provenance only,Attempts 01-05 as current evidence | uncorrected outputs as primary | new causal claim,corrective intervention combines governed corpus/index changes and is not a randomized treatment,
G3F02-0476,0B05C_ATTEMPT06_CORRECTIVE_SENSITIVITY,corrective sensitivity and provenance limitation,0B-05C Attempt06,DESCRIPTIVE_ONLY,DESCRIPTIVE,EV03_CORRECTED_MINUS_CONTROL,ATTEMPT06_EV03_SENSITIVITY,clase_at_10,frozen corrected-minus-control absolute delta copied from Attempt06 comparison,,1056,0.0,absolute_delta,MATERIALIZED_FROZEN_VALUE,EVAL_V02_CHAPTER_87,3ddb7a0e80d8bfa20b985655f03d6ab65470b40f0738093413909b6584aee941,1056,67,SERIE,DAM / DECLARACIÓN and paired arm within case,outputs/evaluation/0b05c_corrective_numerical_v0.5/ev03_aggregate_comparison_v0.5.json,1fa1aed2584c5612bbc5be16173e93d80c2dd92e,da71a74b2eb18e92321720b01b114b14a1bb26efead71bbe4ec4173e09b1565d,main=366bf529c29cb999bfd043db33674a510ba184c7; main=a33fc7e10b5bc25a053e982f0ff24ff60eda042f; Attempt06 authorization=a9b06b8748316d7f3c403eaa9d55b735e12d96c3,outputs/evaluation/0b05c_corrective_numerical_v0.5/ev03_case_level_comparison_v0.5.json,ca45ff5028ba3e53edc4154520a1452ceee1dddb,0B05C_ATTEMPT06_CORRECTIVE_SENSITIVITY:clase_at_10,none inferential; descriptive corrected-versus-control sensitivity,not assigned,DESCRIPTIVE_ONLY,not applicable because no inferential decision is authorized,same fixed EVAL cases in control and corrected arms,report frozen sensitivity summaries and provenance only,Attempts 01-05 as current evidence | uncorrected outputs as primary | new causal claim,corrective intervention combines governed corpus/index changes and is not a randomized treatment,
G3F02-0477,0B05C_ATTEMPT06_CORRECTIVE_SENSITIVITY,corrective sensitivity and provenance limitation,0B-05C Attempt06,DESCRIPTIVE_ONLY,DESCRIPTIVE,EV03_CORRECTED_MINUS_CONTROL,ATTEMPT06_EV03_SENSITIVITY,partida_at_50,frozen corrected-minus-control absolute delta copied from Attempt06 comparison,,1056,0.0,absolute_delta,MATERIALIZED_FROZEN_VALUE,EVAL_V02_CHAPTER_87,3ddb7a0e80d8bfa20b985655f03d6ab65470b40f0738093413909b6584aee941,1056,67,SERIE,DAM / DECLARACIÓN and paired arm within case,outputs/evaluation/0b05c_corrective_numerical_v0.5/ev03_aggregate_comparison_v0.5.json,1fa1aed2584c5612bbc5be16173e93d80c2dd92e,da71a74b2eb18e92321720b01b114b14a1bb26efead71bbe4ec4173e09b1565d,main=366bf529c29cb999bfd043db33674a510ba184c7; main=a33fc7e10b5bc25a053e982f0ff24ff60eda042f; Attempt06 authorization=a9b06b8748316d7f3c403eaa9d55b735e12d96c3,outputs/evaluation/0b05c_corrective_numerical_v0.5/ev03_case_level_comparison_v0.5.json,ca45ff5028ba3e53edc4154520a1452ceee1dddb,0B05C_ATTEMPT06_CORRECTIVE_SENSITIVITY:partida_at_50,none inferential; descriptive corrected-versus-control sensitivity,not assigned,DESCRIPTIVE_ONLY,not applicable because no inferential decision is authorized,same fixed EVAL cases in control and corrected arms,report frozen sensitivity summaries and provenance only,Attempts 01-05 as current evidence | uncorrected outputs as primary | new causal claim,corrective intervention combines governed corpus/index changes and is not a randomized treatment,
G3F02-0478,0B05C_ATTEMPT06_CORRECTIVE_SENSITIVITY,corrective sensitivity and provenance limitation,0B-05C Attempt06,DESCRIPTIVE_ONLY,DESCRIPTIVE,EV03_CORRECTED_MINUS_CONTROL,ATTEMPT06_EV03_SENSITIVITY,sub_partida_at_50,frozen corrected-minus-control absolute delta copied from Attempt06 comparison,,1056,0.0,absolute_delta,MATERIALIZED_FROZEN_VALUE,EVAL_V02_CHAPTER_87,3ddb7a0e80d8bfa20b985655f03d6ab65470b40f0738093413909b6584aee941,1056,67,SERIE,DAM / DECLARACIÓN and paired arm within case,outputs/evaluation/0b05c_corrective_numerical_v0.5/ev03_aggregate_comparison_v0.5.json,1fa1aed2584c5612bbc5be16173e93d80c2dd92e,da71a74b2eb18e92321720b01b114b14a1bb26efead71bbe4ec4173e09b1565d,main=366bf529c29cb999bfd043db33674a510ba184c7; main=a33fc7e10b5bc25a053e982f0ff24ff60eda042f; Attempt06 authorization=a9b06b8748316d7f3c403eaa9d55b735e12d96c3,outputs/evaluation/0b05c_corrective_numerical_v0.5/ev03_case_level_comparison_v0.5.json,ca45ff5028ba3e53edc4154520a1452ceee1dddb,0B05C_ATTEMPT06_CORRECTIVE_SENSITIVITY:sub_partida_at_50,none inferential; descriptive corrected-versus-control sensitivity,not assigned,DESCRIPTIVE_ONLY,not applicable because no inferential decision is authorized,same fixed EVAL cases in control and corrected arms,report frozen sensitivity summaries and provenance only,Attempts 01-05 as current evidence | uncorrected outputs as primary | new causal claim,corrective intervention combines governed corpus/index changes and is not a randomized treatment,
G3F02-0479,0B05C_ATTEMPT06_CORRECTIVE_SENSITIVITY,corrective sensitivity and provenance limitation,0B-05C Attempt06,DESCRIPTIVE_ONLY,DESCRIPTIVE,EV03_CORRECTED_MINUS_CONTROL,ATTEMPT06_EV03_SENSITIVITY,clase_at_50,frozen corrected-minus-control absolute delta copied from Attempt06 comparison,,1056,0.0,absolute_delta,MATERIALIZED_FROZEN_VALUE,EVAL_V02_CHAPTER_87,3ddb7a0e80d8bfa20b985655f03d6ab65470b40f0738093413909b6584aee941,1056,67,SERIE,DAM / DECLARACIÓN and paired arm within case,outputs/evaluation/0b05c_corrective_numerical_v0.5/ev03_aggregate_comparison_v0.5.json,1fa1aed2584c5612bbc5be16173e93d80c2dd92e,da71a74b2eb18e92321720b01b114b14a1bb26efead71bbe4ec4173e09b1565d,main=366bf529c29cb999bfd043db33674a510ba184c7; main=a33fc7e10b5bc25a053e982f0ff24ff60eda042f; Attempt06 authorization=a9b06b8748316d7f3c403eaa9d55b735e12d96c3,outputs/evaluation/0b05c_corrective_numerical_v0.5/ev03_case_level_comparison_v0.5.json,ca45ff5028ba3e53edc4154520a1452ceee1dddb,0B05C_ATTEMPT06_CORRECTIVE_SENSITIVITY:clase_at_50,none inferential; descriptive corrected-versus-control sensitivity,not assigned,DESCRIPTIVE_ONLY,not applicable because no inferential decision is authorized,same fixed EVAL cases in control and corrected arms,report frozen sensitivity summaries and provenance only,Attempts 01-05 as current evidence | uncorrected outputs as primary | new causal claim,corrective intervention combines governed corpus/index changes and is not a randomized treatment,
G3F02-0480,0B05C_ATTEMPT06_CORRECTIVE_SENSITIVITY,corrective sensitivity and provenance limitation,0B-05C Attempt06,DESCRIPTIVE_ONLY,DESCRIPTIVE,EV03_CORRECTED_MINUS_CONTROL,ATTEMPT06_EV03_SENSITIVITY,partida_at_100,frozen corrected-minus-control absolute delta copied from Attempt06 comparison,,1056,0.0,absolute_delta,MATERIALIZED_FROZEN_VALUE,EVAL_V02_CHAPTER_87,3ddb7a0e80d8bfa20b985655f03d6ab65470b40f0738093413909b6584aee941,1056,67,SERIE,DAM / DECLARACIÓN and paired arm within case,outputs/evaluation/0b05c_corrective_numerical_v0.5/ev03_aggregate_comparison_v0.5.json,1fa1aed2584c5612bbc5be16173e93d80c2dd92e,da71a74b2eb18e92321720b01b114b14a1bb26efead71bbe4ec4173e09b1565d,main=366bf529c29cb999bfd043db33674a510ba184c7; main=a33fc7e10b5bc25a053e982f0ff24ff60eda042f; Attempt06 authorization=a9b06b8748316d7f3c403eaa9d55b735e12d96c3,outputs/evaluation/0b05c_corrective_numerical_v0.5/ev03_case_level_comparison_v0.5.json,ca45ff5028ba3e53edc4154520a1452ceee1dddb,0B05C_ATTEMPT06_CORRECTIVE_SENSITIVITY:partida_at_100,none inferential; descriptive corrected-versus-control sensitivity,not assigned,DESCRIPTIVE_ONLY,not applicable because no inferential decision is authorized,same fixed EVAL cases in control and corrected arms,report frozen sensitivity summaries and provenance only,Attempts 01-05 as current evidence | uncorrected outputs as primary | new causal claim,corrective intervention combines governed corpus/index changes and is not a randomized treatment,
G3F02-0481,0B05C_ATTEMPT06_CORRECTIVE_SENSITIVITY,corrective sensitivity and provenance limitation,0B-05C Attempt06,DESCRIPTIVE_ONLY,DESCRIPTIVE,EV03_CORRECTED_MINUS_CONTROL,ATTEMPT06_EV03_SENSITIVITY,sub_partida_at_100,frozen corrected-minus-control absolute delta copied from Attempt06 comparison,,1056,0.0,absolute_delta,MATERIALIZED_FROZEN_VALUE,EVAL_V02_CHAPTER_87,3ddb7a0e80d8bfa20b985655f03d6ab65470b40f0738093413909b6584aee941,1056,67,SERIE,DAM / DECLARACIÓN and paired arm within case,outputs/evaluation/0b05c_corrective_numerical_v0.5/ev03_aggregate_comparison_v0.5.json,1fa1aed2584c5612bbc5be16173e93d80c2dd92e,da71a74b2eb18e92321720b01b114b14a1bb26efead71bbe4ec4173e09b1565d,main=366bf529c29cb999bfd043db33674a510ba184c7; main=a33fc7e10b5bc25a053e982f0ff24ff60eda042f; Attempt06 authorization=a9b06b8748316d7f3c403eaa9d55b735e12d96c3,outputs/evaluation/0b05c_corrective_numerical_v0.5/ev03_case_level_comparison_v0.5.json,ca45ff5028ba3e53edc4154520a1452ceee1dddb,0B05C_ATTEMPT06_CORRECTIVE_SENSITIVITY:sub_partida_at_100,none inferential; descriptive corrected-versus-control sensitivity,not assigned,DESCRIPTIVE_ONLY,not applicable because no inferential decision is authorized,same fixed EVAL cases in control and corrected arms,report frozen sensitivity summaries and provenance only,Attempts 01-05 as current evidence | uncorrected outputs as primary | new causal claim,corrective intervention combines governed corpus/index changes and is not a randomized treatment,
G3F02-0482,0B05C_ATTEMPT06_CORRECTIVE_SENSITIVITY,corrective sensitivity and provenance limitation,0B-05C Attempt06,DESCRIPTIVE_ONLY,DESCRIPTIVE,EV03_CORRECTED_MINUS_CONTROL,ATTEMPT06_EV03_SENSITIVITY,clase_at_100,frozen corrected-minus-control absolute delta copied from Attempt06 comparison,,1056,0.0,absolute_delta,MATERIALIZED_FROZEN_VALUE,EVAL_V02_CHAPTER_87,3ddb7a0e80d8bfa20b985655f03d6ab65470b40f0738093413909b6584aee941,1056,67,SERIE,DAM / DECLARACIÓN and paired arm within case,outputs/evaluation/0b05c_corrective_numerical_v0.5/ev03_aggregate_comparison_v0.5.json,1fa1aed2584c5612bbc5be16173e93d80c2dd92e,da71a74b2eb18e92321720b01b114b14a1bb26efead71bbe4ec4173e09b1565d,main=366bf529c29cb999bfd043db33674a510ba184c7; main=a33fc7e10b5bc25a053e982f0ff24ff60eda042f; Attempt06 authorization=a9b06b8748316d7f3c403eaa9d55b735e12d96c3,outputs/evaluation/0b05c_corrective_numerical_v0.5/ev03_case_level_comparison_v0.5.json,ca45ff5028ba3e53edc4154520a1452ceee1dddb,0B05C_ATTEMPT06_CORRECTIVE_SENSITIVITY:clase_at_100,none inferential; descriptive corrected-versus-control sensitivity,not assigned,DESCRIPTIVE_ONLY,not applicable because no inferential decision is authorized,same fixed EVAL cases in control and corrected arms,report frozen sensitivity summaries and provenance only,Attempts 01-05 as current evidence | uncorrected outputs as primary | new causal claim,corrective intervention combines governed corpus/index changes and is not a randomized treatment,
G3F02-0483,0B05C_ATTEMPT06_CORRECTIVE_SENSITIVITY,corrective sensitivity and provenance limitation,0B-05C Attempt06,DESCRIPTIVE_ONLY,DESCRIPTIVE,EV04_CORRECTED_MINUS_CONTROL,ATTEMPT06_EV04_SENSITIVITY,mrr_at_100,frozen corrected-minus-control absolute delta copied from Attempt06 comparison,,1056,-9.511162528404171e-06,absolute_delta,MATERIALIZED_FROZEN_VALUE,EVAL_V02_CHAPTER_87,3ddb7a0e80d8bfa20b985655f03d6ab65470b40f0738093413909b6584aee941,1056,67,SERIE,DAM / DECLARACIÓN and paired arm within case,outputs/evaluation/0b05c_corrective_numerical_v0.5/ev04_aggregate_comparison_v0.5.json,3bf28c036b0a0af5dd54d88c3b0050c60365b7f1,681d9a7d4d43837b7d6c9aa092d0da8620db4f869b010d5a582f1f87066bb200,main=366bf529c29cb999bfd043db33674a510ba184c7; main=a33fc7e10b5bc25a053e982f0ff24ff60eda042f; Attempt06 authorization=a9b06b8748316d7f3c403eaa9d55b735e12d96c3,outputs/evaluation/0b05c_corrective_numerical_v0.5/ev04_case_level_comparison_v0.5.json,8f518ebd735e166ba6beca58e404913e4987bc2a,0B05C_ATTEMPT06_CORRECTIVE_SENSITIVITY:mrr_at_100,none inferential; descriptive corrected-versus-control sensitivity,not assigned,DESCRIPTIVE_ONLY,not applicable because no inferential decision is authorized,same fixed EVAL cases in control and corrected arms,report frozen sensitivity summaries and provenance only,Attempts 01-05 as current evidence | uncorrected outputs as primary | new causal claim,corrective intervention combines governed corpus/index changes and is not a randomized treatment,
G3F02-0484,0B05C_ATTEMPT06_CORRECTIVE_SENSITIVITY,corrective sensitivity and provenance limitation,0B-05C Attempt06,DESCRIPTIVE_ONLY,DESCRIPTIVE,EV04_CORRECTED_MINUS_CONTROL,ATTEMPT06_EV04_SENSITIVITY,mrr_at_200,frozen corrected-minus-control absolute delta copied from Attempt06 comparison,,1056,-9.511162528404171e-06,absolute_delta,MATERIALIZED_FROZEN_VALUE,EVAL_V02_CHAPTER_87,3ddb7a0e80d8bfa20b985655f03d6ab65470b40f0738093413909b6584aee941,1056,67,SERIE,DAM / DECLARACIÓN and paired arm within case,outputs/evaluation/0b05c_corrective_numerical_v0.5/ev04_aggregate_comparison_v0.5.json,3bf28c036b0a0af5dd54d88c3b0050c60365b7f1,681d9a7d4d43837b7d6c9aa092d0da8620db4f869b010d5a582f1f87066bb200,main=366bf529c29cb999bfd043db33674a510ba184c7; main=a33fc7e10b5bc25a053e982f0ff24ff60eda042f; Attempt06 authorization=a9b06b8748316d7f3c403eaa9d55b735e12d96c3,outputs/evaluation/0b05c_corrective_numerical_v0.5/ev04_case_level_comparison_v0.5.json,8f518ebd735e166ba6beca58e404913e4987bc2a,0B05C_ATTEMPT06_CORRECTIVE_SENSITIVITY:mrr_at_200,none inferential; descriptive corrected-versus-control sensitivity,not assigned,DESCRIPTIVE_ONLY,not applicable because no inferential decision is authorized,same fixed EVAL cases in control and corrected arms,report frozen sensitivity summaries and provenance only,Attempts 01-05 as current evidence | uncorrected outputs as primary | new causal claim,corrective intervention combines governed corpus/index changes and is not a randomized treatment,
G3F02-0485,0B05C_ATTEMPT06_CORRECTIVE_SENSITIVITY,corrective sensitivity and provenance limitation,0B-05C Attempt06,DESCRIPTIVE_ONLY,DESCRIPTIVE,EV04_CORRECTED_MINUS_CONTROL,ATTEMPT06_EV04_SENSITIVITY,mrr_101_200_contribution,frozen corrected-minus-control absolute delta copied from Attempt06 comparison,,1056,0.0,absolute_delta,MATERIALIZED_FROZEN_VALUE,EVAL_V02_CHAPTER_87,3ddb7a0e80d8bfa20b985655f03d6ab65470b40f0738093413909b6584aee941,1056,67,SERIE,DAM / DECLARACIÓN and paired arm within case,outputs/evaluation/0b05c_corrective_numerical_v0.5/ev04_aggregate_comparison_v0.5.json,3bf28c036b0a0af5dd54d88c3b0050c60365b7f1,681d9a7d4d43837b7d6c9aa092d0da8620db4f869b010d5a582f1f87066bb200,main=366bf529c29cb999bfd043db33674a510ba184c7; main=a33fc7e10b5bc25a053e982f0ff24ff60eda042f; Attempt06 authorization=a9b06b8748316d7f3c403eaa9d55b735e12d96c3,outputs/evaluation/0b05c_corrective_numerical_v0.5/ev04_case_level_comparison_v0.5.json,8f518ebd735e166ba6beca58e404913e4987bc2a,0B05C_ATTEMPT06_CORRECTIVE_SENSITIVITY:mrr_101_200_contribution,none inferential; descriptive corrected-versus-control sensitivity,not assigned,DESCRIPTIVE_ONLY,not applicable because no inferential decision is authorized,same fixed EVAL cases in control and corrected arms,report frozen sensitivity summaries and provenance only,Attempts 01-05 as current evidence | uncorrected outputs as primary | new causal claim,corrective intervention combines governed corpus/index changes and is not a randomized treatment,
G3F02-0486,0B05C_ATTEMPT06_CORRECTIVE_SENSITIVITY,corrective sensitivity and provenance limitation,0B-05C Attempt06,DESCRIPTIVE_ONLY,DESCRIPTIVE,EV04_CORRECTED_MINUS_CONTROL,ATTEMPT06_EV04_SENSITIVITY,top_1,frozen corrected-minus-control absolute delta copied from Attempt06 comparison,,1056,0.0,absolute_delta,MATERIALIZED_FROZEN_VALUE,EVAL_V02_CHAPTER_87,3ddb7a0e80d8bfa20b985655f03d6ab65470b40f0738093413909b6584aee941,1056,67,SERIE,DAM / DECLARACIÓN and paired arm within case,outputs/evaluation/0b05c_corrective_numerical_v0.5/ev04_aggregate_comparison_v0.5.json,3bf28c036b0a0af5dd54d88c3b0050c60365b7f1,681d9a7d4d43837b7d6c9aa092d0da8620db4f869b010d5a582f1f87066bb200,main=366bf529c29cb999bfd043db33674a510ba184c7; main=a33fc7e10b5bc25a053e982f0ff24ff60eda042f; Attempt06 authorization=a9b06b8748316d7f3c403eaa9d55b735e12d96c3,outputs/evaluation/0b05c_corrective_numerical_v0.5/ev04_case_level_comparison_v0.5.json,8f518ebd735e166ba6beca58e404913e4987bc2a,0B05C_ATTEMPT06_CORRECTIVE_SENSITIVITY:top_1,none inferential; descriptive corrected-versus-control sensitivity,not assigned,DESCRIPTIVE_ONLY,not applicable because no inferential decision is authorized,same fixed EVAL cases in control and corrected arms,report frozen sensitivity summaries and provenance only,Attempts 01-05 as current evidence | uncorrected outputs as primary | new causal claim,corrective intervention combines governed corpus/index changes and is not a randomized treatment,
G3F02-0487,0B05C_ATTEMPT06_CORRECTIVE_SENSITIVITY,corrective sensitivity and provenance limitation,0B-05C Attempt06,DESCRIPTIVE_ONLY,DESCRIPTIVE,EV04_CORRECTED_MINUS_CONTROL,ATTEMPT06_EV04_SENSITIVITY,top_3,frozen corrected-minus-control absolute delta copied from Attempt06 comparison,,1056,0.0,absolute_delta,MATERIALIZED_FROZEN_VALUE,EVAL_V02_CHAPTER_87,3ddb7a0e80d8bfa20b985655f03d6ab65470b40f0738093413909b6584aee941,1056,67,SERIE,DAM / DECLARACIÓN and paired arm within case,outputs/evaluation/0b05c_corrective_numerical_v0.5/ev04_aggregate_comparison_v0.5.json,3bf28c036b0a0af5dd54d88c3b0050c60365b7f1,681d9a7d4d43837b7d6c9aa092d0da8620db4f869b010d5a582f1f87066bb200,main=366bf529c29cb999bfd043db33674a510ba184c7; main=a33fc7e10b5bc25a053e982f0ff24ff60eda042f; Attempt06 authorization=a9b06b8748316d7f3c403eaa9d55b735e12d96c3,outputs/evaluation/0b05c_corrective_numerical_v0.5/ev04_case_level_comparison_v0.5.json,8f518ebd735e166ba6beca58e404913e4987bc2a,0B05C_ATTEMPT06_CORRECTIVE_SENSITIVITY:top_3,none inferential; descriptive corrected-versus-control sensitivity,not assigned,DESCRIPTIVE_ONLY,not applicable because no inferential decision is authorized,same fixed EVAL cases in control and corrected arms,report frozen sensitivity summaries and provenance only,Attempts 01-05 as current evidence | uncorrected outputs as primary | new causal claim,corrective intervention combines governed corpus/index changes and is not a randomized treatment,
G3F02-0488,0B05C_ATTEMPT06_CORRECTIVE_SENSITIVITY,corrective sensitivity and provenance limitation,0B-05C Attempt06,DESCRIPTIVE_ONLY,DESCRIPTIVE,EV04_CORRECTED_MINUS_CONTROL,ATTEMPT06_EV04_SENSITIVITY,top_5,frozen corrected-minus-control absolute delta copied from Attempt06 comparison,,1056,0.0,absolute_delta,MATERIALIZED_FROZEN_VALUE,EVAL_V02_CHAPTER_87,3ddb7a0e80d8bfa20b985655f03d6ab65470b40f0738093413909b6584aee941,1056,67,SERIE,DAM / DECLARACIÓN and paired arm within case,outputs/evaluation/0b05c_corrective_numerical_v0.5/ev04_aggregate_comparison_v0.5.json,3bf28c036b0a0af5dd54d88c3b0050c60365b7f1,681d9a7d4d43837b7d6c9aa092d0da8620db4f869b010d5a582f1f87066bb200,main=366bf529c29cb999bfd043db33674a510ba184c7; main=a33fc7e10b5bc25a053e982f0ff24ff60eda042f; Attempt06 authorization=a9b06b8748316d7f3c403eaa9d55b735e12d96c3,outputs/evaluation/0b05c_corrective_numerical_v0.5/ev04_case_level_comparison_v0.5.json,8f518ebd735e166ba6beca58e404913e4987bc2a,0B05C_ATTEMPT06_CORRECTIVE_SENSITIVITY:top_5,none inferential; descriptive corrected-versus-control sensitivity,not assigned,DESCRIPTIVE_ONLY,not applicable because no inferential decision is authorized,same fixed EVAL cases in control and corrected arms,report frozen sensitivity summaries and provenance only,Attempts 01-05 as current evidence | uncorrected outputs as primary | new causal claim,corrective intervention combines governed corpus/index changes and is not a randomized treatment,
G3F02-0489,0B05C_ATTEMPT06_CORRECTIVE_SENSITIVITY,corrective sensitivity and provenance limitation,0B-05C Attempt06,DESCRIPTIVE_ONLY,DESCRIPTIVE,EV04_CORRECTED_MINUS_CONTROL,ATTEMPT06_EV04_SENSITIVITY,top_10,frozen corrected-minus-control absolute delta copied from Attempt06 comparison,,1056,0.0,absolute_delta,MATERIALIZED_FROZEN_VALUE,EVAL_V02_CHAPTER_87,3ddb7a0e80d8bfa20b985655f03d6ab65470b40f0738093413909b6584aee941,1056,67,SERIE,DAM / DECLARACIÓN and paired arm within case,outputs/evaluation/0b05c_corrective_numerical_v0.5/ev04_aggregate_comparison_v0.5.json,3bf28c036b0a0af5dd54d88c3b0050c60365b7f1,681d9a7d4d43837b7d6c9aa092d0da8620db4f869b010d5a582f1f87066bb200,main=366bf529c29cb999bfd043db33674a510ba184c7; main=a33fc7e10b5bc25a053e982f0ff24ff60eda042f; Attempt06 authorization=a9b06b8748316d7f3c403eaa9d55b735e12d96c3,outputs/evaluation/0b05c_corrective_numerical_v0.5/ev04_case_level_comparison_v0.5.json,8f518ebd735e166ba6beca58e404913e4987bc2a,0B05C_ATTEMPT06_CORRECTIVE_SENSITIVITY:top_10,none inferential; descriptive corrected-versus-control sensitivity,not assigned,DESCRIPTIVE_ONLY,not applicable because no inferential decision is authorized,same fixed EVAL cases in control and corrected arms,report frozen sensitivity summaries and provenance only,Attempts 01-05 as current evidence | uncorrected outputs as primary | new causal claim,corrective intervention combines governed corpus/index changes and is not a randomized treatment,
G3F02-0490,0B05C_ATTEMPT06_CORRECTIVE_SENSITIVITY,corrective sensitivity and provenance limitation,0B-05C Attempt06,DESCRIPTIVE_ONLY,DESCRIPTIVE,EV04_CORRECTED_MINUS_CONTROL,ATTEMPT06_EV04_SENSITIVITY,top_50,frozen corrected-minus-control absolute delta copied from Attempt06 comparison,,1056,0.0,absolute_delta,MATERIALIZED_FROZEN_VALUE,EVAL_V02_CHAPTER_87,3ddb7a0e80d8bfa20b985655f03d6ab65470b40f0738093413909b6584aee941,1056,67,SERIE,DAM / DECLARACIÓN and paired arm within case,outputs/evaluation/0b05c_corrective_numerical_v0.5/ev04_aggregate_comparison_v0.5.json,3bf28c036b0a0af5dd54d88c3b0050c60365b7f1,681d9a7d4d43837b7d6c9aa092d0da8620db4f869b010d5a582f1f87066bb200,main=366bf529c29cb999bfd043db33674a510ba184c7; main=a33fc7e10b5bc25a053e982f0ff24ff60eda042f; Attempt06 authorization=a9b06b8748316d7f3c403eaa9d55b735e12d96c3,outputs/evaluation/0b05c_corrective_numerical_v0.5/ev04_case_level_comparison_v0.5.json,8f518ebd735e166ba6beca58e404913e4987bc2a,0B05C_ATTEMPT06_CORRECTIVE_SENSITIVITY:top_50,none inferential; descriptive corrected-versus-control sensitivity,not assigned,DESCRIPTIVE_ONLY,not applicable because no inferential decision is authorized,same fixed EVAL cases in control and corrected arms,report frozen sensitivity summaries and provenance only,Attempts 01-05 as current evidence | uncorrected outputs as primary | new causal claim,corrective intervention combines governed corpus/index changes and is not a randomized treatment,
G3F02-0491,0B05C_ATTEMPT06_CORRECTIVE_SENSITIVITY,corrective sensitivity and provenance limitation,0B-05C Attempt06,DESCRIPTIVE_ONLY,DESCRIPTIVE,EV04_CORRECTED_MINUS_CONTROL,ATTEMPT06_EV04_SENSITIVITY,recall_at_50,frozen corrected-minus-control absolute delta copied from Attempt06 comparison,,1056,0.0,absolute_delta,MATERIALIZED_FROZEN_VALUE,EVAL_V02_CHAPTER_87,3ddb7a0e80d8bfa20b985655f03d6ab65470b40f0738093413909b6584aee941,1056,67,SERIE,DAM / DECLARACIÓN and paired arm within case,outputs/evaluation/0b05c_corrective_numerical_v0.5/ev04_aggregate_comparison_v0.5.json,3bf28c036b0a0af5dd54d88c3b0050c60365b7f1,681d9a7d4d43837b7d6c9aa092d0da8620db4f869b010d5a582f1f87066bb200,main=366bf529c29cb999bfd043db33674a510ba184c7; main=a33fc7e10b5bc25a053e982f0ff24ff60eda042f; Attempt06 authorization=a9b06b8748316d7f3c403eaa9d55b735e12d96c3,outputs/evaluation/0b05c_corrective_numerical_v0.5/ev04_case_level_comparison_v0.5.json,8f518ebd735e166ba6beca58e404913e4987bc2a,0B05C_ATTEMPT06_CORRECTIVE_SENSITIVITY:recall_at_50,none inferential; descriptive corrected-versus-control sensitivity,not assigned,DESCRIPTIVE_ONLY,not applicable because no inferential decision is authorized,same fixed EVAL cases in control and corrected arms,report frozen sensitivity summaries and provenance only,Attempts 01-05 as current evidence | uncorrected outputs as primary | new causal claim,corrective intervention combines governed corpus/index changes and is not a randomized treatment,
G3F02-0492,0B05C_ATTEMPT06_CORRECTIVE_SENSITIVITY,corrective sensitivity and provenance limitation,0B-05C Attempt06,DESCRIPTIVE_ONLY,DESCRIPTIVE,EV04_CORRECTED_MINUS_CONTROL,ATTEMPT06_EV04_SENSITIVITY,recall_at_100,frozen corrected-minus-control absolute delta copied from Attempt06 comparison,,1056,0.0,absolute_delta,MATERIALIZED_FROZEN_VALUE,EVAL_V02_CHAPTER_87,3ddb7a0e80d8bfa20b985655f03d6ab65470b40f0738093413909b6584aee941,1056,67,SERIE,DAM / DECLARACIÓN and paired arm within case,outputs/evaluation/0b05c_corrective_numerical_v0.5/ev04_aggregate_comparison_v0.5.json,3bf28c036b0a0af5dd54d88c3b0050c60365b7f1,681d9a7d4d43837b7d6c9aa092d0da8620db4f869b010d5a582f1f87066bb200,main=366bf529c29cb999bfd043db33674a510ba184c7; main=a33fc7e10b5bc25a053e982f0ff24ff60eda042f; Attempt06 authorization=a9b06b8748316d7f3c403eaa9d55b735e12d96c3,outputs/evaluation/0b05c_corrective_numerical_v0.5/ev04_case_level_comparison_v0.5.json,8f518ebd735e166ba6beca58e404913e4987bc2a,0B05C_ATTEMPT06_CORRECTIVE_SENSITIVITY:recall_at_100,none inferential; descriptive corrected-versus-control sensitivity,not assigned,DESCRIPTIVE_ONLY,not applicable because no inferential decision is authorized,same fixed EVAL cases in control and corrected arms,report frozen sensitivity summaries and provenance only,Attempts 01-05 as current evidence | uncorrected outputs as primary | new causal claim,corrective intervention combines governed corpus/index changes and is not a randomized treatment,
G3F02-0493,0B05C_ATTEMPT06_CORRECTIVE_SENSITIVITY,corrective sensitivity and provenance limitation,0B-05C Attempt06,DESCRIPTIVE_ONLY,DESCRIPTIVE,EV04_CORRECTED_MINUS_CONTROL,ATTEMPT06_EV04_SENSITIVITY,recall_at_200,frozen corrected-minus-control absolute delta copied from Attempt06 comparison,,1056,0.0,absolute_delta,MATERIALIZED_FROZEN_VALUE,EVAL_V02_CHAPTER_87,3ddb7a0e80d8bfa20b985655f03d6ab65470b40f0738093413909b6584aee941,1056,67,SERIE,DAM / DECLARACIÓN and paired arm within case,outputs/evaluation/0b05c_corrective_numerical_v0.5/ev04_aggregate_comparison_v0.5.json,3bf28c036b0a0af5dd54d88c3b0050c60365b7f1,681d9a7d4d43837b7d6c9aa092d0da8620db4f869b010d5a582f1f87066bb200,main=366bf529c29cb999bfd043db33674a510ba184c7; main=a33fc7e10b5bc25a053e982f0ff24ff60eda042f; Attempt06 authorization=a9b06b8748316d7f3c403eaa9d55b735e12d96c3,outputs/evaluation/0b05c_corrective_numerical_v0.5/ev04_case_level_comparison_v0.5.json,8f518ebd735e166ba6beca58e404913e4987bc2a,0B05C_ATTEMPT06_CORRECTIVE_SENSITIVITY:recall_at_200,none inferential; descriptive corrected-versus-control sensitivity,not assigned,DESCRIPTIVE_ONLY,not applicable because no inferential decision is authorized,same fixed EVAL cases in control and corrected arms,report frozen sensitivity summaries and provenance only,Attempts 01-05 as current evidence | uncorrected outputs as primary | new causal claim,corrective intervention combines governed corpus/index changes and is not a randomized treatment,
G3F02-0494,0B05C_ATTEMPT06_CORRECTIVE_SENSITIVITY,corrective sensitivity and provenance limitation,0B-05C Attempt06,DESCRIPTIVE_ONLY,DESCRIPTIVE,EV04_CORRECTED_MINUS_CONTROL,ATTEMPT06_EV04_SENSITIVITY,pool_recall_at_200,frozen corrected-minus-control absolute delta copied from Attempt06 comparison,,1056,0.0,absolute_delta,MATERIALIZED_FROZEN_VALUE,EVAL_V02_CHAPTER_87,3ddb7a0e80d8bfa20b985655f03d6ab65470b40f0738093413909b6584aee941,1056,67,SERIE,DAM / DECLARACIÓN and paired arm within case,outputs/evaluation/0b05c_corrective_numerical_v0.5/ev04_aggregate_comparison_v0.5.json,3bf28c036b0a0af5dd54d88c3b0050c60365b7f1,681d9a7d4d43837b7d6c9aa092d0da8620db4f869b010d5a582f1f87066bb200,main=366bf529c29cb999bfd043db33674a510ba184c7; main=a33fc7e10b5bc25a053e982f0ff24ff60eda042f; Attempt06 authorization=a9b06b8748316d7f3c403eaa9d55b735e12d96c3,outputs/evaluation/0b05c_corrective_numerical_v0.5/ev04_case_level_comparison_v0.5.json,8f518ebd735e166ba6beca58e404913e4987bc2a,0B05C_ATTEMPT06_CORRECTIVE_SENSITIVITY:pool_recall_at_200,none inferential; descriptive corrected-versus-control sensitivity,not assigned,DESCRIPTIVE_ONLY,not applicable because no inferential decision is authorized,same fixed EVAL cases in control and corrected arms,report frozen sensitivity summaries and provenance only,Attempts 01-05 as current evidence | uncorrected outputs as primary | new causal claim,corrective intervention combines governed corpus/index changes and is not a randomized treatment,
G3F02-0495,0B05C_ATTEMPT06_CORRECTIVE_SENSITIVITY,corrective sensitivity and provenance limitation,0B-05C Attempt06,DESCRIPTIVE_ONLY,DESCRIPTIVE,EV04_CORRECTED_MINUS_CONTROL,ATTEMPT06_EV04_SENSITIVITY,exact_at_10,frozen corrected-minus-control absolute delta copied from Attempt06 comparison,,1056,0.0,absolute_delta,MATERIALIZED_FROZEN_VALUE,EVAL_V02_CHAPTER_87,3ddb7a0e80d8bfa20b985655f03d6ab65470b40f0738093413909b6584aee941,1056,67,SERIE,DAM / DECLARACIÓN and paired arm within case,outputs/evaluation/0b05c_corrective_numerical_v0.5/ev04_aggregate_comparison_v0.5.json,3bf28c036b0a0af5dd54d88c3b0050c60365b7f1,681d9a7d4d43837b7d6c9aa092d0da8620db4f869b010d5a582f1f87066bb200,main=366bf529c29cb999bfd043db33674a510ba184c7; main=a33fc7e10b5bc25a053e982f0ff24ff60eda042f; Attempt06 authorization=a9b06b8748316d7f3c403eaa9d55b735e12d96c3,outputs/evaluation/0b05c_corrective_numerical_v0.5/ev04_case_level_comparison_v0.5.json,8f518ebd735e166ba6beca58e404913e4987bc2a,0B05C_ATTEMPT06_CORRECTIVE_SENSITIVITY:exact_at_10,none inferential; descriptive corrected-versus-control sensitivity,not assigned,DESCRIPTIVE_ONLY,not applicable because no inferential decision is authorized,same fixed EVAL cases in control and corrected arms,report frozen sensitivity summaries and provenance only,Attempts 01-05 as current evidence | uncorrected outputs as primary | new causal claim,corrective intervention combines governed corpus/index changes and is not a randomized treatment,
G3F02-0496,0B05C_ATTEMPT06_CORRECTIVE_SENSITIVITY,corrective sensitivity and provenance limitation,0B-05C Attempt06,DESCRIPTIVE_ONLY,DESCRIPTIVE,EV04_CORRECTED_MINUS_CONTROL,ATTEMPT06_EV04_SENSITIVITY,hs6_at_10,frozen corrected-minus-control absolute delta copied from Attempt06 comparison,,1056,0.0,absolute_delta,MATERIALIZED_FROZEN_VALUE,EVAL_V02_CHAPTER_87,3ddb7a0e80d8bfa20b985655f03d6ab65470b40f0738093413909b6584aee941,1056,67,SERIE,DAM / DECLARACIÓN and paired arm within case,outputs/evaluation/0b05c_corrective_numerical_v0.5/ev04_aggregate_comparison_v0.5.json,3bf28c036b0a0af5dd54d88c3b0050c60365b7f1,681d9a7d4d43837b7d6c9aa092d0da8620db4f869b010d5a582f1f87066bb200,main=366bf529c29cb999bfd043db33674a510ba184c7; main=a33fc7e10b5bc25a053e982f0ff24ff60eda042f; Attempt06 authorization=a9b06b8748316d7f3c403eaa9d55b735e12d96c3,outputs/evaluation/0b05c_corrective_numerical_v0.5/ev04_case_level_comparison_v0.5.json,8f518ebd735e166ba6beca58e404913e4987bc2a,0B05C_ATTEMPT06_CORRECTIVE_SENSITIVITY:hs6_at_10,none inferential; descriptive corrected-versus-control sensitivity,not assigned,DESCRIPTIVE_ONLY,not applicable because no inferential decision is authorized,same fixed EVAL cases in control and corrected arms,report frozen sensitivity summaries and provenance only,Attempts 01-05 as current evidence | uncorrected outputs as primary | new causal claim,corrective intervention combines governed corpus/index changes and is not a randomized treatment,
G3F02-0497,0B05C_ATTEMPT06_CORRECTIVE_SENSITIVITY,corrective sensitivity and provenance limitation,0B-05C Attempt06,DESCRIPTIVE_ONLY,DESCRIPTIVE,EV04_CORRECTED_MINUS_CONTROL,ATTEMPT06_EV04_SENSITIVITY,hs4_at_10,frozen corrected-minus-control absolute delta copied from Attempt06 comparison,,1056,0.0,absolute_delta,MATERIALIZED_FROZEN_VALUE,EVAL_V02_CHAPTER_87,3ddb7a0e80d8bfa20b985655f03d6ab65470b40f0738093413909b6584aee941,1056,67,SERIE,DAM / DECLARACIÓN and paired arm within case,outputs/evaluation/0b05c_corrective_numerical_v0.5/ev04_aggregate_comparison_v0.5.json,3bf28c036b0a0af5dd54d88c3b0050c60365b7f1,681d9a7d4d43837b7d6c9aa092d0da8620db4f869b010d5a582f1f87066bb200,main=366bf529c29cb999bfd043db33674a510ba184c7; main=a33fc7e10b5bc25a053e982f0ff24ff60eda042f; Attempt06 authorization=a9b06b8748316d7f3c403eaa9d55b735e12d96c3,outputs/evaluation/0b05c_corrective_numerical_v0.5/ev04_case_level_comparison_v0.5.json,8f518ebd735e166ba6beca58e404913e4987bc2a,0B05C_ATTEMPT06_CORRECTIVE_SENSITIVITY:hs4_at_10,none inferential; descriptive corrected-versus-control sensitivity,not assigned,DESCRIPTIVE_ONLY,not applicable because no inferential decision is authorized,same fixed EVAL cases in control and corrected arms,report frozen sensitivity summaries and provenance only,Attempts 01-05 as current evidence | uncorrected outputs as primary | new causal claim,corrective intervention combines governed corpus/index changes and is not a randomized treatment,
G3F02-0498,0B05C_ATTEMPT06_CORRECTIVE_SENSITIVITY,corrective sensitivity and provenance limitation,0B-05C Attempt06,DESCRIPTIVE_ONLY,DESCRIPTIVE,EV04_CORRECTED_MINUS_CONTROL,ATTEMPT06_EV04_SENSITIVITY,chapter_at_10,frozen corrected-minus-control absolute delta copied from Attempt06 comparison,,1056,0.0,absolute_delta,MATERIALIZED_FROZEN_VALUE,EVAL_V02_CHAPTER_87,3ddb7a0e80d8bfa20b985655f03d6ab65470b40f0738093413909b6584aee941,1056,67,SERIE,DAM / DECLARACIÓN and paired arm within case,outputs/evaluation/0b05c_corrective_numerical_v0.5/ev04_aggregate_comparison_v0.5.json,3bf28c036b0a0af5dd54d88c3b0050c60365b7f1,681d9a7d4d43837b7d6c9aa092d0da8620db4f869b010d5a582f1f87066bb200,main=366bf529c29cb999bfd043db33674a510ba184c7; main=a33fc7e10b5bc25a053e982f0ff24ff60eda042f; Attempt06 authorization=a9b06b8748316d7f3c403eaa9d55b735e12d96c3,outputs/evaluation/0b05c_corrective_numerical_v0.5/ev04_case_level_comparison_v0.5.json,8f518ebd735e166ba6beca58e404913e4987bc2a,0B05C_ATTEMPT06_CORRECTIVE_SENSITIVITY:chapter_at_10,none inferential; descriptive corrected-versus-control sensitivity,not assigned,DESCRIPTIVE_ONLY,not applicable because no inferential decision is authorized,same fixed EVAL cases in control and corrected arms,report frozen sensitivity summaries and provenance only,Attempts 01-05 as current evidence | uncorrected outputs as primary | new causal claim,corrective intervention combines governed corpus/index changes and is not a randomized treatment,
G3F02-0499,0B05C_ATTEMPT06_CORRECTIVE_SENSITIVITY,corrective sensitivity and provenance limitation,0B-05C Attempt06,DESCRIPTIVE_ONLY,DESCRIPTIVE,EV04_CORRECTED_MINUS_CONTROL,ATTEMPT06_EV04_SENSITIVITY,exact_at_50,frozen corrected-minus-control absolute delta copied from Attempt06 comparison,,1056,0.0,absolute_delta,MATERIALIZED_FROZEN_VALUE,EVAL_V02_CHAPTER_87,3ddb7a0e80d8bfa20b985655f03d6ab65470b40f0738093413909b6584aee941,1056,67,SERIE,DAM / DECLARACIÓN and paired arm within case,outputs/evaluation/0b05c_corrective_numerical_v0.5/ev04_aggregate_comparison_v0.5.json,3bf28c036b0a0af5dd54d88c3b0050c60365b7f1,681d9a7d4d43837b7d6c9aa092d0da8620db4f869b010d5a582f1f87066bb200,main=366bf529c29cb999bfd043db33674a510ba184c7; main=a33fc7e10b5bc25a053e982f0ff24ff60eda042f; Attempt06 authorization=a9b06b8748316d7f3c403eaa9d55b735e12d96c3,outputs/evaluation/0b05c_corrective_numerical_v0.5/ev04_case_level_comparison_v0.5.json,8f518ebd735e166ba6beca58e404913e4987bc2a,0B05C_ATTEMPT06_CORRECTIVE_SENSITIVITY:exact_at_50,none inferential; descriptive corrected-versus-control sensitivity,not assigned,DESCRIPTIVE_ONLY,not applicable because no inferential decision is authorized,same fixed EVAL cases in control and corrected arms,report frozen sensitivity summaries and provenance only,Attempts 01-05 as current evidence | uncorrected outputs as primary | new causal claim,corrective intervention combines governed corpus/index changes and is not a randomized treatment,
G3F02-0500,0B05C_ATTEMPT06_CORRECTIVE_SENSITIVITY,corrective sensitivity and provenance limitation,0B-05C Attempt06,DESCRIPTIVE_ONLY,DESCRIPTIVE,EV04_CORRECTED_MINUS_CONTROL,ATTEMPT06_EV04_SENSITIVITY,hs6_at_50,frozen corrected-minus-control absolute delta copied from Attempt06 comparison,,1056,0.0,absolute_delta,MATERIALIZED_FROZEN_VALUE,EVAL_V02_CHAPTER_87,3ddb7a0e80d8bfa20b985655f03d6ab65470b40f0738093413909b6584aee941,1056,67,SERIE,DAM / DECLARACIÓN and paired arm within case,outputs/evaluation/0b05c_corrective_numerical_v0.5/ev04_aggregate_comparison_v0.5.json,3bf28c036b0a0af5dd54d88c3b0050c60365b7f1,681d9a7d4d43837b7d6c9aa092d0da8620db4f869b010d5a582f1f87066bb200,main=366bf529c29cb999bfd043db33674a510ba184c7; main=a33fc7e10b5bc25a053e982f0ff24ff60eda042f; Attempt06 authorization=a9b06b8748316d7f3c403eaa9d55b735e12d96c3,outputs/evaluation/0b05c_corrective_numerical_v0.5/ev04_case_level_comparison_v0.5.json,8f518ebd735e166ba6beca58e404913e4987bc2a,0B05C_ATTEMPT06_CORRECTIVE_SENSITIVITY:hs6_at_50,none inferential; descriptive corrected-versus-control sensitivity,not assigned,DESCRIPTIVE_ONLY,not applicable because no inferential decision is authorized,same fixed EVAL cases in control and corrected arms,report frozen sensitivity summaries and provenance only,Attempts 01-05 as current evidence | uncorrected outputs as primary | new causal claim,corrective intervention combines governed corpus/index changes and is not a randomized treatment,
G3F02-0501,0B05C_ATTEMPT06_CORRECTIVE_SENSITIVITY,corrective sensitivity and provenance limitation,0B-05C Attempt06,DESCRIPTIVE_ONLY,DESCRIPTIVE,EV04_CORRECTED_MINUS_CONTROL,ATTEMPT06_EV04_SENSITIVITY,hs4_at_50,frozen corrected-minus-control absolute delta copied from Attempt06 comparison,,1056,0.0,absolute_delta,MATERIALIZED_FROZEN_VALUE,EVAL_V02_CHAPTER_87,3ddb7a0e80d8bfa20b985655f03d6ab65470b40f0738093413909b6584aee941,1056,67,SERIE,DAM / DECLARACIÓN and paired arm within case,outputs/evaluation/0b05c_corrective_numerical_v0.5/ev04_aggregate_comparison_v0.5.json,3bf28c036b0a0af5dd54d88c3b0050c60365b7f1,681d9a7d4d43837b7d6c9aa092d0da8620db4f869b010d5a582f1f87066bb200,main=366bf529c29cb999bfd043db33674a510ba184c7; main=a33fc7e10b5bc25a053e982f0ff24ff60eda042f; Attempt06 authorization=a9b06b8748316d7f3c403eaa9d55b735e12d96c3,outputs/evaluation/0b05c_corrective_numerical_v0.5/ev04_case_level_comparison_v0.5.json,8f518ebd735e166ba6beca58e404913e4987bc2a,0B05C_ATTEMPT06_CORRECTIVE_SENSITIVITY:hs4_at_50,none inferential; descriptive corrected-versus-control sensitivity,not assigned,DESCRIPTIVE_ONLY,not applicable because no inferential decision is authorized,same fixed EVAL cases in control and corrected arms,report frozen sensitivity summaries and provenance only,Attempts 01-05 as current evidence | uncorrected outputs as primary | new causal claim,corrective intervention combines governed corpus/index changes and is not a randomized treatment,
G3F02-0502,0B05C_ATTEMPT06_CORRECTIVE_SENSITIVITY,corrective sensitivity and provenance limitation,0B-05C Attempt06,DESCRIPTIVE_ONLY,DESCRIPTIVE,EV04_CORRECTED_MINUS_CONTROL,ATTEMPT06_EV04_SENSITIVITY,chapter_at_50,frozen corrected-minus-control absolute delta copied from Attempt06 comparison,,1056,0.0,absolute_delta,MATERIALIZED_FROZEN_VALUE,EVAL_V02_CHAPTER_87,3ddb7a0e80d8bfa20b985655f03d6ab65470b40f0738093413909b6584aee941,1056,67,SERIE,DAM / DECLARACIÓN and paired arm within case,outputs/evaluation/0b05c_corrective_numerical_v0.5/ev04_aggregate_comparison_v0.5.json,3bf28c036b0a0af5dd54d88c3b0050c60365b7f1,681d9a7d4d43837b7d6c9aa092d0da8620db4f869b010d5a582f1f87066bb200,main=366bf529c29cb999bfd043db33674a510ba184c7; main=a33fc7e10b5bc25a053e982f0ff24ff60eda042f; Attempt06 authorization=a9b06b8748316d7f3c403eaa9d55b735e12d96c3,outputs/evaluation/0b05c_corrective_numerical_v0.5/ev04_case_level_comparison_v0.5.json,8f518ebd735e166ba6beca58e404913e4987bc2a,0B05C_ATTEMPT06_CORRECTIVE_SENSITIVITY:chapter_at_50,none inferential; descriptive corrected-versus-control sensitivity,not assigned,DESCRIPTIVE_ONLY,not applicable because no inferential decision is authorized,same fixed EVAL cases in control and corrected arms,report frozen sensitivity summaries and provenance only,Attempts 01-05 as current evidence | uncorrected outputs as primary | new causal claim,corrective intervention combines governed corpus/index changes and is not a randomized treatment,
G3F02-0503,0B05C_ATTEMPT06_CORRECTIVE_SENSITIVITY,corrective sensitivity and provenance limitation,0B-05C Attempt06,DESCRIPTIVE_ONLY,DESCRIPTIVE,EV04_CORRECTED_MINUS_CONTROL,ATTEMPT06_EV04_SENSITIVITY,exact_at_100,frozen corrected-minus-control absolute delta copied from Attempt06 comparison,,1056,0.0,absolute_delta,MATERIALIZED_FROZEN_VALUE,EVAL_V02_CHAPTER_87,3ddb7a0e80d8bfa20b985655f03d6ab65470b40f0738093413909b6584aee941,1056,67,SERIE,DAM / DECLARACIÓN and paired arm within case,outputs/evaluation/0b05c_corrective_numerical_v0.5/ev04_aggregate_comparison_v0.5.json,3bf28c036b0a0af5dd54d88c3b0050c60365b7f1,681d9a7d4d43837b7d6c9aa092d0da8620db4f869b010d5a582f1f87066bb200,main=366bf529c29cb999bfd043db33674a510ba184c7; main=a33fc7e10b5bc25a053e982f0ff24ff60eda042f; Attempt06 authorization=a9b06b8748316d7f3c403eaa9d55b735e12d96c3,outputs/evaluation/0b05c_corrective_numerical_v0.5/ev04_case_level_comparison_v0.5.json,8f518ebd735e166ba6beca58e404913e4987bc2a,0B05C_ATTEMPT06_CORRECTIVE_SENSITIVITY:exact_at_100,none inferential; descriptive corrected-versus-control sensitivity,not assigned,DESCRIPTIVE_ONLY,not applicable because no inferential decision is authorized,same fixed EVAL cases in control and corrected arms,report frozen sensitivity summaries and provenance only,Attempts 01-05 as current evidence | uncorrected outputs as primary | new causal claim,corrective intervention combines governed corpus/index changes and is not a randomized treatment,
G3F02-0504,0B05C_ATTEMPT06_CORRECTIVE_SENSITIVITY,corrective sensitivity and provenance limitation,0B-05C Attempt06,DESCRIPTIVE_ONLY,DESCRIPTIVE,EV04_CORRECTED_MINUS_CONTROL,ATTEMPT06_EV04_SENSITIVITY,hs6_at_100,frozen corrected-minus-control absolute delta copied from Attempt06 comparison,,1056,0.0,absolute_delta,MATERIALIZED_FROZEN_VALUE,EVAL_V02_CHAPTER_87,3ddb7a0e80d8bfa20b985655f03d6ab65470b40f0738093413909b6584aee941,1056,67,SERIE,DAM / DECLARACIÓN and paired arm within case,outputs/evaluation/0b05c_corrective_numerical_v0.5/ev04_aggregate_comparison_v0.5.json,3bf28c036b0a0af5dd54d88c3b0050c60365b7f1,681d9a7d4d43837b7d6c9aa092d0da8620db4f869b010d5a582f1f87066bb200,main=366bf529c29cb999bfd043db33674a510ba184c7; main=a33fc7e10b5bc25a053e982f0ff24ff60eda042f; Attempt06 authorization=a9b06b8748316d7f3c403eaa9d55b735e12d96c3,outputs/evaluation/0b05c_corrective_numerical_v0.5/ev04_case_level_comparison_v0.5.json,8f518ebd735e166ba6beca58e404913e4987bc2a,0B05C_ATTEMPT06_CORRECTIVE_SENSITIVITY:hs6_at_100,none inferential; descriptive corrected-versus-control sensitivity,not assigned,DESCRIPTIVE_ONLY,not applicable because no inferential decision is authorized,same fixed EVAL cases in control and corrected arms,report frozen sensitivity summaries and provenance only,Attempts 01-05 as current evidence | uncorrected outputs as primary | new causal claim,corrective intervention combines governed corpus/index changes and is not a randomized treatment,
G3F02-0505,0B05C_ATTEMPT06_CORRECTIVE_SENSITIVITY,corrective sensitivity and provenance limitation,0B-05C Attempt06,DESCRIPTIVE_ONLY,DESCRIPTIVE,EV04_CORRECTED_MINUS_CONTROL,ATTEMPT06_EV04_SENSITIVITY,hs4_at_100,frozen corrected-minus-control absolute delta copied from Attempt06 comparison,,1056,0.0,absolute_delta,MATERIALIZED_FROZEN_VALUE,EVAL_V02_CHAPTER_87,3ddb7a0e80d8bfa20b985655f03d6ab65470b40f0738093413909b6584aee941,1056,67,SERIE,DAM / DECLARACIÓN and paired arm within case,outputs/evaluation/0b05c_corrective_numerical_v0.5/ev04_aggregate_comparison_v0.5.json,3bf28c036b0a0af5dd54d88c3b0050c60365b7f1,681d9a7d4d43837b7d6c9aa092d0da8620db4f869b010d5a582f1f87066bb200,main=366bf529c29cb999bfd043db33674a510ba184c7; main=a33fc7e10b5bc25a053e982f0ff24ff60eda042f; Attempt06 authorization=a9b06b8748316d7f3c403eaa9d55b735e12d96c3,outputs/evaluation/0b05c_corrective_numerical_v0.5/ev04_case_level_comparison_v0.5.json,8f518ebd735e166ba6beca58e404913e4987bc2a,0B05C_ATTEMPT06_CORRECTIVE_SENSITIVITY:hs4_at_100,none inferential; descriptive corrected-versus-control sensitivity,not assigned,DESCRIPTIVE_ONLY,not applicable because no inferential decision is authorized,same fixed EVAL cases in control and corrected arms,report frozen sensitivity summaries and provenance only,Attempts 01-05 as current evidence | uncorrected outputs as primary | new causal claim,corrective intervention combines governed corpus/index changes and is not a randomized treatment,
G3F02-0506,0B05C_ATTEMPT06_CORRECTIVE_SENSITIVITY,corrective sensitivity and provenance limitation,0B-05C Attempt06,DESCRIPTIVE_ONLY,DESCRIPTIVE,EV04_CORRECTED_MINUS_CONTROL,ATTEMPT06_EV04_SENSITIVITY,chapter_at_100,frozen corrected-minus-control absolute delta copied from Attempt06 comparison,,1056,0.0,absolute_delta,MATERIALIZED_FROZEN_VALUE,EVAL_V02_CHAPTER_87,3ddb7a0e80d8bfa20b985655f03d6ab65470b40f0738093413909b6584aee941,1056,67,SERIE,DAM / DECLARACIÓN and paired arm within case,outputs/evaluation/0b05c_corrective_numerical_v0.5/ev04_aggregate_comparison_v0.5.json,3bf28c036b0a0af5dd54d88c3b0050c60365b7f1,681d9a7d4d43837b7d6c9aa092d0da8620db4f869b010d5a582f1f87066bb200,main=366bf529c29cb999bfd043db33674a510ba184c7; main=a33fc7e10b5bc25a053e982f0ff24ff60eda042f; Attempt06 authorization=a9b06b8748316d7f3c403eaa9d55b735e12d96c3,outputs/evaluation/0b05c_corrective_numerical_v0.5/ev04_case_level_comparison_v0.5.json,8f518ebd735e166ba6beca58e404913e4987bc2a,0B05C_ATTEMPT06_CORRECTIVE_SENSITIVITY:chapter_at_100,none inferential; descriptive corrected-versus-control sensitivity,not assigned,DESCRIPTIVE_ONLY,not applicable because no inferential decision is authorized,same fixed EVAL cases in control and corrected arms,report frozen sensitivity summaries and provenance only,Attempts 01-05 as current evidence | uncorrected outputs as primary | new causal claim,corrective intervention combines governed corpus/index changes and is not a randomized treatment,
G3F02-0507,0B05C_ATTEMPT06_CORRECTIVE_SENSITIVITY,corrective sensitivity and provenance limitation,0B-05C Attempt06,DESCRIPTIVE_ONLY,DESCRIPTIVE,EV04_CORRECTED_MINUS_CONTROL,ATTEMPT06_EV04_SENSITIVITY,exact_at_200,frozen corrected-minus-control absolute delta copied from Attempt06 comparison,,1056,0.0,absolute_delta,MATERIALIZED_FROZEN_VALUE,EVAL_V02_CHAPTER_87,3ddb7a0e80d8bfa20b985655f03d6ab65470b40f0738093413909b6584aee941,1056,67,SERIE,DAM / DECLARACIÓN and paired arm within case,outputs/evaluation/0b05c_corrective_numerical_v0.5/ev04_aggregate_comparison_v0.5.json,3bf28c036b0a0af5dd54d88c3b0050c60365b7f1,681d9a7d4d43837b7d6c9aa092d0da8620db4f869b010d5a582f1f87066bb200,main=366bf529c29cb999bfd043db33674a510ba184c7; main=a33fc7e10b5bc25a053e982f0ff24ff60eda042f; Attempt06 authorization=a9b06b8748316d7f3c403eaa9d55b735e12d96c3,outputs/evaluation/0b05c_corrective_numerical_v0.5/ev04_case_level_comparison_v0.5.json,8f518ebd735e166ba6beca58e404913e4987bc2a,0B05C_ATTEMPT06_CORRECTIVE_SENSITIVITY:exact_at_200,none inferential; descriptive corrected-versus-control sensitivity,not assigned,DESCRIPTIVE_ONLY,not applicable because no inferential decision is authorized,same fixed EVAL cases in control and corrected arms,report frozen sensitivity summaries and provenance only,Attempts 01-05 as current evidence | uncorrected outputs as primary | new causal claim,corrective intervention combines governed corpus/index changes and is not a randomized treatment,
G3F02-0508,0B05C_ATTEMPT06_CORRECTIVE_SENSITIVITY,corrective sensitivity and provenance limitation,0B-05C Attempt06,DESCRIPTIVE_ONLY,DESCRIPTIVE,EV04_CORRECTED_MINUS_CONTROL,ATTEMPT06_EV04_SENSITIVITY,hs6_at_200,frozen corrected-minus-control absolute delta copied from Attempt06 comparison,,1056,0.0,absolute_delta,MATERIALIZED_FROZEN_VALUE,EVAL_V02_CHAPTER_87,3ddb7a0e80d8bfa20b985655f03d6ab65470b40f0738093413909b6584aee941,1056,67,SERIE,DAM / DECLARACIÓN and paired arm within case,outputs/evaluation/0b05c_corrective_numerical_v0.5/ev04_aggregate_comparison_v0.5.json,3bf28c036b0a0af5dd54d88c3b0050c60365b7f1,681d9a7d4d43837b7d6c9aa092d0da8620db4f869b010d5a582f1f87066bb200,main=366bf529c29cb999bfd043db33674a510ba184c7; main=a33fc7e10b5bc25a053e982f0ff24ff60eda042f; Attempt06 authorization=a9b06b8748316d7f3c403eaa9d55b735e12d96c3,outputs/evaluation/0b05c_corrective_numerical_v0.5/ev04_case_level_comparison_v0.5.json,8f518ebd735e166ba6beca58e404913e4987bc2a,0B05C_ATTEMPT06_CORRECTIVE_SENSITIVITY:hs6_at_200,none inferential; descriptive corrected-versus-control sensitivity,not assigned,DESCRIPTIVE_ONLY,not applicable because no inferential decision is authorized,same fixed EVAL cases in control and corrected arms,report frozen sensitivity summaries and provenance only,Attempts 01-05 as current evidence | uncorrected outputs as primary | new causal claim,corrective intervention combines governed corpus/index changes and is not a randomized treatment,
G3F02-0509,0B05C_ATTEMPT06_CORRECTIVE_SENSITIVITY,corrective sensitivity and provenance limitation,0B-05C Attempt06,DESCRIPTIVE_ONLY,DESCRIPTIVE,EV04_CORRECTED_MINUS_CONTROL,ATTEMPT06_EV04_SENSITIVITY,hs4_at_200,frozen corrected-minus-control absolute delta copied from Attempt06 comparison,,1056,0.0,absolute_delta,MATERIALIZED_FROZEN_VALUE,EVAL_V02_CHAPTER_87,3ddb7a0e80d8bfa20b985655f03d6ab65470b40f0738093413909b6584aee941,1056,67,SERIE,DAM / DECLARACIÓN and paired arm within case,outputs/evaluation/0b05c_corrective_numerical_v0.5/ev04_aggregate_comparison_v0.5.json,3bf28c036b0a0af5dd54d88c3b0050c60365b7f1,681d9a7d4d43837b7d6c9aa092d0da8620db4f869b010d5a582f1f87066bb200,main=366bf529c29cb999bfd043db33674a510ba184c7; main=a33fc7e10b5bc25a053e982f0ff24ff60eda042f; Attempt06 authorization=a9b06b8748316d7f3c403eaa9d55b735e12d96c3,outputs/evaluation/0b05c_corrective_numerical_v0.5/ev04_case_level_comparison_v0.5.json,8f518ebd735e166ba6beca58e404913e4987bc2a,0B05C_ATTEMPT06_CORRECTIVE_SENSITIVITY:hs4_at_200,none inferential; descriptive corrected-versus-control sensitivity,not assigned,DESCRIPTIVE_ONLY,not applicable because no inferential decision is authorized,same fixed EVAL cases in control and corrected arms,report frozen sensitivity summaries and provenance only,Attempts 01-05 as current evidence | uncorrected outputs as primary | new causal claim,corrective intervention combines governed corpus/index changes and is not a randomized treatment,
G3F02-0510,0B05C_ATTEMPT06_CORRECTIVE_SENSITIVITY,corrective sensitivity and provenance limitation,0B-05C Attempt06,DESCRIPTIVE_ONLY,DESCRIPTIVE,EV04_CORRECTED_MINUS_CONTROL,ATTEMPT06_EV04_SENSITIVITY,chapter_at_200,frozen corrected-minus-control absolute delta copied from Attempt06 comparison,,1056,0.0,absolute_delta,MATERIALIZED_FROZEN_VALUE,EVAL_V02_CHAPTER_87,3ddb7a0e80d8bfa20b985655f03d6ab65470b40f0738093413909b6584aee941,1056,67,SERIE,DAM / DECLARACIÓN and paired arm within case,outputs/evaluation/0b05c_corrective_numerical_v0.5/ev04_aggregate_comparison_v0.5.json,3bf28c036b0a0af5dd54d88c3b0050c60365b7f1,681d9a7d4d43837b7d6c9aa092d0da8620db4f869b010d5a582f1f87066bb200,main=366bf529c29cb999bfd043db33674a510ba184c7; main=a33fc7e10b5bc25a053e982f0ff24ff60eda042f; Attempt06 authorization=a9b06b8748316d7f3c403eaa9d55b735e12d96c3,outputs/evaluation/0b05c_corrective_numerical_v0.5/ev04_case_level_comparison_v0.5.json,8f518ebd735e166ba6beca58e404913e4987bc2a,0B05C_ATTEMPT06_CORRECTIVE_SENSITIVITY:chapter_at_200,none inferential; descriptive corrected-versus-control sensitivity,not assigned,DESCRIPTIVE_ONLY,not applicable because no inferential decision is authorized,same fixed EVAL cases in control and corrected arms,report frozen sensitivity summaries and provenance only,Attempts 01-05 as current evidence | uncorrected outputs as primary | new causal claim,corrective intervention combines governed corpus/index changes and is not a randomized treatment,
G3F02-0511,0B05C_ATTEMPT06_CORRECTIVE_SENSITIVITY,corrective sensitivity and provenance limitation,0B-05C Attempt06,DESCRIPTIVE_ONLY,DESCRIPTIVE,D1A_CORRECTED_MINUS_CONTROL,ATTEMPT06_D1A_SENSITIVITY,Top@1,frozen corrected-minus-control absolute delta copied from Attempt06 comparison,,1056,0.000946969696969697,absolute_delta,MATERIALIZED_FROZEN_VALUE,EVAL_V02_CHAPTER_87,3ddb7a0e80d8bfa20b985655f03d6ab65470b40f0738093413909b6584aee941,1056,67,SERIE,DAM / DECLARACIÓN and paired arm within case,outputs/evaluation/d1a_corrective_0b05c_v0.5/d1a_corrective_vs_original_comparison_v0.5.json,6a26777395630722a18bca7826b7df96613ea4ea,b3c73ab7c8572ad913e3051fc4fc5b5b13a130eb0ea502cc9c06d223993f0ce8,main=366bf529c29cb999bfd043db33674a510ba184c7; main=a33fc7e10b5bc25a053e982f0ff24ff60eda042f; Attempt06 authorization=a9b06b8748316d7f3c403eaa9d55b735e12d96c3,outputs/evaluation/d1a_corrective_0b05c_v0.5/d1a_corrective_case_level_comparison_v0.5.jsonl,cfbe92228285cba3be33d348e3c2491ca2fe0b0f,0B05C_ATTEMPT06_CORRECTIVE_SENSITIVITY:Top@1,none inferential; descriptive corrected-versus-control sensitivity,not assigned,DESCRIPTIVE_ONLY,not applicable because no inferential decision is authorized,same fixed EVAL cases in control and corrected arms,report frozen sensitivity summaries and provenance only,Attempts 01-05 as current evidence | uncorrected outputs as primary | new causal claim,corrective intervention combines governed corpus/index changes and is not a randomized treatment,
G3F02-0512,0B05C_ATTEMPT06_CORRECTIVE_SENSITIVITY,corrective sensitivity and provenance limitation,0B-05C Attempt06,DESCRIPTIVE_ONLY,DESCRIPTIVE,D1A_CORRECTED_MINUS_CONTROL,ATTEMPT06_D1A_SENSITIVITY,Top@3,frozen corrected-minus-control absolute delta copied from Attempt06 comparison,,1056,0.006628787878787878,absolute_delta,MATERIALIZED_FROZEN_VALUE,EVAL_V02_CHAPTER_87,3ddb7a0e80d8bfa20b985655f03d6ab65470b40f0738093413909b6584aee941,1056,67,SERIE,DAM / DECLARACIÓN and paired arm within case,outputs/evaluation/d1a_corrective_0b05c_v0.5/d1a_corrective_vs_original_comparison_v0.5.json,6a26777395630722a18bca7826b7df96613ea4ea,b3c73ab7c8572ad913e3051fc4fc5b5b13a130eb0ea502cc9c06d223993f0ce8,main=366bf529c29cb999bfd043db33674a510ba184c7; main=a33fc7e10b5bc25a053e982f0ff24ff60eda042f; Attempt06 authorization=a9b06b8748316d7f3c403eaa9d55b735e12d96c3,outputs/evaluation/d1a_corrective_0b05c_v0.5/d1a_corrective_case_level_comparison_v0.5.jsonl,cfbe92228285cba3be33d348e3c2491ca2fe0b0f,0B05C_ATTEMPT06_CORRECTIVE_SENSITIVITY:Top@3,none inferential; descriptive corrected-versus-control sensitivity,not assigned,DESCRIPTIVE_ONLY,not applicable because no inferential decision is authorized,same fixed EVAL cases in control and corrected arms,report frozen sensitivity summaries and provenance only,Attempts 01-05 as current evidence | uncorrected outputs as primary | new causal claim,corrective intervention combines governed corpus/index changes and is not a randomized treatment,
G3F02-0513,0B05C_ATTEMPT06_CORRECTIVE_SENSITIVITY,corrective sensitivity and provenance limitation,0B-05C Attempt06,DESCRIPTIVE_ONLY,DESCRIPTIVE,D1A_CORRECTED_MINUS_CONTROL,ATTEMPT06_D1A_SENSITIVITY,Top@5,frozen corrected-minus-control absolute delta copied from Attempt06 comparison,,1056,0.01704545454545455,absolute_delta,MATERIALIZED_FROZEN_VALUE,EVAL_V02_CHAPTER_87,3ddb7a0e80d8bfa20b985655f03d6ab65470b40f0738093413909b6584aee941,1056,67,SERIE,DAM / DECLARACIÓN and paired arm within case,outputs/evaluation/d1a_corrective_0b05c_v0.5/d1a_corrective_vs_original_comparison_v0.5.json,6a26777395630722a18bca7826b7df96613ea4ea,b3c73ab7c8572ad913e3051fc4fc5b5b13a130eb0ea502cc9c06d223993f0ce8,main=366bf529c29cb999bfd043db33674a510ba184c7; main=a33fc7e10b5bc25a053e982f0ff24ff60eda042f; Attempt06 authorization=a9b06b8748316d7f3c403eaa9d55b735e12d96c3,outputs/evaluation/d1a_corrective_0b05c_v0.5/d1a_corrective_case_level_comparison_v0.5.jsonl,cfbe92228285cba3be33d348e3c2491ca2fe0b0f,0B05C_ATTEMPT06_CORRECTIVE_SENSITIVITY:Top@5,none inferential; descriptive corrected-versus-control sensitivity,not assigned,DESCRIPTIVE_ONLY,not applicable because no inferential decision is authorized,same fixed EVAL cases in control and corrected arms,report frozen sensitivity summaries and provenance only,Attempts 01-05 as current evidence | uncorrected outputs as primary | new causal claim,corrective intervention combines governed corpus/index changes and is not a randomized treatment,
G3F02-0514,0B05C_ATTEMPT06_CORRECTIVE_SENSITIVITY,corrective sensitivity and provenance limitation,0B-05C Attempt06,DESCRIPTIVE_ONLY,DESCRIPTIVE,D1A_CORRECTED_MINUS_CONTROL,ATTEMPT06_D1A_SENSITIVITY,Top@10,frozen corrected-minus-control absolute delta copied from Attempt06 comparison,,1056,0.02178030303030304,absolute_delta,MATERIALIZED_FROZEN_VALUE,EVAL_V02_CHAPTER_87,3ddb7a0e80d8bfa20b985655f03d6ab65470b40f0738093413909b6584aee941,1056,67,SERIE,DAM / DECLARACIÓN and paired arm within case,outputs/evaluation/d1a_corrective_0b05c_v0.5/d1a_corrective_vs_original_comparison_v0.5.json,6a26777395630722a18bca7826b7df96613ea4ea,b3c73ab7c8572ad913e3051fc4fc5b5b13a130eb0ea502cc9c06d223993f0ce8,main=366bf529c29cb999bfd043db33674a510ba184c7; main=a33fc7e10b5bc25a053e982f0ff24ff60eda042f; Attempt06 authorization=a9b06b8748316d7f3c403eaa9d55b735e12d96c3,outputs/evaluation/d1a_corrective_0b05c_v0.5/d1a_corrective_case_level_comparison_v0.5.jsonl,cfbe92228285cba3be33d348e3c2491ca2fe0b0f,0B05C_ATTEMPT06_CORRECTIVE_SENSITIVITY:Top@10,none inferential; descriptive corrected-versus-control sensitivity,not assigned,DESCRIPTIVE_ONLY,not applicable because no inferential decision is authorized,same fixed EVAL cases in control and corrected arms,report frozen sensitivity summaries and provenance only,Attempts 01-05 as current evidence | uncorrected outputs as primary | new causal claim,corrective intervention combines governed corpus/index changes and is not a randomized treatment,
G3F02-0515,0B05C_ATTEMPT06_CORRECTIVE_SENSITIVITY,corrective sensitivity and provenance limitation,0B-05C Attempt06,DESCRIPTIVE_ONLY,DESCRIPTIVE,D1A_CORRECTED_MINUS_CONTROL,ATTEMPT06_D1A_SENSITIVITY,Top@50,frozen corrected-minus-control absolute delta copied from Attempt06 comparison,,1056,0.0075757575757576245,absolute_delta,MATERIALIZED_FROZEN_VALUE,EVAL_V02_CHAPTER_87,3ddb7a0e80d8bfa20b985655f03d6ab65470b40f0738093413909b6584aee941,1056,67,SERIE,DAM / DECLARACIÓN and paired arm within case,outputs/evaluation/d1a_corrective_0b05c_v0.5/d1a_corrective_vs_original_comparison_v0.5.json,6a26777395630722a18bca7826b7df96613ea4ea,b3c73ab7c8572ad913e3051fc4fc5b5b13a130eb0ea502cc9c06d223993f0ce8,main=366bf529c29cb999bfd043db33674a510ba184c7; main=a33fc7e10b5bc25a053e982f0ff24ff60eda042f; Attempt06 authorization=a9b06b8748316d7f3c403eaa9d55b735e12d96c3,outputs/evaluation/d1a_corrective_0b05c_v0.5/d1a_corrective_case_level_comparison_v0.5.jsonl,cfbe92228285cba3be33d348e3c2491ca2fe0b0f,0B05C_ATTEMPT06_CORRECTIVE_SENSITIVITY:Top@50,none inferential; descriptive corrected-versus-control sensitivity,not assigned,DESCRIPTIVE_ONLY,not applicable because no inferential decision is authorized,same fixed EVAL cases in control and corrected arms,report frozen sensitivity summaries and provenance only,Attempts 01-05 as current evidence | uncorrected outputs as primary | new causal claim,corrective intervention combines governed corpus/index changes and is not a randomized treatment,
G3F02-0516,0B05C_ATTEMPT06_CORRECTIVE_SENSITIVITY,corrective sensitivity and provenance limitation,0B-05C Attempt06,DESCRIPTIVE_ONLY,DESCRIPTIVE,D1A_CORRECTED_MINUS_CONTROL,ATTEMPT06_D1A_SENSITIVITY,Recall@100,frozen corrected-minus-control absolute delta copied from Attempt06 comparison,,1056,0.0,absolute_delta,MATERIALIZED_FROZEN_VALUE,EVAL_V02_CHAPTER_87,3ddb7a0e80d8bfa20b985655f03d6ab65470b40f0738093413909b6584aee941,1056,67,SERIE,DAM / DECLARACIÓN and paired arm within case,outputs/evaluation/d1a_corrective_0b05c_v0.5/d1a_corrective_vs_original_comparison_v0.5.json,6a26777395630722a18bca7826b7df96613ea4ea,b3c73ab7c8572ad913e3051fc4fc5b5b13a130eb0ea502cc9c06d223993f0ce8,main=366bf529c29cb999bfd043db33674a510ba184c7; main=a33fc7e10b5bc25a053e982f0ff24ff60eda042f; Attempt06 authorization=a9b06b8748316d7f3c403eaa9d55b735e12d96c3,outputs/evaluation/d1a_corrective_0b05c_v0.5/d1a_corrective_case_level_comparison_v0.5.jsonl,cfbe92228285cba3be33d348e3c2491ca2fe0b0f,0B05C_ATTEMPT06_CORRECTIVE_SENSITIVITY:Recall@100,none inferential; descriptive corrected-versus-control sensitivity,not assigned,DESCRIPTIVE_ONLY,not applicable because no inferential decision is authorized,same fixed EVAL cases in control and corrected arms,report frozen sensitivity summaries and provenance only,Attempts 01-05 as current evidence | uncorrected outputs as primary | new causal claim,corrective intervention combines governed corpus/index changes and is not a randomized treatment,
G3F02-0517,0B05C_ATTEMPT06_CORRECTIVE_SENSITIVITY,corrective sensitivity and provenance limitation,0B-05C Attempt06,DESCRIPTIVE_ONLY,DESCRIPTIVE,D1A_CORRECTED_MINUS_CONTROL,ATTEMPT06_D1A_SENSITIVITY,Recall@200,frozen corrected-minus-control absolute delta copied from Attempt06 comparison,,1056,0.0009469696969697239,absolute_delta,MATERIALIZED_FROZEN_VALUE,EVAL_V02_CHAPTER_87,3ddb7a0e80d8bfa20b985655f03d6ab65470b40f0738093413909b6584aee941,1056,67,SERIE,DAM / DECLARACIÓN and paired arm within case,outputs/evaluation/d1a_corrective_0b05c_v0.5/d1a_corrective_vs_original_comparison_v0.5.json,6a26777395630722a18bca7826b7df96613ea4ea,b3c73ab7c8572ad913e3051fc4fc5b5b13a130eb0ea502cc9c06d223993f0ce8,main=366bf529c29cb999bfd043db33674a510ba184c7; main=a33fc7e10b5bc25a053e982f0ff24ff60eda042f; Attempt06 authorization=a9b06b8748316d7f3c403eaa9d55b735e12d96c3,outputs/evaluation/d1a_corrective_0b05c_v0.5/d1a_corrective_case_level_comparison_v0.5.jsonl,cfbe92228285cba3be33d348e3c2491ca2fe0b0f,0B05C_ATTEMPT06_CORRECTIVE_SENSITIVITY:Recall@200,none inferential; descriptive corrected-versus-control sensitivity,not assigned,DESCRIPTIVE_ONLY,not applicable because no inferential decision is authorized,same fixed EVAL cases in control and corrected arms,report frozen sensitivity summaries and provenance only,Attempts 01-05 as current evidence | uncorrected outputs as primary | new causal claim,corrective intervention combines governed corpus/index changes and is not a randomized treatment,
G3F02-0518,0B05C_ATTEMPT06_CORRECTIVE_SENSITIVITY,corrective sensitivity and provenance limitation,0B-05C Attempt06,DESCRIPTIVE_ONLY,DESCRIPTIVE,D1A_CORRECTED_MINUS_CONTROL,ATTEMPT06_D1A_SENSITIVITY,MRR@100,frozen corrected-minus-control absolute delta copied from Attempt06 comparison,,1056,0.0056628133415132925,absolute_delta,MATERIALIZED_FROZEN_VALUE,EVAL_V02_CHAPTER_87,3ddb7a0e80d8bfa20b985655f03d6ab65470b40f0738093413909b6584aee941,1056,67,SERIE,DAM / DECLARACIÓN and paired arm within case,outputs/evaluation/d1a_corrective_0b05c_v0.5/d1a_corrective_vs_original_comparison_v0.5.json,6a26777395630722a18bca7826b7df96613ea4ea,b3c73ab7c8572ad913e3051fc4fc5b5b13a130eb0ea502cc9c06d223993f0ce8,main=366bf529c29cb999bfd043db33674a510ba184c7; main=a33fc7e10b5bc25a053e982f0ff24ff60eda042f; Attempt06 authorization=a9b06b8748316d7f3c403eaa9d55b735e12d96c3,outputs/evaluation/d1a_corrective_0b05c_v0.5/d1a_corrective_case_level_comparison_v0.5.jsonl,cfbe92228285cba3be33d348e3c2491ca2fe0b0f,0B05C_ATTEMPT06_CORRECTIVE_SENSITIVITY:MRR@100,none inferential; descriptive corrected-versus-control sensitivity,not assigned,DESCRIPTIVE_ONLY,not applicable because no inferential decision is authorized,same fixed EVAL cases in control and corrected arms,report frozen sensitivity summaries and provenance only,Attempts 01-05 as current evidence | uncorrected outputs as primary | new causal claim,corrective intervention combines governed corpus/index changes and is not a randomized treatment,
G3F02-0519,0B05C_ATTEMPT06_CORRECTIVE_SENSITIVITY,corrective sensitivity and provenance limitation,0B-05C Attempt06,DESCRIPTIVE_ONLY,DESCRIPTIVE,D1A_CORRECTED_MINUS_CONTROL,ATTEMPT06_D1A_SENSITIVITY,MRR@200,frozen corrected-minus-control absolute delta copied from Attempt06 comparison,,1056,0.005668646519514445,absolute_delta,MATERIALIZED_FROZEN_VALUE,EVAL_V02_CHAPTER_87,3ddb7a0e80d8bfa20b985655f03d6ab65470b40f0738093413909b6584aee941,1056,67,SERIE,DAM / DECLARACIÓN and paired arm within case,outputs/evaluation/d1a_corrective_0b05c_v0.5/d1a_corrective_vs_original_comparison_v0.5.json,6a26777395630722a18bca7826b7df96613ea4ea,b3c73ab7c8572ad913e3051fc4fc5b5b13a130eb0ea502cc9c06d223993f0ce8,main=366bf529c29cb999bfd043db33674a510ba184c7; main=a33fc7e10b5bc25a053e982f0ff24ff60eda042f; Attempt06 authorization=a9b06b8748316d7f3c403eaa9d55b735e12d96c3,outputs/evaluation/d1a_corrective_0b05c_v0.5/d1a_corrective_case_level_comparison_v0.5.jsonl,cfbe92228285cba3be33d348e3c2491ca2fe0b0f,0B05C_ATTEMPT06_CORRECTIVE_SENSITIVITY:MRR@200,none inferential; descriptive corrected-versus-control sensitivity,not assigned,DESCRIPTIVE_ONLY,not applicable because no inferential decision is authorized,same fixed EVAL cases in control and corrected arms,report frozen sensitivity summaries and provenance only,Attempts 01-05 as current evidence | uncorrected outputs as primary | new causal claim,corrective intervention combines governed corpus/index changes and is not a randomized treatment,
G3F02-0520,0B05C_ATTEMPT06_CORRECTIVE_SENSITIVITY,corrective sensitivity and provenance limitation,0B-05C Attempt06,DESCRIPTIVE_ONLY,DESCRIPTIVE,D1A_CORRECTED_MINUS_CONTROL,ATTEMPT06_D1A_SENSITIVITY,Exact@100,frozen corrected-minus-control absolute delta copied from Attempt06 comparison,,1056,0.0,absolute_delta,MATERIALIZED_FROZEN_VALUE,EVAL_V02_CHAPTER_87,3ddb7a0e80d8bfa20b985655f03d6ab65470b40f0738093413909b6584aee941,1056,67,SERIE,DAM / DECLARACIÓN and paired arm within case,outputs/evaluation/d1a_corrective_0b05c_v0.5/d1a_corrective_vs_original_comparison_v0.5.json,6a26777395630722a18bca7826b7df96613ea4ea,b3c73ab7c8572ad913e3051fc4fc5b5b13a130eb0ea502cc9c06d223993f0ce8,main=366bf529c29cb999bfd043db33674a510ba184c7; main=a33fc7e10b5bc25a053e982f0ff24ff60eda042f; Attempt06 authorization=a9b06b8748316d7f3c403eaa9d55b735e12d96c3,outputs/evaluation/d1a_corrective_0b05c_v0.5/d1a_corrective_case_level_comparison_v0.5.jsonl,cfbe92228285cba3be33d348e3c2491ca2fe0b0f,0B05C_ATTEMPT06_CORRECTIVE_SENSITIVITY:Exact@100,none inferential; descriptive corrected-versus-control sensitivity,not assigned,DESCRIPTIVE_ONLY,not applicable because no inferential decision is authorized,same fixed EVAL cases in control and corrected arms,report frozen sensitivity summaries and provenance only,Attempts 01-05 as current evidence | uncorrected outputs as primary | new causal claim,corrective intervention combines governed corpus/index changes and is not a randomized treatment,
G3F02-0521,0B05C_ATTEMPT06_CORRECTIVE_SENSITIVITY,corrective sensitivity and provenance limitation,0B-05C Attempt06,DESCRIPTIVE_ONLY,DESCRIPTIVE,D1A_CORRECTED_MINUS_CONTROL,ATTEMPT06_D1A_SENSITIVITY,Exact@200,frozen corrected-minus-control absolute delta copied from Attempt06 comparison,,1056,0.0009469696969697239,absolute_delta,MATERIALIZED_FROZEN_VALUE,EVAL_V02_CHAPTER_87,3ddb7a0e80d8bfa20b985655f03d6ab65470b40f0738093413909b6584aee941,1056,67,SERIE,DAM / DECLARACIÓN and paired arm within case,outputs/evaluation/d1a_corrective_0b05c_v0.5/d1a_corrective_vs_original_comparison_v0.5.json,6a26777395630722a18bca7826b7df96613ea4ea,b3c73ab7c8572ad913e3051fc4fc5b5b13a130eb0ea502cc9c06d223993f0ce8,main=366bf529c29cb999bfd043db33674a510ba184c7; main=a33fc7e10b5bc25a053e982f0ff24ff60eda042f; Attempt06 authorization=a9b06b8748316d7f3c403eaa9d55b735e12d96c3,outputs/evaluation/d1a_corrective_0b05c_v0.5/d1a_corrective_case_level_comparison_v0.5.jsonl,cfbe92228285cba3be33d348e3c2491ca2fe0b0f,0B05C_ATTEMPT06_CORRECTIVE_SENSITIVITY:Exact@200,none inferential; descriptive corrected-versus-control sensitivity,not assigned,DESCRIPTIVE_ONLY,not applicable because no inferential decision is authorized,same fixed EVAL cases in control and corrected arms,report frozen sensitivity summaries and provenance only,Attempts 01-05 as current evidence | uncorrected outputs as primary | new causal claim,corrective intervention combines governed corpus/index changes and is not a randomized treatment,
G3F02-0522,0B05C_ATTEMPT06_CORRECTIVE_SENSITIVITY,corrective sensitivity and provenance limitation,0B-05C Attempt06,DESCRIPTIVE_ONLY,DESCRIPTIVE,D1A_CORRECTED_MINUS_CONTROL,ATTEMPT06_D1A_SENSITIVITY,HS6@100,frozen corrected-minus-control absolute delta copied from Attempt06 comparison,,1056,0.0,absolute_delta,MATERIALIZED_FROZEN_VALUE,EVAL_V02_CHAPTER_87,3ddb7a0e80d8bfa20b985655f03d6ab65470b40f0738093413909b6584aee941,1056,67,SERIE,DAM / DECLARACIÓN and paired arm within case,outputs/evaluation/d1a_corrective_0b05c_v0.5/d1a_corrective_vs_original_comparison_v0.5.json,6a26777395630722a18bca7826b7df96613ea4ea,b3c73ab7c8572ad913e3051fc4fc5b5b13a130eb0ea502cc9c06d223993f0ce8,main=366bf529c29cb999bfd043db33674a510ba184c7; main=a33fc7e10b5bc25a053e982f0ff24ff60eda042f; Attempt06 authorization=a9b06b8748316d7f3c403eaa9d55b735e12d96c3,outputs/evaluation/d1a_corrective_0b05c_v0.5/d1a_corrective_case_level_comparison_v0.5.jsonl,cfbe92228285cba3be33d348e3c2491ca2fe0b0f,0B05C_ATTEMPT06_CORRECTIVE_SENSITIVITY:HS6@100,none inferential; descriptive corrected-versus-control sensitivity,not assigned,DESCRIPTIVE_ONLY,not applicable because no inferential decision is authorized,same fixed EVAL cases in control and corrected arms,report frozen sensitivity summaries and provenance only,Attempts 01-05 as current evidence | uncorrected outputs as primary | new causal claim,corrective intervention combines governed corpus/index changes and is not a randomized treatment,
G3F02-0523,0B05C_ATTEMPT06_CORRECTIVE_SENSITIVITY,corrective sensitivity and provenance limitation,0B-05C Attempt06,DESCRIPTIVE_ONLY,DESCRIPTIVE,D1A_CORRECTED_MINUS_CONTROL,ATTEMPT06_D1A_SENSITIVITY,HS6@200,frozen corrected-minus-control absolute delta copied from Attempt06 comparison,,1056,0.0,absolute_delta,MATERIALIZED_FROZEN_VALUE,EVAL_V02_CHAPTER_87,3ddb7a0e80d8bfa20b985655f03d6ab65470b40f0738093413909b6584aee941,1056,67,SERIE,DAM / DECLARACIÓN and paired arm within case,outputs/evaluation/d1a_corrective_0b05c_v0.5/d1a_corrective_vs_original_comparison_v0.5.json,6a26777395630722a18bca7826b7df96613ea4ea,b3c73ab7c8572ad913e3051fc4fc5b5b13a130eb0ea502cc9c06d223993f0ce8,main=366bf529c29cb999bfd043db33674a510ba184c7; main=a33fc7e10b5bc25a053e982f0ff24ff60eda042f; Attempt06 authorization=a9b06b8748316d7f3c403eaa9d55b735e12d96c3,outputs/evaluation/d1a_corrective_0b05c_v0.5/d1a_corrective_case_level_comparison_v0.5.jsonl,cfbe92228285cba3be33d348e3c2491ca2fe0b0f,0B05C_ATTEMPT06_CORRECTIVE_SENSITIVITY:HS6@200,none inferential; descriptive corrected-versus-control sensitivity,not assigned,DESCRIPTIVE_ONLY,not applicable because no inferential decision is authorized,same fixed EVAL cases in control and corrected arms,report frozen sensitivity summaries and provenance only,Attempts 01-05 as current evidence | uncorrected outputs as primary | new causal claim,corrective intervention combines governed corpus/index changes and is not a randomized treatment,
G3F02-0524,0B05C_ATTEMPT06_CORRECTIVE_SENSITIVITY,corrective sensitivity and provenance limitation,0B-05C Attempt06,DESCRIPTIVE_ONLY,DESCRIPTIVE,D1A_CORRECTED_MINUS_CONTROL,ATTEMPT06_D1A_SENSITIVITY,HS4@100,frozen corrected-minus-control absolute delta copied from Attempt06 comparison,,1056,0.006628787878787956,absolute_delta,MATERIALIZED_FROZEN_VALUE,EVAL_V02_CHAPTER_87,3ddb7a0e80d8bfa20b985655f03d6ab65470b40f0738093413909b6584aee941,1056,67,SERIE,DAM / DECLARACIÓN and paired arm within case,outputs/evaluation/d1a_corrective_0b05c_v0.5/d1a_corrective_vs_original_comparison_v0.5.json,6a26777395630722a18bca7826b7df96613ea4ea,b3c73ab7c8572ad913e3051fc4fc5b5b13a130eb0ea502cc9c06d223993f0ce8,main=366bf529c29cb999bfd043db33674a510ba184c7; main=a33fc7e10b5bc25a053e982f0ff24ff60eda042f; Attempt06 authorization=a9b06b8748316d7f3c403eaa9d55b735e12d96c3,outputs/evaluation/d1a_corrective_0b05c_v0.5/d1a_corrective_case_level_comparison_v0.5.jsonl,cfbe92228285cba3be33d348e3c2491ca2fe0b0f,0B05C_ATTEMPT06_CORRECTIVE_SENSITIVITY:HS4@100,none inferential; descriptive corrected-versus-control sensitivity,not assigned,DESCRIPTIVE_ONLY,not applicable because no inferential decision is authorized,same fixed EVAL cases in control and corrected arms,report frozen sensitivity summaries and provenance only,Attempts 01-05 as current evidence | uncorrected outputs as primary | new causal claim,corrective intervention combines governed corpus/index changes and is not a randomized treatment,
G3F02-0525,0B05C_ATTEMPT06_CORRECTIVE_SENSITIVITY,corrective sensitivity and provenance limitation,0B-05C Attempt06,DESCRIPTIVE_ONLY,DESCRIPTIVE,D1A_CORRECTED_MINUS_CONTROL,ATTEMPT06_D1A_SENSITIVITY,HS4@200,frozen corrected-minus-control absolute delta copied from Attempt06 comparison,,1056,-0.0009469696969697239,absolute_delta,MATERIALIZED_FROZEN_VALUE,EVAL_V02_CHAPTER_87,3ddb7a0e80d8bfa20b985655f03d6ab65470b40f0738093413909b6584aee941,1056,67,SERIE,DAM / DECLARACIÓN and paired arm within case,outputs/evaluation/d1a_corrective_0b05c_v0.5/d1a_corrective_vs_original_comparison_v0.5.json,6a26777395630722a18bca7826b7df96613ea4ea,b3c73ab7c8572ad913e3051fc4fc5b5b13a130eb0ea502cc9c06d223993f0ce8,main=366bf529c29cb999bfd043db33674a510ba184c7; main=a33fc7e10b5bc25a053e982f0ff24ff60eda042f; Attempt06 authorization=a9b06b8748316d7f3c403eaa9d55b735e12d96c3,outputs/evaluation/d1a_corrective_0b05c_v0.5/d1a_corrective_case_level_comparison_v0.5.jsonl,cfbe92228285cba3be33d348e3c2491ca2fe0b0f,0B05C_ATTEMPT06_CORRECTIVE_SENSITIVITY:HS4@200,none inferential; descriptive corrected-versus-control sensitivity,not assigned,DESCRIPTIVE_ONLY,not applicable because no inferential decision is authorized,same fixed EVAL cases in control and corrected arms,report frozen sensitivity summaries and provenance only,Attempts 01-05 as current evidence | uncorrected outputs as primary | new causal claim,corrective intervention combines governed corpus/index changes and is not a randomized treatment,
G3F02-0526,0B05C_ATTEMPT06_CORRECTIVE_SENSITIVITY,corrective sensitivity and provenance limitation,0B-05C Attempt06,DESCRIPTIVE_ONLY,DESCRIPTIVE,D1A_CORRECTED_MINUS_CONTROL,ATTEMPT06_D1A_SENSITIVITY,Chapter@100,frozen corrected-minus-control absolute delta copied from Attempt06 comparison,,1056,0.0,absolute_delta,MATERIALIZED_FROZEN_VALUE,EVAL_V02_CHAPTER_87,3ddb7a0e80d8bfa20b985655f03d6ab65470b40f0738093413909b6584aee941,1056,67,SERIE,DAM / DECLARACIÓN and paired arm within case,outputs/evaluation/d1a_corrective_0b05c_v0.5/d1a_corrective_vs_original_comparison_v0.5.json,6a26777395630722a18bca7826b7df96613ea4ea,b3c73ab7c8572ad913e3051fc4fc5b5b13a130eb0ea502cc9c06d223993f0ce8,main=366bf529c29cb999bfd043db33674a510ba184c7; main=a33fc7e10b5bc25a053e982f0ff24ff60eda042f; Attempt06 authorization=a9b06b8748316d7f3c403eaa9d55b735e12d96c3,outputs/evaluation/d1a_corrective_0b05c_v0.5/d1a_corrective_case_level_comparison_v0.5.jsonl,cfbe92228285cba3be33d348e3c2491ca2fe0b0f,0B05C_ATTEMPT06_CORRECTIVE_SENSITIVITY:Chapter@100,none inferential; descriptive corrected-versus-control sensitivity,not assigned,DESCRIPTIVE_ONLY,not applicable because no inferential decision is authorized,same fixed EVAL cases in control and corrected arms,report frozen sensitivity summaries and provenance only,Attempts 01-05 as current evidence | uncorrected outputs as primary | new causal claim,corrective intervention combines governed corpus/index changes and is not a randomized treatment,
G3F02-0527,0B05C_ATTEMPT06_CORRECTIVE_SENSITIVITY,corrective sensitivity and provenance limitation,0B-05C Attempt06,DESCRIPTIVE_ONLY,DESCRIPTIVE,D1A_CORRECTED_MINUS_CONTROL,ATTEMPT06_D1A_SENSITIVITY,Chapter@200,frozen corrected-minus-control absolute delta copied from Attempt06 comparison,,1056,0.0,absolute_delta,MATERIALIZED_FROZEN_VALUE,EVAL_V02_CHAPTER_87,3ddb7a0e80d8bfa20b985655f03d6ab65470b40f0738093413909b6584aee941,1056,67,SERIE,DAM / DECLARACIÓN and paired arm within case,outputs/evaluation/d1a_corrective_0b05c_v0.5/d1a_corrective_vs_original_comparison_v0.5.json,6a26777395630722a18bca7826b7df96613ea4ea,b3c73ab7c8572ad913e3051fc4fc5b5b13a130eb0ea502cc9c06d223993f0ce8,main=366bf529c29cb999bfd043db33674a510ba184c7; main=a33fc7e10b5bc25a053e982f0ff24ff60eda042f; Attempt06 authorization=a9b06b8748316d7f3c403eaa9d55b735e12d96c3,outputs/evaluation/d1a_corrective_0b05c_v0.5/d1a_corrective_case_level_comparison_v0.5.jsonl,cfbe92228285cba3be33d348e3c2491ca2fe0b0f,0B05C_ATTEMPT06_CORRECTIVE_SENSITIVITY:Chapter@200,none inferential; descriptive corrected-versus-control sensitivity,not assigned,DESCRIPTIVE_ONLY,not applicable because no inferential decision is authorized,same fixed EVAL cases in control and corrected arms,report frozen sensitivity summaries and provenance only,Attempts 01-05 as current evidence | uncorrected outputs as primary | new causal claim,corrective intervention combines governed corpus/index changes and is not a randomized treatment,
G3F02-0528,HE5_AMBIGUOUS_INCOMPLETE_DESCRIPTIONS,HE5 ambiguous or incomplete descriptions,HE5 integrated error analysis,DESCRIPTIVE_ONLY,DESCRIPTIVE,DESCRIPTION_QUALITY_STATUS,NO_PREVALENCE_ESTIMAND,description_quality_operationalized,frozen indicator that no case-level description-quality rule was operationalized,,,0,binary_status,MATERIALIZED_FROZEN_STATUS,EVAL_V02_CHAPTER_87,3ddb7a0e80d8bfa20b985655f03d6ab65470b40f0738093413909b6584aee941,1056,67,SERIE,DAM / DECLARACIÓN,outputs/evaluation/he5_integrated_error_analysis_v0.2/he5_integrated_error_matrix_v0.2.csv,e16de85def8bfca0ce0c1dd3404e824a9ee82ef5,bada112a721b2f6f7eb53f233f6d9943727af758cadd119c3eb11e89ee706450,main=366bf529c29cb999bfd043db33674a510ba184c7; main=a33fc7e10b5bc25a053e982f0ff24ff60eda042f,outputs/evaluation/he5_integrated_error_analysis_v0.2/he5_integrated_error_matrix_v0.2.csv,e16de85def8bfca0ce0c1dd3404e824a9ee82ef5,HE5_AMBIGUOUS_INCOMPLETE_DESCRIPTIONS:description_quality_operationalized,none; ambiguous/incomplete-description prevalence is not operationalized,not assigned,DESCRIPTIVE_ONLY,not applicable because no inferential contrast exists,not applicable,report the non-operationalization limitation only,prevalence rate | post-hoc quality rule | manual relabeling after outcomes,no frozen case-level description-quality rule exists,
G3F02-0529,HE5_HIERARCHICAL_PROXIMITY,HE5 hierarchically proximate subheadings,HE5 integrated error analysis,DESCRIPTIVE_ONLY,DESCRIPTIVE,SAME_CHAPTER,HE5_HIERARCHY_CATEGORY_COUNTS,error_count,frozen count of historical Top-1 errors in the literal hierarchy category,147,,147,count,MATERIALIZED_FROZEN_VALUE,EVAL_V02_CHAPTER_87,3ddb7a0e80d8bfa20b985655f03d6ab65470b40f0738093413909b6584aee941,1056,67,SERIE,DAM / DECLARACIÓN,outputs/evaluation/he5_integrated_error_analysis_v0.2/he5_historical_hierarchy_errors_v0.2.csv,b5bd099114e7262f316dfc846b867bec9e7f176d,a81a914548b6b1eece60222561e4b4f559b4c350f0fcec192e018f5b76667938,main=366bf529c29cb999bfd043db33674a510ba184c7; main=a33fc7e10b5bc25a053e982f0ff24ff60eda042f,outputs/evaluation/he5_integrated_error_analysis_v0.2/he5_integrated_error_matrix_v0.2.csv,e16de85def8bfca0ce0c1dd3404e824a9ee82ef5,HE5_HIERARCHICAL_PROXIMITY:error_count,none inferential; descriptive distribution of frozen hierarchy categories,not assigned,DESCRIPTIVE_ONLY,not applicable because no inferential contrast is authorized,not applicable; descriptive categories,report literal frozen categories and counts without interval,post-hoc category merging | association claim without frozen contrast | external prevalence claim,category counts describe observed error structure only,
G3F02-0530,HE5_HIERARCHICAL_PROXIMITY,HE5 hierarchically proximate subheadings,HE5 integrated error analysis,DESCRIPTIVE_ONLY,DESCRIPTIVE,SAME_HS4,HE5_HIERARCHY_CATEGORY_COUNTS,error_count,frozen count of historical Top-1 errors in the literal hierarchy category,284,,284,count,MATERIALIZED_FROZEN_VALUE,EVAL_V02_CHAPTER_87,3ddb7a0e80d8bfa20b985655f03d6ab65470b40f0738093413909b6584aee941,1056,67,SERIE,DAM / DECLARACIÓN,outputs/evaluation/he5_integrated_error_analysis_v0.2/he5_historical_hierarchy_errors_v0.2.csv,b5bd099114e7262f316dfc846b867bec9e7f176d,a81a914548b6b1eece60222561e4b4f559b4c350f0fcec192e018f5b76667938,main=366bf529c29cb999bfd043db33674a510ba184c7; main=a33fc7e10b5bc25a053e982f0ff24ff60eda042f,outputs/evaluation/he5_integrated_error_analysis_v0.2/he5_integrated_error_matrix_v0.2.csv,e16de85def8bfca0ce0c1dd3404e824a9ee82ef5,HE5_HIERARCHICAL_PROXIMITY:error_count,none inferential; descriptive distribution of frozen hierarchy categories,not assigned,DESCRIPTIVE_ONLY,not applicable because no inferential contrast is authorized,not applicable; descriptive categories,report literal frozen categories and counts without interval,post-hoc category merging | association claim without frozen contrast | external prevalence claim,category counts describe observed error structure only,
G3F02-0531,HE5_HIERARCHICAL_PROXIMITY,HE5 hierarchically proximate subheadings,HE5 integrated error analysis,DESCRIPTIVE_ONLY,DESCRIPTIVE,SAME_HS6,HE5_HIERARCHY_CATEGORY_COUNTS,error_count,frozen count of historical Top-1 errors in the literal hierarchy category,87,,87,count,MATERIALIZED_FROZEN_VALUE,EVAL_V02_CHAPTER_87,3ddb7a0e80d8bfa20b985655f03d6ab65470b40f0738093413909b6584aee941,1056,67,SERIE,DAM / DECLARACIÓN,outputs/evaluation/he5_integrated_error_analysis_v0.2/he5_historical_hierarchy_errors_v0.2.csv,b5bd099114e7262f316dfc846b867bec9e7f176d,a81a914548b6b1eece60222561e4b4f559b4c350f0fcec192e018f5b76667938,main=366bf529c29cb999bfd043db33674a510ba184c7; main=a33fc7e10b5bc25a053e982f0ff24ff60eda042f,outputs/evaluation/he5_integrated_error_analysis_v0.2/he5_integrated_error_matrix_v0.2.csv,e16de85def8bfca0ce0c1dd3404e824a9ee82ef5,HE5_HIERARCHICAL_PROXIMITY:error_count,none inferential; descriptive distribution of frozen hierarchy categories,not assigned,DESCRIPTIVE_ONLY,not applicable because no inferential contrast is authorized,not applicable; descriptive categories,report literal frozen categories and counts without interval,post-hoc category merging | association claim without frozen contrast | external prevalence claim,category counts describe observed error structure only,
G3F02-0532,HE5_INSUFFICIENT_HISTORICAL_PRECEDENTS,HE5 cases with insufficient historical precedents,HE5 integrated error analysis,DESCRIPTIVE_ONLY,DESCRIPTIVE,1 DAM,LITERAL_SUPPORT_BUCKETS_NO_INSUFFICIENT_THRESHOLD,Top-1,frozen Top-1 within literal support bucket 1 DAM,10,27,0.37037,proportion,MATERIALIZED_FROZEN_VALUE,EVAL_V02_CHAPTER_87,3ddb7a0e80d8bfa20b985655f03d6ab65470b40f0738093413909b6584aee941,1056,67,SERIE,DAM / DECLARACIÓN,outputs/evaluation/he5_integrated_error_analysis_v0.2/he5_historical_errors_by_support_v0.2.csv,0f70928ba83eec87c116e62cf104f505293bc092,68a5d4000bcbbc6ca72c14cd8b9abe7e2eb052865bb8b555b30042f972f4bdef,main=366bf529c29cb999bfd043db33674a510ba184c7; main=a33fc7e10b5bc25a053e982f0ff24ff60eda042f,outputs/evaluation/he5_integrated_error_analysis_v0.2/he5_integrated_error_matrix_v0.2.csv,e16de85def8bfca0ce0c1dd3404e824a9ee82ef5,HE5_INSUFFICIENT_HISTORICAL_PRECEDENTS:Top-1,none inferential; descriptive performance summaries for the four literal frozen buckets,not assigned,DESCRIPTIVE_ONLY,not applicable because no inferential contrast is authorized,not applicable; no bucket renamed insufficient,retain all four literal buckets and frozen summaries without selecting a favorable threshold,post-hoc low-support threshold | labeling any one bucket as insufficient | causal support effect,"HE5 uses the word insufficient, but no frozen threshold maps that term to a bucket",
G3F02-0533,HE5_INSUFFICIENT_HISTORICAL_PRECEDENTS,HE5 cases with insufficient historical precedents,HE5 integrated error analysis,DESCRIPTIVE_ONLY,DESCRIPTIVE,1 DAM,LITERAL_SUPPORT_BUCKETS_NO_INSUFFICIENT_THRESHOLD,Top-3,frozen Top-3 within literal support bucket 1 DAM,19,27,0.703704,proportion,MATERIALIZED_FROZEN_VALUE,EVAL_V02_CHAPTER_87,3ddb7a0e80d8bfa20b985655f03d6ab65470b40f0738093413909b6584aee941,1056,67,SERIE,DAM / DECLARACIÓN,outputs/evaluation/he5_integrated_error_analysis_v0.2/he5_historical_errors_by_support_v0.2.csv,0f70928ba83eec87c116e62cf104f505293bc092,68a5d4000bcbbc6ca72c14cd8b9abe7e2eb052865bb8b555b30042f972f4bdef,main=366bf529c29cb999bfd043db33674a510ba184c7; main=a33fc7e10b5bc25a053e982f0ff24ff60eda042f,outputs/evaluation/he5_integrated_error_analysis_v0.2/he5_integrated_error_matrix_v0.2.csv,e16de85def8bfca0ce0c1dd3404e824a9ee82ef5,HE5_INSUFFICIENT_HISTORICAL_PRECEDENTS:Top-3,none inferential; descriptive performance summaries for the four literal frozen buckets,not assigned,DESCRIPTIVE_ONLY,not applicable because no inferential contrast is authorized,not applicable; no bucket renamed insufficient,retain all four literal buckets and frozen summaries without selecting a favorable threshold,post-hoc low-support threshold | labeling any one bucket as insufficient | causal support effect,"HE5 uses the word insufficient, but no frozen threshold maps that term to a bucket",
G3F02-0534,HE5_INSUFFICIENT_HISTORICAL_PRECEDENTS,HE5 cases with insufficient historical precedents,HE5 integrated error analysis,DESCRIPTIVE_ONLY,DESCRIPTIVE,1 DAM,LITERAL_SUPPORT_BUCKETS_NO_INSUFFICIENT_THRESHOLD,MRR@100,frozen MRR@100 within literal support bucket 1 DAM,,27,0.564447,mean_reciprocal_rank,SOURCE_VALUE_MATERIALIZED_WITHOUT_NUMERATOR,EVAL_V02_CHAPTER_87,3ddb7a0e80d8bfa20b985655f03d6ab65470b40f0738093413909b6584aee941,1056,67,SERIE,DAM / DECLARACIÓN,outputs/evaluation/he5_integrated_error_analysis_v0.2/he5_historical_errors_by_support_v0.2.csv,0f70928ba83eec87c116e62cf104f505293bc092,68a5d4000bcbbc6ca72c14cd8b9abe7e2eb052865bb8b555b30042f972f4bdef,main=366bf529c29cb999bfd043db33674a510ba184c7; main=a33fc7e10b5bc25a053e982f0ff24ff60eda042f,outputs/evaluation/he5_integrated_error_analysis_v0.2/he5_integrated_error_matrix_v0.2.csv,e16de85def8bfca0ce0c1dd3404e824a9ee82ef5,HE5_INSUFFICIENT_HISTORICAL_PRECEDENTS:MRR@100,none inferential; descriptive performance summaries for the four literal frozen buckets,not assigned,DESCRIPTIVE_ONLY,not applicable because no inferential contrast is authorized,not applicable; no bucket renamed insufficient,retain all four literal buckets and frozen summaries without selecting a favorable threshold,post-hoc low-support threshold | labeling any one bucket as insufficient | causal support effect,"HE5 uses the word insufficient, but no frozen threshold maps that term to a bucket",
G3F02-0535,HE5_INSUFFICIENT_HISTORICAL_PRECEDENTS,HE5 cases with insufficient historical precedents,HE5 integrated error analysis,DESCRIPTIVE_ONLY,DESCRIPTIVE,2 DAM,LITERAL_SUPPORT_BUCKETS_NO_INSUFFICIENT_THRESHOLD,Top-1,frozen Top-1 within literal support bucket 2 DAM,1,21,0.047619,proportion,MATERIALIZED_FROZEN_VALUE,EVAL_V02_CHAPTER_87,3ddb7a0e80d8bfa20b985655f03d6ab65470b40f0738093413909b6584aee941,1056,67,SERIE,DAM / DECLARACIÓN,outputs/evaluation/he5_integrated_error_analysis_v0.2/he5_historical_errors_by_support_v0.2.csv,0f70928ba83eec87c116e62cf104f505293bc092,68a5d4000bcbbc6ca72c14cd8b9abe7e2eb052865bb8b555b30042f972f4bdef,main=366bf529c29cb999bfd043db33674a510ba184c7; main=a33fc7e10b5bc25a053e982f0ff24ff60eda042f,outputs/evaluation/he5_integrated_error_analysis_v0.2/he5_integrated_error_matrix_v0.2.csv,e16de85def8bfca0ce0c1dd3404e824a9ee82ef5,HE5_INSUFFICIENT_HISTORICAL_PRECEDENTS:Top-1,none inferential; descriptive performance summaries for the four literal frozen buckets,not assigned,DESCRIPTIVE_ONLY,not applicable because no inferential contrast is authorized,not applicable; no bucket renamed insufficient,retain all four literal buckets and frozen summaries without selecting a favorable threshold,post-hoc low-support threshold | labeling any one bucket as insufficient | causal support effect,"HE5 uses the word insufficient, but no frozen threshold maps that term to a bucket",
G3F02-0536,HE5_INSUFFICIENT_HISTORICAL_PRECEDENTS,HE5 cases with insufficient historical precedents,HE5 integrated error analysis,DESCRIPTIVE_ONLY,DESCRIPTIVE,2 DAM,LITERAL_SUPPORT_BUCKETS_NO_INSUFFICIENT_THRESHOLD,Top-3,frozen Top-3 within literal support bucket 2 DAM,4,21,0.190476,proportion,MATERIALIZED_FROZEN_VALUE,EVAL_V02_CHAPTER_87,3ddb7a0e80d8bfa20b985655f03d6ab65470b40f0738093413909b6584aee941,1056,67,SERIE,DAM / DECLARACIÓN,outputs/evaluation/he5_integrated_error_analysis_v0.2/he5_historical_errors_by_support_v0.2.csv,0f70928ba83eec87c116e62cf104f505293bc092,68a5d4000bcbbc6ca72c14cd8b9abe7e2eb052865bb8b555b30042f972f4bdef,main=366bf529c29cb999bfd043db33674a510ba184c7; main=a33fc7e10b5bc25a053e982f0ff24ff60eda042f,outputs/evaluation/he5_integrated_error_analysis_v0.2/he5_integrated_error_matrix_v0.2.csv,e16de85def8bfca0ce0c1dd3404e824a9ee82ef5,HE5_INSUFFICIENT_HISTORICAL_PRECEDENTS:Top-3,none inferential; descriptive performance summaries for the four literal frozen buckets,not assigned,DESCRIPTIVE_ONLY,not applicable because no inferential contrast is authorized,not applicable; no bucket renamed insufficient,retain all four literal buckets and frozen summaries without selecting a favorable threshold,post-hoc low-support threshold | labeling any one bucket as insufficient | causal support effect,"HE5 uses the word insufficient, but no frozen threshold maps that term to a bucket",
G3F02-0537,HE5_INSUFFICIENT_HISTORICAL_PRECEDENTS,HE5 cases with insufficient historical precedents,HE5 integrated error analysis,DESCRIPTIVE_ONLY,DESCRIPTIVE,2 DAM,LITERAL_SUPPORT_BUCKETS_NO_INSUFFICIENT_THRESHOLD,MRR@100,frozen MRR@100 within literal support bucket 2 DAM,,21,0.239384,mean_reciprocal_rank,SOURCE_VALUE_MATERIALIZED_WITHOUT_NUMERATOR,EVAL_V02_CHAPTER_87,3ddb7a0e80d8bfa20b985655f03d6ab65470b40f0738093413909b6584aee941,1056,67,SERIE,DAM / DECLARACIÓN,outputs/evaluation/he5_integrated_error_analysis_v0.2/he5_historical_errors_by_support_v0.2.csv,0f70928ba83eec87c116e62cf104f505293bc092,68a5d4000bcbbc6ca72c14cd8b9abe7e2eb052865bb8b555b30042f972f4bdef,main=366bf529c29cb999bfd043db33674a510ba184c7; main=a33fc7e10b5bc25a053e982f0ff24ff60eda042f,outputs/evaluation/he5_integrated_error_analysis_v0.2/he5_integrated_error_matrix_v0.2.csv,e16de85def8bfca0ce0c1dd3404e824a9ee82ef5,HE5_INSUFFICIENT_HISTORICAL_PRECEDENTS:MRR@100,none inferential; descriptive performance summaries for the four literal frozen buckets,not assigned,DESCRIPTIVE_ONLY,not applicable because no inferential contrast is authorized,not applicable; no bucket renamed insufficient,retain all four literal buckets and frozen summaries without selecting a favorable threshold,post-hoc low-support threshold | labeling any one bucket as insufficient | causal support effect,"HE5 uses the word insufficient, but no frozen threshold maps that term to a bucket",
G3F02-0538,HE5_INSUFFICIENT_HISTORICAL_PRECEDENTS,HE5 cases with insufficient historical precedents,HE5 integrated error analysis,DESCRIPTIVE_ONLY,DESCRIPTIVE,3-4 DAM,LITERAL_SUPPORT_BUCKETS_NO_INSUFFICIENT_THRESHOLD,Top-1,frozen Top-1 within literal support bucket 3-4 DAM,294,425,0.691765,proportion,MATERIALIZED_FROZEN_VALUE,EVAL_V02_CHAPTER_87,3ddb7a0e80d8bfa20b985655f03d6ab65470b40f0738093413909b6584aee941,1056,67,SERIE,DAM / DECLARACIÓN,outputs/evaluation/he5_integrated_error_analysis_v0.2/he5_historical_errors_by_support_v0.2.csv,0f70928ba83eec87c116e62cf104f505293bc092,68a5d4000bcbbc6ca72c14cd8b9abe7e2eb052865bb8b555b30042f972f4bdef,main=366bf529c29cb999bfd043db33674a510ba184c7; main=a33fc7e10b5bc25a053e982f0ff24ff60eda042f,outputs/evaluation/he5_integrated_error_analysis_v0.2/he5_integrated_error_matrix_v0.2.csv,e16de85def8bfca0ce0c1dd3404e824a9ee82ef5,HE5_INSUFFICIENT_HISTORICAL_PRECEDENTS:Top-1,none inferential; descriptive performance summaries for the four literal frozen buckets,not assigned,DESCRIPTIVE_ONLY,not applicable because no inferential contrast is authorized,not applicable; no bucket renamed insufficient,retain all four literal buckets and frozen summaries without selecting a favorable threshold,post-hoc low-support threshold | labeling any one bucket as insufficient | causal support effect,"HE5 uses the word insufficient, but no frozen threshold maps that term to a bucket",
G3F02-0539,HE5_INSUFFICIENT_HISTORICAL_PRECEDENTS,HE5 cases with insufficient historical precedents,HE5 integrated error analysis,DESCRIPTIVE_ONLY,DESCRIPTIVE,3-4 DAM,LITERAL_SUPPORT_BUCKETS_NO_INSUFFICIENT_THRESHOLD,Top-3,frozen Top-3 within literal support bucket 3-4 DAM,326,425,0.767059,proportion,MATERIALIZED_FROZEN_VALUE,EVAL_V02_CHAPTER_87,3ddb7a0e80d8bfa20b985655f03d6ab65470b40f0738093413909b6584aee941,1056,67,SERIE,DAM / DECLARACIÓN,outputs/evaluation/he5_integrated_error_analysis_v0.2/he5_historical_errors_by_support_v0.2.csv,0f70928ba83eec87c116e62cf104f505293bc092,68a5d4000bcbbc6ca72c14cd8b9abe7e2eb052865bb8b555b30042f972f4bdef,main=366bf529c29cb999bfd043db33674a510ba184c7; main=a33fc7e10b5bc25a053e982f0ff24ff60eda042f,outputs/evaluation/he5_integrated_error_analysis_v0.2/he5_integrated_error_matrix_v0.2.csv,e16de85def8bfca0ce0c1dd3404e824a9ee82ef5,HE5_INSUFFICIENT_HISTORICAL_PRECEDENTS:Top-3,none inferential; descriptive performance summaries for the four literal frozen buckets,not assigned,DESCRIPTIVE_ONLY,not applicable because no inferential contrast is authorized,not applicable; no bucket renamed insufficient,retain all four literal buckets and frozen summaries without selecting a favorable threshold,post-hoc low-support threshold | labeling any one bucket as insufficient | causal support effect,"HE5 uses the word insufficient, but no frozen threshold maps that term to a bucket",
G3F02-0540,HE5_INSUFFICIENT_HISTORICAL_PRECEDENTS,HE5 cases with insufficient historical precedents,HE5 integrated error analysis,DESCRIPTIVE_ONLY,DESCRIPTIVE,3-4 DAM,LITERAL_SUPPORT_BUCKETS_NO_INSUFFICIENT_THRESHOLD,MRR@100,frozen MRR@100 within literal support bucket 3-4 DAM,,425,0.760152,mean_reciprocal_rank,SOURCE_VALUE_MATERIALIZED_WITHOUT_NUMERATOR,EVAL_V02_CHAPTER_87,3ddb7a0e80d8bfa20b985655f03d6ab65470b40f0738093413909b6584aee941,1056,67,SERIE,DAM / DECLARACIÓN,outputs/evaluation/he5_integrated_error_analysis_v0.2/he5_historical_errors_by_support_v0.2.csv,0f70928ba83eec87c116e62cf104f505293bc092,68a5d4000bcbbc6ca72c14cd8b9abe7e2eb052865bb8b555b30042f972f4bdef,main=366bf529c29cb999bfd043db33674a510ba184c7; main=a33fc7e10b5bc25a053e982f0ff24ff60eda042f,outputs/evaluation/he5_integrated_error_analysis_v0.2/he5_integrated_error_matrix_v0.2.csv,e16de85def8bfca0ce0c1dd3404e824a9ee82ef5,HE5_INSUFFICIENT_HISTORICAL_PRECEDENTS:MRR@100,none inferential; descriptive performance summaries for the four literal frozen buckets,not assigned,DESCRIPTIVE_ONLY,not applicable because no inferential contrast is authorized,not applicable; no bucket renamed insufficient,retain all four literal buckets and frozen summaries without selecting a favorable threshold,post-hoc low-support threshold | labeling any one bucket as insufficient | causal support effect,"HE5 uses the word insufficient, but no frozen threshold maps that term to a bucket",
G3F02-0541,HE5_INSUFFICIENT_HISTORICAL_PRECEDENTS,HE5 cases with insufficient historical precedents,HE5 integrated error analysis,DESCRIPTIVE_ONLY,DESCRIPTIVE,5+ DAM,LITERAL_SUPPORT_BUCKETS_NO_INSUFFICIENT_THRESHOLD,Top-1,frozen Top-1 within literal support bucket 5+ DAM,233,583,0.399657,proportion,MATERIALIZED_FROZEN_VALUE,EVAL_V02_CHAPTER_87,3ddb7a0e80d8bfa20b985655f03d6ab65470b40f0738093413909b6584aee941,1056,67,SERIE,DAM / DECLARACIÓN,outputs/evaluation/he5_integrated_error_analysis_v0.2/he5_historical_errors_by_support_v0.2.csv,0f70928ba83eec87c116e62cf104f505293bc092,68a5d4000bcbbc6ca72c14cd8b9abe7e2eb052865bb8b555b30042f972f4bdef,main=366bf529c29cb999bfd043db33674a510ba184c7; main=a33fc7e10b5bc25a053e982f0ff24ff60eda042f,outputs/evaluation/he5_integrated_error_analysis_v0.2/he5_integrated_error_matrix_v0.2.csv,e16de85def8bfca0ce0c1dd3404e824a9ee82ef5,HE5_INSUFFICIENT_HISTORICAL_PRECEDENTS:Top-1,none inferential; descriptive performance summaries for the four literal frozen buckets,not assigned,DESCRIPTIVE_ONLY,not applicable because no inferential contrast is authorized,not applicable; no bucket renamed insufficient,retain all four literal buckets and frozen summaries without selecting a favorable threshold,post-hoc low-support threshold | labeling any one bucket as insufficient | causal support effect,"HE5 uses the word insufficient, but no frozen threshold maps that term to a bucket",
G3F02-0542,HE5_INSUFFICIENT_HISTORICAL_PRECEDENTS,HE5 cases with insufficient historical precedents,HE5 integrated error analysis,DESCRIPTIVE_ONLY,DESCRIPTIVE,5+ DAM,LITERAL_SUPPORT_BUCKETS_NO_INSUFFICIENT_THRESHOLD,Top-3,frozen Top-3 within literal support bucket 5+ DAM,360,583,0.617496,proportion,MATERIALIZED_FROZEN_VALUE,EVAL_V02_CHAPTER_87,3ddb7a0e80d8bfa20b985655f03d6ab65470b40f0738093413909b6584aee941,1056,67,SERIE,DAM / DECLARACIÓN,outputs/evaluation/he5_integrated_error_analysis_v0.2/he5_historical_errors_by_support_v0.2.csv,0f70928ba83eec87c116e62cf104f505293bc092,68a5d4000bcbbc6ca72c14cd8b9abe7e2eb052865bb8b555b30042f972f4bdef,main=366bf529c29cb999bfd043db33674a510ba184c7; main=a33fc7e10b5bc25a053e982f0ff24ff60eda042f,outputs/evaluation/he5_integrated_error_analysis_v0.2/he5_integrated_error_matrix_v0.2.csv,e16de85def8bfca0ce0c1dd3404e824a9ee82ef5,HE5_INSUFFICIENT_HISTORICAL_PRECEDENTS:Top-3,none inferential; descriptive performance summaries for the four literal frozen buckets,not assigned,DESCRIPTIVE_ONLY,not applicable because no inferential contrast is authorized,not applicable; no bucket renamed insufficient,retain all four literal buckets and frozen summaries without selecting a favorable threshold,post-hoc low-support threshold | labeling any one bucket as insufficient | causal support effect,"HE5 uses the word insufficient, but no frozen threshold maps that term to a bucket",
G3F02-0543,HE5_INSUFFICIENT_HISTORICAL_PRECEDENTS,HE5 cases with insufficient historical precedents,HE5 integrated error analysis,DESCRIPTIVE_ONLY,DESCRIPTIVE,5+ DAM,LITERAL_SUPPORT_BUCKETS_NO_INSUFFICIENT_THRESHOLD,MRR@100,frozen MRR@100 within literal support bucket 5+ DAM,,583,0.551697,mean_reciprocal_rank,SOURCE_VALUE_MATERIALIZED_WITHOUT_NUMERATOR,EVAL_V02_CHAPTER_87,3ddb7a0e80d8bfa20b985655f03d6ab65470b40f0738093413909b6584aee941,1056,67,SERIE,DAM / DECLARACIÓN,outputs/evaluation/he5_integrated_error_analysis_v0.2/he5_historical_errors_by_support_v0.2.csv,0f70928ba83eec87c116e62cf104f505293bc092,68a5d4000bcbbc6ca72c14cd8b9abe7e2eb052865bb8b555b30042f972f4bdef,main=366bf529c29cb999bfd043db33674a510ba184c7; main=a33fc7e10b5bc25a053e982f0ff24ff60eda042f,outputs/evaluation/he5_integrated_error_analysis_v0.2/he5_integrated_error_matrix_v0.2.csv,e16de85def8bfca0ce0c1dd3404e824a9ee82ef5,HE5_INSUFFICIENT_HISTORICAL_PRECEDENTS:MRR@100,none inferential; descriptive performance summaries for the four literal frozen buckets,not assigned,DESCRIPTIVE_ONLY,not applicable because no inferential contrast is authorized,not applicable; no bucket renamed insufficient,retain all four literal buckets and frozen summaries without selecting a favorable threshold,post-hoc low-support threshold | labeling any one bucket as insufficient | causal support effect,"HE5 uses the word insufficient, but no frozen threshold maps that term to a bucket",
G3F02-0544,HE5_INTERNAL_EVALUATION_SCOPE,HE5 validity limited to the internal evaluated set,HE5 and Group 2B reproducibility closure,DESCRIPTIVE_ONLY,DESCRIPTIVE,historical_A,HE5_COMPONENT_COVERAGE,coverage_rate,frozen evaluated_cases divided by eligible_cases as already materialized in source,1056,1056,1.0,proportion,MATERIALIZED_FROZEN_VALUE,EVAL_V02_CHAPTER_87,3ddb7a0e80d8bfa20b985655f03d6ab65470b40f0738093413909b6584aee941,1056,67,SERIE for benchmark results; repository artifact for reproducibility coverage,DAM / DECLARACIÓN for case-level evidence,outputs/evaluation/he5_integrated_error_analysis_v0.2/he5_component_coverage_v0.2.csv,56b037dc77fe4e4d83f62bf68057e16ffafc1407,390c2506a3aeb16dc2e8b0896c15ee48ab286d50d2e18e7d406115aa6008be00,main=366bf529c29cb999bfd043db33674a510ba184c7; main=a33fc7e10b5bc25a053e982f0ff24ff60eda042f,outputs/evaluation/he5_integrated_error_analysis_v0.2/he5_integrated_error_matrix_v0.2.csv,e16de85def8bfca0ce0c1dd3404e824a9ee82ef5,HE5_INTERNAL_EVALUATION_SCOPE:coverage_rate,none; validity-boundary inventory,not assigned,DESCRIPTIVE_ONLY,not applicable because no inferential contrast exists,not applicable; diagnostic scopes are not extrapolated,state the empirical scope and coverage boundaries,external generalization | population prevalence | other chapters or live deployment,offline internal evaluation cannot establish external validity,
G3F02-0545,HE5_INTERNAL_EVALUATION_SCOPE,HE5 validity limited to the internal evaluated set,HE5 and Group 2B reproducibility closure,DESCRIPTIVE_ONLY,DESCRIPTIVE,normative_B_C_D1a_E_F,HE5_COMPONENT_COVERAGE,coverage_rate,frozen evaluated_cases divided by eligible_cases as already materialized in source,1056,1056,1.0,proportion,MATERIALIZED_FROZEN_VALUE,EVAL_V02_CHAPTER_87,3ddb7a0e80d8bfa20b985655f03d6ab65470b40f0738093413909b6584aee941,1056,67,SERIE for benchmark results; repository artifact for reproducibility coverage,DAM / DECLARACIÓN for case-level evidence,outputs/evaluation/he5_integrated_error_analysis_v0.2/he5_component_coverage_v0.2.csv,56b037dc77fe4e4d83f62bf68057e16ffafc1407,390c2506a3aeb16dc2e8b0896c15ee48ab286d50d2e18e7d406115aa6008be00,main=366bf529c29cb999bfd043db33674a510ba184c7; main=a33fc7e10b5bc25a053e982f0ff24ff60eda042f,outputs/evaluation/he5_integrated_error_analysis_v0.2/he5_integrated_error_matrix_v0.2.csv,e16de85def8bfca0ce0c1dd3404e824a9ee82ef5,HE5_INTERNAL_EVALUATION_SCOPE:coverage_rate,none; validity-boundary inventory,not assigned,DESCRIPTIVE_ONLY,not applicable because no inferential contrast exists,not applicable; diagnostic scopes are not extrapolated,state the empirical scope and coverage boundaries,external generalization | population prevalence | other chapters or live deployment,offline internal evaluation cannot establish external validity,
G3F02-0546,HE5_EXPLANATION_EVIDENCE_LIMITS,"diagnostic limitation supporting HE5 interpretation, not a fifth literal proposition",HE5 integrated error analysis,DESCRIPTIVE_ONLY,DIAGNOSTIC,reranker_G,HE5_COMPONENT_COVERAGE,coverage_rate,frozen evaluated_cases divided by eligible_cases as already materialized in source,20,1056,0.018939,proportion,MATERIALIZED_FROZEN_VALUE,EVAL_V02_CHAPTER_87,3ddb7a0e80d8bfa20b985655f03d6ab65470b40f0738093413909b6584aee941,1056,67,diagnostic record; not a population estimand,sample-specific; no independence claim,outputs/evaluation/he5_integrated_error_analysis_v0.2/he5_component_coverage_v0.2.csv,56b037dc77fe4e4d83f62bf68057e16ffafc1407,390c2506a3aeb16dc2e8b0896c15ee48ab286d50d2e18e7d406115aa6008be00,main=366bf529c29cb999bfd043db33674a510ba184c7; main=a33fc7e10b5bc25a053e982f0ff24ff60eda042f,outputs/evaluation/he5_integrated_error_analysis_v0.2/he5_integrated_error_matrix_v0.2.csv,e16de85def8bfca0ce0c1dd3404e824a9ee82ef5,HE5_EXPLANATION_EVIDENCE_LIMITS:coverage_rate,none; diagnostic evidence limitation inventory,not assigned,DESCRIPTIVE_ONLY,not applicable because no inferential contrast exists,not applicable; diagnostic scopes are not extrapolated,"report scope, traceability, and missing-evidence limitations only",fifth literal HE5 proposition | population extrapolation from diagnostic samples | causal explanation claim,reranker and HE4 evidence are partial diagnostic samples,
G3F02-0547,HE5_EXPLANATION_EVIDENCE_LIMITS,"diagnostic limitation supporting HE5 interpretation, not a fifth literal proposition",HE5 integrated error analysis,DESCRIPTIVE_ONLY,DIAGNOSTIC,HE4_J_K,HE5_COMPONENT_COVERAGE,coverage_rate,frozen evaluated_cases divided by eligible_cases as already materialized in source,50,1056,0.047348,proportion,MATERIALIZED_FROZEN_VALUE,EVAL_V02_CHAPTER_87,3ddb7a0e80d8bfa20b985655f03d6ab65470b40f0738093413909b6584aee941,1056,67,diagnostic record; not a population estimand,sample-specific; no independence claim,outputs/evaluation/he5_integrated_error_analysis_v0.2/he5_component_coverage_v0.2.csv,56b037dc77fe4e4d83f62bf68057e16ffafc1407,390c2506a3aeb16dc2e8b0896c15ee48ab286d50d2e18e7d406115aa6008be00,main=366bf529c29cb999bfd043db33674a510ba184c7; main=a33fc7e10b5bc25a053e982f0ff24ff60eda042f,outputs/evaluation/he5_integrated_error_analysis_v0.2/he5_integrated_error_matrix_v0.2.csv,e16de85def8bfca0ce0c1dd3404e824a9ee82ef5,HE5_EXPLANATION_EVIDENCE_LIMITS:coverage_rate,none; diagnostic evidence limitation inventory,not assigned,DESCRIPTIVE_ONLY,not applicable because no inferential contrast exists,not applicable; diagnostic scopes are not extrapolated,"report scope, traceability, and missing-evidence limitations only",fifth literal HE5 proposition | population extrapolation from diagnostic samples | causal explanation claim,reranker and HE4 evidence are partial diagnostic samples,
G3F02-0548,EXP12_DIVERSITY,EXP12 diversity effect,EXP-12 closed original design,NOT_ESTIMABLE,NOT_ESTIMABLE,D_HIGH_D_MID_D_LOW_NOT_SELECTED,EXP12_CLOSED_WITHOUT_RETRIEVAL,diversity_effect,EXP12 diversity effect; no selected conditions or retrieval result exists,,,,not_estimable,NOT_ESTIMABLE,EXP12_NO_SELECTED_ANALYTICAL_DATASET,NOT_APPLICABLE_NO_SELECTED_EXP12_SAMPLE,0,0,none,none,outputs/audits/exp12_planning_gate_v0.4/attempt_001_forensic/exp12_feasibility_failure_diagnostic_v0.1.json,95bbbe549cac517639a2f004660488c902aafbe4,848203b81cc7ff287657f871924216b6b91678456dcace77f9e375c7b20975d9,main=366bf529c29cb999bfd043db33674a510ba184c7; main=a33fc7e10b5bc25a053e982f0ff24ff60eda042f,,,EXP12_DIVERSITY:diversity_effect,not estimable,not assigned,NOT_ESTIMABLE,not applicable because the estimand is not estimable,not applicable,none under the closed design,reopening EXP12 | candidate generation | retrieval | post-hoc threshold or seed change,original EXP12 design closed before condition selection and retrieval,EXP12_RETRIEVAL=NOT_AUTHORIZED / NOT_EXECUTED; D_HIGH_D_MID_D_LOW=NOT_SELECTED
